[23:56:57] [SERIAL TX] cmd=0x10 len=0 frame=AA55100057
[23:56:58] [SERIAL TX] cmd=0x09 len=1 frame=AA5509010128
[23:56:58] [SERIAL TX] cmd=0x11 len=0 frame=AA55110042
[00:05:04] [SERIAL TX] cmd=0x10 len=0 frame=AA55100057
[00:05:04] [SERIAL RX] Frame OK cmd=0x82 plen=1 payload=10
[00:05:04] [SERIAL TX] cmd=0x09 len=1 frame=AA5509010128
[00:05:04] [SERIAL RX] Frame OK cmd=0x82 plen=1 payload=09
[00:05:04] [SERIAL TX] cmd=0x05 len=2 frame=AA55050201008D
[00:05:04] [SERIAL RX] Frame OK cmd=0x82 plen=1 payload=05
[00:05:04] [SERIAL TX] cmd=0x19 len=0 frame=AA551900EA
[00:05:04] [SERIAL RX] Frame OK cmd=0x97 plen=207 payload=03000000C842CDCC...
[00:05:05] [SERIAL RX] Frame OK cmd=0x91 plen=125 payload=0001000101000004...
[00:05:05] [SERIAL RX] Frame OK cmd=0x94 plen=68 payload=0200000101000000...
[00:05:05] [SERIAL RX] Frame OK cmd=0x93 plen=50 payload=0000000000000000...
[00:05:06] [SERIAL RX] Frame OK cmd=0x91 plen=125 payload=0101000101000004...
[00:05:06] [SERIAL RX] Frame OK cmd=0x94 plen=68 payload=0200000101000000...
[00:05:06] [SERIAL RX] Frame OK cmd=0x93 plen=50 payload=0000000000000000...
[00:05:07] [SERIAL RX] Frame OK cmd=0x91 plen=125 payload=0201000101000004...
[00:05:07] [SERIAL RX] Frame OK cmd=0x94 plen=68 payload=0200000101000000...
[00:05:07] [SERIAL RX] Frame OK cmd=0x93 plen=50 payload=0000000000000000...
[00:05:08] [SERIAL RX] Frame OK cmd=0x91 plen=125 payload=0301000101000006...
[00:05:08] [SERIAL RX] Frame OK cmd=0x94 plen=68 payload=0200000101000000...
[00:05:08] [SERIAL RX] Frame OK cmd=0x93 plen=50 payload=0000000000000000...
[00:05:09] [SERIAL RX] Frame OK cmd=0x91 plen=125 payload=0401000101000006...
[00:05:09] [SERIAL RX] Frame OK cmd=0x94 plen=68 payload=0200000101000000...
[00:05:09] [SERIAL RX] Frame OK cmd=0x93 plen=50 payload=0000000000000000...
[00:05:10] [SERIAL RX] Frame OK cmd=0x91 plen=125 payload=0501000101000006...
[00:05:10] [SERIAL RX] Frame OK cmd=0x94 plen=68 payload=0200000101000000...
[00:05:10] [SERIAL RX] Frame OK cmd=0x93 plen=50 payload=0000000000000000...
[00:05:11] [SERIAL RX] Frame OK cmd=0x91 plen=125 payload=0601000101000006...
[00:05:11] [SERIAL RX] Frame OK cmd=0x94 plen=68 payload=0200000101000000...
[00:05:11] [SERIAL RX] Frame OK cmd=0x93 plen=50 payload=0000000000000000...
[00:05:12] [SERIAL RX] Frame OK cmd=0x91 plen=125 payload=0701000101000006...
[00:05:12] [SERIAL RX] Frame OK cmd=0x94 plen=68 payload=0200000101000000...
[00:05:12] [SERIAL RX] Frame OK cmd=0x93 plen=50 payload=0000000000000000...
[00:05:13] [SERIAL RX] Frame OK cmd=0x91 plen=125 payload=0801000101000006...
[00:05:13] [SERIAL RX] Frame OK cmd=0x94 plen=68 payload=0200000101000000...
[00:05:13] [SERIAL RX] Frame OK cmd=0x93 plen=50 payload=0000000000000000...
[00:05:14] [SERIAL RX] Frame OK cmd=0x91 plen=125 payload=0901000101000006...
[00:05:14] [SERIAL RX] Frame OK cmd=0x94 plen=68 payload=0200000101000000...
[00:05:14] [SERIAL RX] Frame OK cmd=0x93 plen=50 payload=0000000000000000...
[00:05:15] [SERIAL RX] Frame OK cmd=0x91 plen=125 payload=0A01000101000006...
[00:05:15] [SERIAL RX] Frame OK cmd=0x94 plen=68 payload=0200000101000000...
[00:05:15] [SERIAL RX] Frame OK cmd=0x93 plen=50 payload=0000000000000000...
[00:05:16] [SERIAL RX] Frame OK cmd=0x91 plen=125 payload=0B01000101000006...
[00:05:16] [SERIAL RX] Frame OK cmd=0x94 plen=68 payload=0200000101000000...
[00:05:16] [SERIAL RX] Frame OK cmd=0x93 plen=50 payload=0000000000000000...
[00:05:17] [SERIAL RX] Frame OK cmd=0x91 plen=125 payload=0C01000101000006...
[00:05:17] [SERIAL RX] Frame OK cmd=0x94 plen=68 payload=0200000101000000...
[00:05:17] [SERIAL RX] Frame OK cmd=0x93 plen=50 payload=0000000000000000...
[00:05:18] [SERIAL RX] Frame OK cmd=0x91 plen=125 payload=0D01000101000006...
[00:05:18] [SERIAL RX] Frame OK cmd=0x94 plen=68 payload=0200000101000000...
[00:05:18] [SERIAL RX] Frame OK cmd=0x93 plen=50 payload=0000000000000000...
[00:05:19] [SERIAL RX] Frame OK cmd=0x91 plen=125 payload=0E01000101000006...
[00:05:19] [SERIAL RX] Frame OK cmd=0x94 plen=68 payload=0200000101000000...
[00:05:19] [SERIAL RX] Frame OK cmd=0x93 plen=50 payload=0000000000000000...
[00:05:20] [SERIAL RX] Frame OK cmd=0x91 plen=125 payload=0F01000101000006...
[00:05:20] [SERIAL RX] Frame OK cmd=0x94 plen=68 payload=0200000101000000...
[00:05:20] [SERIAL RX] Frame OK cmd=0x93 plen=50 payload=0000000000000000...
[00:05:21] [SERIAL RX] Frame OK cmd=0x91 plen=125 payload=1001000101000006...
[00:05:21] [SERIAL RX] Frame OK cmd=0x94 plen=68 payload=0200000101000000...
[00:05:21] [SERIAL RX] Frame OK cmd=0x93 plen=50 payload=0000000000000000...
[00:05:22] [SERIAL RX] Frame OK cmd=0x91 plen=125 payload=1101000101000006...
[00:05:22] [SERIAL RX] Frame OK cmd=0x94 plen=68 payload=0200000101000000...
[00:05:22] [SERIAL RX] Frame OK cmd=0x93 plen=50 payload=0000000000000000...
[00:05:23] [SERIAL RX] Frame OK cmd=0x91 plen=125 payload=1201000101000006...
[00:05:23] [SERIAL RX] Frame OK cmd=0x94 plen=68 payload=0200000101000000...
[00:05:23] [SERIAL RX] Frame OK cmd=0x93 plen=50 payload=0000000000000000...
[00:05:24] [SERIAL RX] Frame OK cmd=0x91 plen=125 payload=1301000101000006...
[00:05:24] [SERIAL RX] Frame OK cmd=0x94 plen=68 payload=0200000101000000...
[00:05:24] [SERIAL RX] Frame OK cmd=0x93 plen=50 payload=0000000000000000...
[00:05:25] [SERIAL RX] Frame OK cmd=0x91 plen=125 payload=1401000101000006...
[00:05:25] [SERIAL RX] Frame OK cmd=0x94 plen=68 payload=0200000101000000...
[00:05:25] [SERIAL RX] Frame OK cmd=0x93 plen=50 payload=0000000000000000...
[00:05:26] [SERIAL RX] Frame OK cmd=0x91 plen=125 payload=1501000101000006...
[00:05:26] [SERIAL RX] Frame OK cmd=0x94 plen=68 payload=0200000101000000...
[00:05:26] [SERIAL RX] Frame OK cmd=0x93 plen=50 payload=0000000000000000...
[00:05:27] [SERIAL RX] Frame OK cmd=0x91 plen=125 payload=1601000101000006...
[00:05:27] [SERIAL RX] Frame OK cmd=0x94 plen=68 payload=0200000101000000...
[00:05:27] [SERIAL RX] Frame OK cmd=0x93 plen=50 payload=0000000000000000...
[00:05:28] [SERIAL RX] Frame OK cmd=0x91 plen=125 payload=1701000101000006...
[00:05:28] [SERIAL RX] Frame OK cmd=0x94 plen=68 payload=0200000101000000...
[00:05:28] [SERIAL RX] Frame OK cmd=0x93 plen=50 payload=0000000000000000...
[00:05:29] [SERIAL RX] Frame OK cmd=0x91 plen=125 payload=1801000101000006...
[00:05:29] [SERIAL RX] Frame OK cmd=0x94 plen=68 payload=0200000101000000...
[00:05:29] [SERIAL RX] Frame OK cmd=0x93 plen=50 payload=0000000000000000...
[00:05:30] [SERIAL RX] Frame OK cmd=0x91 plen=125 payload=1901000101000006...
[00:05:30] [SERIAL RX] Frame OK cmd=0x94 plen=68 payload=0200000101000000...
[00:05:30] [SERIAL RX] Frame OK cmd=0x93 plen=50 payload=0000000000000000...
[00:05:31] [SERIAL RX] Frame OK cmd=0x91 plen=125 payload=1A01000101000006...
[00:05:31] [SERIAL RX] Frame OK cmd=0x94 plen=68 payload=0200000101000000...
[00:05:31] [SERIAL RX] Frame OK cmd=0x93 plen=50 payload=0000000000000000...
[00:05:32] [SERIAL RX] Frame OK cmd=0x91 plen=125 payload=1B01000101000006...
[00:05:32] [SERIAL RX] Frame OK cmd=0x94 plen=68 payload=0200000101000000...
[00:05:32] [SERIAL RX] Frame OK cmd=0x93 plen=50 payload=0000000000000000...
[00:05:33] [SERIAL RX] Frame OK cmd=0x91 plen=125 payload=1C01000101000006...
[00:05:33] [SERIAL RX] Frame OK cmd=0x94 plen=68 payload=0200000101000000...
[00:05:33] [SERIAL RX] Frame OK cmd=0x93 plen=50 payload=0000000000000000...
[00:05:34] [SERIAL RX] Frame OK cmd=0x91 plen=125 payload=1D01000101000006...
[00:05:34] [SERIAL RX] Frame OK cmd=0x94 plen=68 payload=0200000101000000...
[00:05:34] [SERIAL RX] Frame OK cmd=0x93 plen=50 payload=0000000000000000...
[00:05:35] [SERIAL RX] Frame OK cmd=0x91 plen=125 payload=1E01000101000006...
[00:05:35] [SERIAL RX] Frame OK cmd=0x94 plen=68 payload=0200000101000000...
[00:05:35] [SERIAL RX] Frame OK cmd=0x93 plen=50 payload=0000000000000000...
[00:05:36] [SERIAL RX] Frame OK cmd=0x91 plen=125 payload=1F01000101000006...
[00:05:36] [SERIAL RX] Frame OK cmd=0x94 plen=68 payload=0200000101000000...
[00:05:36] [SERIAL RX] Frame OK cmd=0x93 plen=50 payload=0000000000000000...
[00:05:37] [SERIAL RX] Frame OK cmd=0x91 plen=125 payload=2001000101000006...
[00:05:37] [SERIAL RX] Frame OK cmd=0x94 plen=68 payload=0200000101000000...
[00:05:37] [SERIAL RX] Frame OK cmd=0x93 plen=50 payload=020101006726CE43...
[00:05:38] [SERIAL RX] Frame OK cmd=0x91 plen=125 payload=2101000101000006...
[00:05:38] [SERIAL RX] Frame OK cmd=0x94 plen=68 payload=0200000101000000...
[00:05:38] [SERIAL RX] Frame OK cmd=0x93 plen=50 payload=020101006726CE43...
[00:05:39] [SERIAL RX] Frame OK cmd=0x91 plen=125 payload=2201000101000006...
[00:05:39] [SERIAL RX] Frame OK cmd=0x94 plen=68 payload=0200000101000000...
[00:05:39] [SERIAL RX] Frame OK cmd=0x93 plen=50 payload=020101006726CE43...
[00:05:40] [SERIAL RX] Frame OK cmd=0x91 plen=125 payload=2301000101000006...
[00:05:40] [SERIAL RX] Frame OK cmd=0x94 plen=68 payload=0200000101000000...
[00:05:40] [SERIAL RX] Frame OK cmd=0x93 plen=50 payload=020101006726CE43...
[00:05:41] [SERIAL RX] Frame OK cmd=0x91 plen=125 payload=2401000101000006...
[00:05:41] [SERIAL RX] Frame OK cmd=0x94 plen=68 payload=0200000101000000...
[00:05:41] [SERIAL RX] Frame OK cmd=0x93 plen=50 payload=020101006726CE43...
[00:05:42] [SERIAL RX] Frame OK cmd=0x91 plen=125 payload=2501000101000006...
[00:05:42] [SERIAL RX] Frame OK cmd=0x94 plen=68 payload=0200000101000000...
[00:05:42] [SERIAL RX] Frame OK cmd=0x93 plen=50 payload=020101006726CE43...
[00:05:43] [SERIAL RX] Frame OK cmd=0x91 plen=125 payload=2601000101000006...
[00:05:43] [SERIAL RX] Frame OK cmd=0x94 plen=68 payload=0200000101000000...
[00:05:43] [SERIAL RX] Frame OK cmd=0x93 plen=50 payload=020101006726CE43...
[00:05:44] [SERIAL RX] Frame OK cmd=0x91 plen=125 payload=2701000101000006...
[00:05:44] [SERIAL RX] Frame OK cmd=0x94 plen=68 payload=0200000101000000...
[00:05:44] [SERIAL RX] Frame OK cmd=0x93 plen=50 payload=020101006726CE43...
[00:05:45] [SERIAL RX] Frame OK cmd=0x91 plen=125 payload=2801000101000006...
[00:05:45] [SERIAL RX] Frame OK cmd=0x94 plen=68 payload=0200000101000000...
[00:05:45] [SERIAL RX] Frame OK cmd=0x93 plen=50 payload=020101006726CE43...
[00:05:46] [SERIAL RX] Frame OK cmd=0x91 plen=125 payload=2901000101000006...
[00:05:46] [SERIAL RX] Frame OK cmd=0x94 plen=68 payload=0200000101000000...
[00:05:46] [SERIAL RX] Frame OK cmd=0x93 plen=50 payload=020101006726CE43...
[00:05:47] [SERIAL RX] Frame OK cmd=0x91 plen=125 payload=2A01000101000006...
[00:05:47] [SERIAL RX] Frame OK cmd=0x94 plen=68 payload=0200000101000000...
[00:05:47] [SERIAL RX] Frame OK cmd=0x93 plen=50 payload=020101006726CE43...
[00:05:48] [SERIAL RX] Frame OK cmd=0x91 plen=125 payload=2B01000101000006...
[00:05:48] [SERIAL RX] Frame OK cmd=0x94 plen=68 payload=0200000101000000...
[00:05:48] [SERIAL RX] Frame OK cmd=0x93 plen=50 payload=020101006726CE43...
[00:05:49] [SERIAL RX] Frame OK cmd=0x91 plen=125 payload=2C01000101000006...
[00:05:49] [SERIAL RX] Frame OK cmd=0x94 plen=68 payload=0200000101000000...
[00:05:49] [SERIAL RX] Frame OK cmd=0x93 plen=50 payload=020101006726CE43...
[00:05:50] [SERIAL RX] Frame OK cmd=0x91 plen=125 payload=2D01000101000006...
[00:05:50] [SERIAL RX] Frame OK cmd=0x94 plen=68 payload=0200000101000000...
[00:05:50] [SERIAL RX] Frame OK cmd=0x93 plen=50 payload=020101006726CE43...
[00:05:51] [SERIAL RX] Frame OK cmd=0x91 plen=125 payload=2E01000101000006...
[00:05:51] [SERIAL RX] Frame OK cmd=0x94 plen=68 payload=0200000101000000...
[00:05:51] [SERIAL RX] Frame OK cmd=0x93 plen=50 payload=020101006726CE43...
[00:05:52] [SERIAL RX] Frame OK cmd=0x91 plen=125 payload=2F01000101000006...
[00:05:52] [SERIAL RX] Frame OK cmd=0x94 plen=68 payload=0200000101000000...
[00:05:52] [SERIAL RX] Frame OK cmd=0x93 plen=50 payload=020101006726CE43...
[00:05:53] [SERIAL RX] Frame OK cmd=0x91 plen=125 payload=3001000101000006...
[00:05:53] [SERIAL RX] Frame OK cmd=0x94 plen=68 payload=0200000101000000...
[00:05:53] [SERIAL RX] Frame OK cmd=0x93 plen=50 payload=020101006726CE43...
[00:05:54] [SERIAL RX] Frame OK cmd=0x91 plen=125 payload=3101000101000006...
[00:05:54] [SERIAL RX] Frame OK cmd=0x94 plen=68 payload=0200000101000000...
[00:05:54] [SERIAL RX] Frame OK cmd=0x93 plen=50 payload=020101006726CE43...
[00:05:55] [SERIAL RX] Frame OK cmd=0x91 plen=125 payload=3201000101000006...
[00:05:55] [SERIAL RX] Frame OK cmd=0x94 plen=68 payload=0200000101000000...
[00:05:55] [SERIAL RX] Frame OK cmd=0x93 plen=50 payload=020101006726CE43...
[00:05:56] [SERIAL RX] Frame OK cmd=0x91 plen=125 payload=3301000101000006...
[00:05:56] [SERIAL RX] Frame OK cmd=0x94 plen=68 payload=0200000101000000...
[00:05:56] [SERIAL RX] Frame OK cmd=0x93 plen=50 payload=020101006726CE43...
[00:05:57] [SERIAL RX] Frame OK cmd=0x91 plen=125 payload=3401000101000006...
[00:05:57] [SERIAL RX] Frame OK cmd=0x94 plen=68 payload=0200000101000000...
[00:05:57] [SERIAL RX] Frame OK cmd=0x93 plen=50 payload=020101006726CE43...
[00:05:58] [SERIAL RX] Frame OK cmd=0x91 plen=125 payload=3501000101000006...
[00:05:58] [SERIAL RX] Frame OK cmd=0x94 plen=68 payload=0200000101000000...
[00:05:58] [SERIAL RX] Frame OK cmd=0x93 plen=50 payload=020101006726CE43...
[00:05:59] [SERIAL RX] Frame OK cmd=0x91 plen=125 payload=3601000101000006...
[00:05:59] [SERIAL RX] Frame OK cmd=0x94 plen=68 payload=0200000101000000...
[00:05:59] [SERIAL RX] Frame OK cmd=0x93 plen=50 payload=020101006726CE43...
[00:06:00] [SERIAL RX] Frame OK cmd=0x91 plen=125 payload=3701000101000006...
[00:06:00] [SERIAL RX] Frame OK cmd=0x94 plen=68 payload=0200000101000000...
[00:06:00] [SERIAL RX] Frame OK cmd=0x93 plen=50 payload=020101006726CE43...
[00:06:01] [SERIAL RX] Frame OK cmd=0x91 plen=125 payload=3801000101000006...
[00:06:01] [SERIAL RX] Frame OK cmd=0x94 plen=68 payload=0200000101000000...
[00:06:01] [SERIAL RX] Frame OK cmd=0x93 plen=50 payload=020101006726CE43...
[00:06:02] [SERIAL RX] Frame OK cmd=0x91 plen=125 payload=3901000101000006...
[00:06:02] [SERIAL RX] Frame OK cmd=0x94 plen=68 payload=0200000101000000...
[00:06:02] [SERIAL RX] Frame OK cmd=0x93 plen=50 payload=020101006726CE43...
[00:06:03] [SERIAL RX] Frame OK cmd=0x91 plen=125 payload=3A01000101000006...
[00:06:03] [SERIAL RX] Frame OK cmd=0x94 plen=68 payload=0200000101000000...
[00:06:03] [SERIAL RX] Frame OK cmd=0x93 plen=50 payload=020101006726CE43...
[00:06:04] [SERIAL RX] Frame OK cmd=0x91 plen=125 payload=3B01000101000006...
[00:06:04] [SERIAL RX] Frame OK cmd=0x94 plen=68 payload=0200000101000000...
[00:06:04] [SERIAL RX] Frame OK cmd=0x93 plen=50 payload=020101006726CE43...
[00:06:05] [SERIAL RX] Frame OK cmd=0x91 plen=125 payload=3C01000101000006...
[00:06:05] [SERIAL RX] Frame OK cmd=0x94 plen=68 payload=0200000101000000...
[00:06:05] [SERIAL RX] Frame OK cmd=0x93 plen=50 payload=020101006726CE43...
[00:06:06] [SERIAL RX] Frame OK cmd=0x91 plen=125 payload=3D01000101000006...
[00:06:06] [SERIAL RX] Frame OK cmd=0x94 plen=68 payload=0200000101000000...
[00:06:06] [SERIAL RX] Frame OK cmd=0x93 plen=50 payload=020101006726CE43...
[00:06:07] [SERIAL RX] Frame OK cmd=0x91 plen=125 payload=3E01000101000006...
[00:06:07] [SERIAL RX] Frame OK cmd=0x94 plen=68 payload=0200000101000000...
[00:06:07] [SERIAL RX] Frame OK cmd=0x93 plen=50 payload=020101006726CE43...
[00:06:08] [SERIAL RX] Frame OK cmd=0x91 plen=125 payload=3F01000101000006...
[00:06:08] [SERIAL RX] Frame OK cmd=0x94 plen=68 payload=0200000101000000...
[00:06:08] [SERIAL RX] Frame OK cmd=0x93 plen=50 payload=020101006726CE43...
[00:06:09] [SERIAL RX] Frame OK cmd=0x91 plen=125 payload=4001000101000006...
[00:06:09] [SERIAL RX] Frame OK cmd=0x94 plen=68 payload=0200000101000000...
[00:06:09] [SERIAL RX] Frame OK cmd=0x93 plen=50 payload=020101006726CE43...
[00:06:10] [SERIAL RX] Frame OK cmd=0x91 plen=125 payload=4101000101000006...
[00:06:10] [SERIAL RX] Frame OK cmd=0x94 plen=68 payload=0200000101000000...
[00:06:10] [SERIAL RX] Frame OK cmd=0x93 plen=50 payload=020101006726CE43...
[00:06:11] [SERIAL RX] Frame OK cmd=0x91 plen=125 payload=4201000101000006...
[00:06:11] [SERIAL RX] Frame OK cmd=0x94 plen=68 payload=0200000101000000...
[00:06:11] [SERIAL RX] Frame OK cmd=0x93 plen=50 payload=020101006726CE43...
[00:06:12] [SERIAL RX] Frame OK cmd=0x91 plen=125 payload=4301000101000006...
[00:06:12] [SERIAL RX] Frame OK cmd=0x94 plen=68 payload=0200000101000000...
[00:06:12] [SERIAL RX] Frame OK cmd=0x93 plen=50 payload=020101006726CE43...
[00:06:13] [SERIAL RX] Frame OK cmd=0x91 plen=125 payload=4401000101000006...
[00:06:13] [SERIAL RX] Frame OK cmd=0x94 plen=68 payload=0200000101000000...
[00:06:13] [SERIAL RX] Frame OK cmd=0x93 plen=50 payload=020101006726CE43...
[00:06:14] [SERIAL RX] Frame OK cmd=0x91 plen=125 payload=4501000101000006...
[00:06:14] [SERIAL RX] Frame OK cmd=0x94 plen=68 payload=0200000101000000...
[00:06:14] [SERIAL RX] Frame OK cmd=0x93 plen=50 payload=020101006726CE43...
[00:06:15] [SERIAL RX] Frame OK cmd=0x91 plen=125 payload=4601000101000006...
[00:06:15] [SERIAL RX] Frame OK cmd=0x94 plen=68 payload=0200000101000000...
[00:06:15] [SERIAL RX] Frame OK cmd=0x93 plen=50 payload=020101006726CE43...
[00:06:16] [SERIAL RX] Frame OK cmd=0x91 plen=125 payload=4701000101000006...
[00:06:16] [SERIAL RX] Frame OK cmd=0x94 plen=68 payload=0200000101000000...
[00:06:16] [SERIAL RX] Frame OK cmd=0x93 plen=50 payload=020101006726CE43...
[00:06:17] [SERIAL RX] Frame OK cmd=0x91 plen=125 payload=4801000101000006...
[00:06:17] [SERIAL RX] Frame OK cmd=0x94 plen=68 payload=0200000101000000...
[00:06:17] [SERIAL RX] Frame OK cmd=0x93 plen=50 payload=020101006726CE43...
[00:06:18] [SERIAL RX] Frame OK cmd=0x91 plen=125 payload=4901000101000006...
[00:06:18] [SERIAL RX] Frame OK cmd=0x94 plen=68 payload=0200000101000000...
[00:06:18] [SERIAL RX] Frame OK cmd=0x93 plen=50 payload=020101006726CE43...
[00:06:19] [SERIAL RX] Frame OK cmd=0x91 plen=125 payload=4A01000101000006...
[00:06:19] [SERIAL RX] Frame OK cmd=0x94 plen=68 payload=0200000101000000...
[00:06:19] [SERIAL RX] Frame OK cmd=0x93 plen=50 payload=020101006726CE43...
[00:06:20] [SERIAL RX] Frame OK cmd=0x91 plen=125 payload=4B01000101000006...
[00:06:20] [SERIAL RX] Frame OK cmd=0x94 plen=68 payload=0200000101000000...
[00:06:20] [SERIAL RX] Frame OK cmd=0x93 plen=50 payload=020101006726CE43...
[00:06:21] [SERIAL RX] Frame OK cmd=0x91 plen=125 payload=4C01000101000006...
[00:06:21] [SERIAL RX] Frame OK cmd=0x94 plen=68 payload=0200000101000000...
[00:06:21] [SERIAL RX] Frame OK cmd=0x93 plen=50 payload=020101006726CE43...
[00:06:22] [SERIAL RX] Frame OK cmd=0x91 plen=125 payload=4D01000101000006...
[00:06:22] [SERIAL RX] Frame OK cmd=0x94 plen=68 payload=0200000101000000...
[00:06:22] [SERIAL RX] Frame OK cmd=0x93 plen=50 payload=020101006726CE43...
[00:06:23] [SERIAL RX] Frame OK cmd=0x91 plen=125 payload=4E01000101000006...
[00:06:23] [SERIAL RX] Frame OK cmd=0x94 plen=68 payload=0200000101000000...
[00:06:23] [SERIAL RX] Frame OK cmd=0x93 plen=50 payload=020101006726CE43...
[00:06:24] [SERIAL RX] Frame OK cmd=0x91 plen=125 payload=4F01000101000006...
[00:06:24] [SERIAL RX] Frame OK cmd=0x94 plen=68 payload=0200000101000000...
[00:06:24] [SERIAL RX] Frame OK cmd=0x93 plen=50 payload=020101006726CE43...
[00:06:25] [SERIAL RX] Frame OK cmd=0x91 plen=125 payload=5001000101000006...
[00:06:25] [SERIAL RX] Frame OK cmd=0x94 plen=68 payload=0200000101000000...
[00:06:25] [SERIAL RX] Frame OK cmd=0x93 plen=50 payload=020101006726CE43...
[00:06:26] [SERIAL RX] Frame OK cmd=0x91 plen=125 payload=5101000101000006...
[00:06:26] [SERIAL RX] Frame OK cmd=0x94 plen=68 payload=0200000101000000...
[00:06:26] [SERIAL RX] Frame OK cmd=0x93 plen=50 payload=020101006726CE43...
[00:06:27] [SERIAL RX] Frame OK cmd=0x91 plen=125 payload=5201000101000006...
[00:06:27] [SERIAL RX] Frame OK cmd=0x94 plen=68 payload=0200000101000000...
[00:06:27] [SERIAL RX] Frame OK cmd=0x93 plen=50 payload=020101006726CE43...
[00:06:28] [SERIAL RX] Frame OK cmd=0x91 plen=125 payload=5301000101000006...
[00:06:28] [SERIAL RX] Frame OK cmd=0x94 plen=68 payload=0200000101000000...
[00:06:28] [SERIAL RX] Frame OK cmd=0x93 plen=50 payload=020101006726CE43...
[00:06:29] [SERIAL RX] Frame OK cmd=0x91 plen=125 payload=5401000101000006...
[00:06:29] [SERIAL RX] Frame OK cmd=0x94 plen=68 payload=0200000101000000...
[00:06:29] [SERIAL RX] Frame OK cmd=0x93 plen=50 payload=020101006726CE43...
[00:06:30] [SERIAL RX] Frame OK cmd=0x91 plen=125 payload=5501000101000006...
[00:06:30] [SERIAL RX] Frame OK cmd=0x94 plen=68 payload=0200000101000000...
[00:06:30] [SERIAL RX] Frame OK cmd=0x93 plen=50 payload=020101006726CE43...
[00:06:31] [SERIAL RX] Frame OK cmd=0x91 plen=125 payload=5601000101000006...
[00:06:31] [SERIAL RX] Frame OK cmd=0x94 plen=68 payload=0200000101000000...
[00:06:31] [SERIAL RX] Frame OK cmd=0x93 plen=50 payload=020101006726CE43...
[00:06:32] [SERIAL RX] Frame OK cmd=0x91 plen=125 payload=5701000101000006...
[00:06:32] [SERIAL RX] Frame OK cmd=0x94 plen=68 payload=0200000101000000...
[00:06:32] [SERIAL RX] Frame OK cmd=0x93 plen=50 payload=020101006726CE43...
[00:06:33] [SERIAL RX] Frame OK cmd=0x91 plen=125 payload=5801000101000006...
[00:06:33] [SERIAL RX] Frame OK cmd=0x94 plen=68 payload=0200000101000000...
[00:06:33] [SERIAL RX] Frame OK cmd=0x93 plen=50 payload=020101006726CE43...
[00:06:34] [SERIAL RX] Frame OK cmd=0x91 plen=125 payload=5901000101000006...
[00:06:34] [SERIAL RX] Frame OK cmd=0x94 plen=68 payload=0200000101000000...
[00:06:34] [SERIAL RX] Frame OK cmd=0x93 plen=50 payload=020101006726CE43...
[00:06:35] [SERIAL RX] Frame OK cmd=0x91 plen=125 payload=5A01000101000006...
[00:06:35] [SERIAL RX] Frame OK cmd=0x94 plen=68 payload=0200000101000000...
[00:06:35] [SERIAL RX] Frame OK cmd=0x93 plen=50 payload=020101006726CE43...
[00:06:36] [SERIAL RX] Frame OK cmd=0x91 plen=125 payload=5B01000101000006...
[00:06:36] [SERIAL RX] Frame OK cmd=0x94 plen=68 payload=0200000101000000...
[00:06:36] [SERIAL RX] Frame OK cmd=0x93 plen=50 payload=020101006726CE43...
[00:06:37] [SERIAL RX] Frame OK cmd=0x91 plen=125 payload=5C01000101000006...
[00:06:37] [SERIAL RX] Frame OK cmd=0x94 plen=68 payload=0200000101000000...
[00:06:37] [SERIAL RX] Frame OK cmd=0x93 plen=50 payload=020101006726CE43...
[00:06:38] [SERIAL RX] Frame OK cmd=0x91 plen=125 payload=5D01000101000006...
[00:06:38] [SERIAL RX] Frame OK cmd=0x94 plen=68 payload=0200000101000000...
[00:06:38] [SERIAL RX] Frame OK cmd=0x93 plen=50 payload=020101006726CE43...
[00:06:39] [SERIAL RX] Frame OK cmd=0x91 plen=125 payload=5E01000101000006...
[00:06:39] [SERIAL RX] Frame OK cmd=0x94 plen=68 payload=0200000101000000...
[00:06:39] [SERIAL RX] Frame OK cmd=0x93 plen=50 payload=020101006726CE43...
[00:06:40] [SERIAL RX] Frame OK cmd=0x91 plen=125 payload=5F01000101000006...
[00:06:40] [SERIAL RX] Frame OK cmd=0x94 plen=68 payload=0200000101000000...
[00:06:40] [SERIAL RX] Frame OK cmd=0x93 plen=50 payload=020101006726CE43...
[00:06:41] [SERIAL RX] Frame OK cmd=0x91 plen=125 payload=6001000101000006...
[00:06:41] [SERIAL RX] Frame OK cmd=0x94 plen=68 payload=0200000101000000...
[00:06:41] [SERIAL RX] Frame OK cmd=0x93 plen=50 payload=020101006726CE43...
[00:06:42] [SERIAL RX] Frame OK cmd=0x91 plen=125 payload=6101000101000006...
[00:06:42] [SERIAL RX] Frame OK cmd=0x94 plen=68 payload=0200000101000000...
[00:06:42] [SERIAL RX] Frame OK cmd=0x93 plen=50 payload=020101006726CE43...
[00:06:43] [SERIAL RX] Frame OK cmd=0x91 plen=125 payload=6201000101000006...
[00:06:43] [SERIAL RX] Frame OK cmd=0x94 plen=68 payload=0200000101000000...
[00:06:43] [SERIAL RX] Frame OK cmd=0x93 plen=50 payload=020101006726CE43...
[00:06:44] [SERIAL RX] Frame OK cmd=0x91 plen=125 payload=6301000101000006...
[00:06:44] [SERIAL RX] Frame OK cmd=0x94 plen=68 payload=0200000101000000...
[00:06:44] [SERIAL RX] Frame OK cmd=0x93 plen=50 payload=020101006726CE43...
[00:06:45] [SERIAL RX] Frame OK cmd=0x91 plen=125 payload=6401000101000006...
[00:06:45] [SERIAL RX] Frame OK cmd=0x94 plen=68 payload=0200000101000000...
[00:06:45] [SERIAL RX] Frame OK cmd=0x93 plen=50 payload=020101006726CE43...
[00:06:46] [SERIAL RX] Frame OK cmd=0x91 plen=125 payload=6501000101000006...
[00:06:46] [SERIAL RX] Frame OK cmd=0x94 plen=68 payload=0200000101000000...
[00:06:46] [SERIAL RX] Frame OK cmd=0x93 plen=50 payload=020101006726CE43...
[00:06:47] [SERIAL RX] Frame OK cmd=0x91 plen=125 payload=6601000101000006...
[00:06:47] [SERIAL RX] Frame OK cmd=0x94 plen=68 payload=0200000101000000...
[00:06:47] [SERIAL RX] Frame OK cmd=0x93 plen=50 payload=020101006726CE43...
[00:06:48] [SERIAL RX] Frame OK cmd=0x91 plen=125 payload=6701000101000006...
[00:06:48] [SERIAL RX] Frame OK cmd=0x94 plen=68 payload=0200000101000000...
[00:06:48] [SERIAL RX] Frame OK cmd=0x93 plen=50 payload=020101006726CE43...
[00:06:49] [SERIAL RX] Frame OK cmd=0x91 plen=125 payload=6801000101000006...
[00:06:49] [SERIAL RX] Frame OK cmd=0x94 plen=68 payload=0200000101000000...
[00:06:49] [SERIAL RX] Frame OK cmd=0x93 plen=50 payload=020101006726CE43...
[00:06:50] [SERIAL RX] Frame OK cmd=0x91 plen=125 payload=6901000101000006...
[00:06:50] [SERIAL RX] Frame OK cmd=0x94 plen=68 payload=0200000101000000...
[00:06:50] [SERIAL RX] Frame OK cmd=0x93 plen=50 payload=020101006726CE43...
[00:06:51] [SERIAL RX] Frame OK cmd=0x91 plen=125 payload=6A01000101000006...
[00:06:51] [SERIAL RX] Frame OK cmd=0x94 plen=68 payload=0200000101000000...
[00:06:51] [SERIAL RX] Frame OK cmd=0x93 plen=50 payload=020101006726CE43...
[00:06:52] [SERIAL RX] Frame OK cmd=0x91 plen=125 payload=6B01000101000006...
[00:06:52] [SERIAL RX] Frame OK cmd=0x94 plen=68 payload=0200000101000000...
[00:06:52] [SERIAL RX] Frame OK cmd=0x93 plen=50 payload=020101006726CE43...
[00:06:53] [SERIAL RX] Frame OK cmd=0x91 plen=125 payload=6C01000101000006...
[00:06:53] [SERIAL RX] Frame OK cmd=0x94 plen=68 payload=0200000101000000...
[00:06:53] [SERIAL RX] Frame OK cmd=0x93 plen=50 payload=020101006726CE43...
[00:06:54] [SERIAL RX] Frame OK cmd=0x91 plen=125 payload=6D01000101000006...
[00:06:54] [SERIAL RX] Frame OK cmd=0x94 plen=68 payload=0200000101000000...
[00:06:54] [SERIAL RX] Frame OK cmd=0x93 plen=50 payload=020101006726CE43...
[00:06:55] [SERIAL RX] Frame OK cmd=0x91 plen=125 payload=6E01000101000006...
[00:06:55] [SERIAL RX] Frame OK cmd=0x94 plen=68 payload=0200000101000000...
[00:06:55] [SERIAL RX] Frame OK cmd=0x93 plen=50 payload=020101006726CE43...
[00:06:56] [SERIAL RX] Frame OK cmd=0x91 plen=125 payload=6F01000101000006...
[00:06:56] [SERIAL RX] Frame OK cmd=0x94 plen=68 payload=0200000101000000...
[00:06:56] [SERIAL RX] Frame OK cmd=0x93 plen=50 payload=020101006726CE43...
[00:06:57] [SERIAL RX] Frame OK cmd=0x91 plen=125 payload=7001000101000006...
[00:06:57] [SERIAL RX] Frame OK cmd=0x94 plen=68 payload=0200000101000000...
[00:06:57] [SERIAL RX] Frame OK cmd=0x93 plen=50 payload=020101006726CE43...
[00:06:58] [SERIAL RX] Frame OK cmd=0x91 plen=125 payload=7101000101000006...
[00:06:58] [SERIAL RX] Frame OK cmd=0x94 plen=68 payload=0200000101000000...
[00:06:58] [SERIAL RX] Frame OK cmd=0x93 plen=50 payload=020101006726CE43...
[00:06:59] [SERIAL RX] Frame OK cmd=0x91 plen=125 payload=7201000101000006...
[00:06:59] [SERIAL RX] Frame OK cmd=0x94 plen=68 payload=0200000101000000...
[00:06:59] [SERIAL RX] Frame OK cmd=0x93 plen=50 payload=020101006726CE43...
[00:07:00] [SERIAL RX] Frame OK cmd=0x91 plen=125 payload=7301000101000006...
[00:07:00] [SERIAL RX] Frame OK cmd=0x94 plen=68 payload=0200000101000000...
[00:07:00] [SERIAL RX] Frame OK cmd=0x93 plen=50 payload=020101006726CE43...
[00:07:01] [SERIAL RX] Frame OK cmd=0x91 plen=125 payload=7401000101000006...
[00:07:01] [SERIAL RX] Frame OK cmd=0x94 plen=68 payload=0200000101000000...
[00:07:01] [SERIAL RX] Frame OK cmd=0x93 plen=50 payload=020101006726CE43...
[00:07:02] [SERIAL RX] Frame OK cmd=0x91 plen=125 payload=7501000101000006...
[00:07:02] [SERIAL RX] Frame OK cmd=0x94 plen=68 payload=0200000101000000...
[00:07:02] [SERIAL RX] Frame OK cmd=0x93 plen=50 payload=020101006726CE43...
[00:07:03] [SERIAL RX] Frame OK cmd=0x91 plen=125 payload=7601000101000006...
[00:07:03] [SERIAL RX] Frame OK cmd=0x94 plen=68 payload=0200000101000000...
[00:07:03] [SERIAL RX] Frame OK cmd=0x93 plen=50 payload=020101006726CE43...
[00:07:04] [SERIAL RX] Frame OK cmd=0x91 plen=125 payload=7701000101000006...
[00:07:04] [SERIAL RX] Frame OK cmd=0x94 plen=68 payload=0200000101000000...
[00:07:04] [SERIAL RX] Frame OK cmd=0x93 plen=50 payload=020101006726CE43...
[00:07:05] [SERIAL RX] Frame OK cmd=0x91 plen=125 payload=7801000101000006...
[00:07:05] [SERIAL RX] Frame OK cmd=0x94 plen=68 payload=0200000101000000...
[00:07:05] [SERIAL RX] Frame OK cmd=0x93 plen=50 payload=020101006726CE43...
[00:07:06] [SERIAL RX] Frame OK cmd=0x91 plen=125 payload=7901000101000006...
[00:07:06] [SERIAL RX] Frame OK cmd=0x94 plen=68 payload=0200000101000000...
[00:07:06] [SERIAL RX] Frame OK cmd=0x93 plen=50 payload=020101006726CE43...
[00:07:07] [SERIAL RX] Frame OK cmd=0x91 plen=125 payload=7A01000101000006...
[00:07:07] [SERIAL RX] Frame OK cmd=0x94 plen=68 payload=0200000101000000...
[00:07:07] [SERIAL RX] Frame OK cmd=0x93 plen=50 payload=020101006726CE43...
[00:07:08] [SERIAL RX] Frame OK cmd=0x91 plen=125 payload=7B01000101000006...
[00:07:08] [SERIAL RX] Frame OK cmd=0x94 plen=68 payload=0200000101000000...
[00:07:08] [SERIAL RX] Frame OK cmd=0x93 plen=50 payload=020101006726CE43...
[00:07:09] [SERIAL RX] Frame OK cmd=0x91 plen=125 payload=7C01000101000006...
[00:07:09] [SERIAL RX] Frame OK cmd=0x94 plen=68 payload=0200000101000000...
[00:07:09] [SERIAL RX] Frame OK cmd=0x93 plen=50 payload=020101006726CE43...
[00:07:10] [SERIAL RX] Frame OK cmd=0x91 plen=125 payload=7D01000101000006...
[00:07:10] [SERIAL RX] Frame OK cmd=0x94 plen=68 payload=0200000101000000...
[00:07:10] [SERIAL RX] Frame OK cmd=0x93 plen=50 payload=020101006726CE43...
[00:07:11] [SERIAL RX] Frame OK cmd=0x91 plen=125 payload=7E01000101000006...
[00:07:11] [SERIAL RX] Frame OK cmd=0x94 plen=68 payload=0200000101000000...
[00:07:11] [SERIAL RX] Frame OK cmd=0x93 plen=50 payload=020101006726CE43...
[00:07:12] [SERIAL RX] Frame OK cmd=0x91 plen=125 payload=7F01000101000006...
[00:07:12] [SERIAL RX] Frame OK cmd=0x94 plen=68 payload=0200000101000000...
[00:07:12] [SERIAL RX] Frame OK cmd=0x93 plen=50 payload=020101006726CE43...
[00:07:13] [SERIAL RX] Frame OK cmd=0x91 plen=125 payload=8001000101000006...
[00:07:13] [SERIAL RX] Frame OK cmd=0x94 plen=68 payload=0200000101000000...
[00:07:13] [SERIAL RX] Frame OK cmd=0x93 plen=50 payload=020101006726CE43...
[00:07:14] [SERIAL RX] Frame OK cmd=0x91 plen=125 payload=8101000101000006...
[00:07:14] [SERIAL RX] Frame OK cmd=0x94 plen=68 payload=0200000101000000...
[00:07:14] [SERIAL RX] Frame OK cmd=0x93 plen=50 payload=020101006726CE43...
[00:07:15] [SERIAL RX] Frame OK cmd=0x91 plen=125 payload=8201000101000006...
[00:07:15] [SERIAL RX] Frame OK cmd=0x94 plen=68 payload=0200000101000000...
[00:07:15] [SERIAL RX] Frame OK cmd=0x93 plen=50 payload=020101006726CE43...
[00:07:16] [SERIAL RX] Frame OK cmd=0x91 plen=125 payload=8301000101000006...
[00:07:16] [SERIAL RX] Frame OK cmd=0x94 plen=68 payload=0200000101000000...
[00:07:16] [SERIAL RX] Frame OK cmd=0x93 plen=50 payload=020101006726CE43...
[00:07:17] [SERIAL RX] Frame OK cmd=0x91 plen=125 payload=8401000101000006...
[00:07:17] [SERIAL RX] Frame OK cmd=0x94 plen=68 payload=0200000101000000...
[00:07:17] [SERIAL RX] Frame OK cmd=0x93 plen=50 payload=020101006726CE43...
[00:07:18] [SERIAL RX] Frame OK cmd=0x91 plen=125 payload=8501000101000006...
[00:07:18] [SERIAL RX] Frame OK cmd=0x94 plen=68 payload=0200000101000000...
[00:07:18] [SERIAL RX] Frame OK cmd=0x93 plen=50 payload=020101006726CE43...
[00:07:19] [SERIAL RX] Frame OK cmd=0x91 plen=125 payload=8601000101000006...
[00:07:19] [SERIAL RX] Frame OK cmd=0x94 plen=68 payload=0200000101000000...
[00:07:19] [SERIAL RX] Frame OK cmd=0x93 plen=50 payload=020101006726CE43...
[00:07:20] [SERIAL RX] Frame OK cmd=0x91 plen=125 payload=8701000101000006...
[00:07:20] [SERIAL RX] Frame OK cmd=0x94 plen=68 payload=0200000101000000...
[00:07:20] [SERIAL RX] Frame OK cmd=0x93 plen=50 payload=020101006726CE43...
[00:07:21] [SERIAL RX] Frame OK cmd=0x91 plen=125 payload=8801000101000006...
[00:07:21] [SERIAL RX] Frame OK cmd=0x94 plen=68 payload=0200000101000000...
[00:07:21] [SERIAL RX] Frame OK cmd=0x93 plen=50 payload=020101006726CE43...
[00:07:22] [SERIAL RX] Frame OK cmd=0x91 plen=125 payload=8901000101000006...
[00:07:22] [SERIAL RX] Frame OK cmd=0x94 plen=68 payload=0200000101000000...
[00:07:22] [SERIAL RX] Frame OK cmd=0x93 plen=50 payload=020101006726CE43...
[00:07:23] [SERIAL RX] Frame OK cmd=0x91 plen=125 payload=8A01000101000006...
[00:07:23] [SERIAL RX] Frame OK cmd=0x94 plen=68 payload=0200000101000000...
[00:07:23] [SERIAL RX] Frame OK cmd=0x93 plen=50 payload=020101006726CE43...
[00:07:24] [SERIAL RX] Frame OK cmd=0x91 plen=125 payload=8B01000101000006...
[00:07:24] [SERIAL RX] Frame OK cmd=0x94 plen=68 payload=0200000101000000...
[00:07:24] [SERIAL RX] Frame OK cmd=0x93 plen=50 payload=020101006726CE43...
[00:07:25] [SERIAL RX] Frame OK cmd=0x91 plen=125 payload=8C01000101000006...
[00:07:25] [SERIAL RX] Frame OK cmd=0x94 plen=68 payload=0200000101000000...
[00:07:25] [SERIAL RX] Frame OK cmd=0x93 plen=50 payload=020101006726CE43...
[00:07:26] [SERIAL RX] Frame OK cmd=0x91 plen=125 payload=8D01000101000006...
[00:07:26] [SERIAL RX] Frame OK cmd=0x94 plen=68 payload=0200000101000000...
[00:07:26] [SERIAL RX] Frame OK cmd=0x93 plen=50 payload=020101006726CE43...
[00:07:27] [SERIAL RX] Frame OK cmd=0x91 plen=125 payload=8E01000101000006...
[00:07:27] [SERIAL RX] Frame OK cmd=0x94 plen=68 payload=0200000101000000...
[00:07:27] [SERIAL RX] Frame OK cmd=0x93 plen=50 payload=020101006726CE43...
[00:07:28] [SERIAL RX] Frame OK cmd=0x91 plen=125 payload=8F01000101000006...
[00:07:28] [SERIAL RX] Frame OK cmd=0x94 plen=68 payload=0200000101000000...
[00:07:28] [SERIAL RX] Frame OK cmd=0x93 plen=50 payload=020101006726CE43...
[00:07:29] [SERIAL RX] Frame OK cmd=0x91 plen=125 payload=9001000101000006...
[00:07:29] [SERIAL RX] Frame OK cmd=0x94 plen=68 payload=0200000101000000...
[00:07:29] [SERIAL RX] Frame OK cmd=0x93 plen=50 payload=020101006726CE43...
[00:07:30] [SERIAL RX] Frame OK cmd=0x91 plen=125 payload=9101000101000006...
[00:07:30] [SERIAL RX] Frame OK cmd=0x94 plen=68 payload=0200000101000000...
[00:07:30] [SERIAL RX] Frame OK cmd=0x93 plen=50 payload=020101006726CE43...
[00:07:31] [SERIAL RX] Frame OK cmd=0x91 plen=125 payload=9201000101000006...
[00:07:31] [SERIAL RX] Frame OK cmd=0x94 plen=68 payload=0200000101000000...
[00:07:31] [SERIAL RX] Frame OK cmd=0x93 plen=50 payload=020101006726CE43...
[00:07:32] [SERIAL RX] Frame OK cmd=0x91 plen=125 payload=9301000101000006...
[00:07:32] [SERIAL RX] Frame OK cmd=0x94 plen=68 payload=0200000101000000...
[00:07:32] [SERIAL RX] Frame OK cmd=0x93 plen=50 payload=020101006726CE43...
[00:07:33] [SERIAL RX] Frame OK cmd=0x91 plen=125 payload=9401000101000006...
[00:07:33] [SERIAL RX] Frame OK cmd=0x94 plen=68 payload=0200000101000000...
[00:07:33] [SERIAL RX] Frame OK cmd=0x93 plen=50 payload=020101006726CE43...
[00:07:34] [SERIAL RX] Frame OK cmd=0x91 plen=125 payload=9501000101000006...
[00:07:34] [SERIAL RX] Frame OK cmd=0x94 plen=68 payload=0200000101000000...
[00:07:34] [SERIAL RX] Frame OK cmd=0x93 plen=50 payload=020101006726CE43...
[00:07:35] [SERIAL RX] Frame OK cmd=0x91 plen=125 payload=9601000101000006...
[00:07:35] [SERIAL RX] Frame OK cmd=0x94 plen=68 payload=0200000101000000...
[00:07:35] [SERIAL RX] Frame OK cmd=0x93 plen=50 payload=020101006726CE43...
[00:07:36] [SERIAL RX] Frame OK cmd=0x91 plen=125 payload=9701000101000006...
[00:07:36] [SERIAL RX] Frame OK cmd=0x94 plen=68 payload=0200000101000000...
[00:07:36] [SERIAL RX] Frame OK cmd=0x93 plen=50 payload=020101006726CE43...
[00:07:37] [SERIAL RX] Frame OK cmd=0x91 plen=125 payload=9801000101000006...
[00:07:37] [SERIAL RX] Frame OK cmd=0x94 plen=68 payload=0200000101000000...
[00:07:37] [SERIAL RX] Frame OK cmd=0x93 plen=50 payload=020101006726CE43...
[00:07:38] [SERIAL RX] Frame OK cmd=0x91 plen=125 payload=9901000101000006...
[00:07:38] [SERIAL RX] Frame OK cmd=0x94 plen=68 payload=0200000101000000...
[00:07:38] [SERIAL RX] Frame OK cmd=0x93 plen=50 payload=020101006726CE43...
[00:07:39] [SERIAL RX] Frame OK cmd=0x91 plen=125 payload=9A01000101000006...
[00:07:39] [SERIAL RX] Frame OK cmd=0x94 plen=68 payload=0200000101000000...
[00:07:39] [SERIAL RX] Frame OK cmd=0x93 plen=50 payload=020101006726CE43...
[00:07:40] [SERIAL RX] Frame OK cmd=0x91 plen=125 payload=9B01000101000006...
[00:07:40] [SERIAL RX] Frame OK cmd=0x94 plen=68 payload=0200000101000000...
[00:07:40] [SERIAL RX] Frame OK cmd=0x93 plen=50 payload=020101006726CE43...
[00:07:41] [SERIAL RX] Frame OK cmd=0x91 plen=125 payload=9C01000101000006...
[00:07:41] [SERIAL RX] Frame OK cmd=0x94 plen=68 payload=0200000101000000...
[00:07:41] [SERIAL RX] Frame OK cmd=0x93 plen=50 payload=020101006726CE43...
[00:07:42] [SERIAL RX] Frame OK cmd=0x91 plen=125 payload=9D01000101000006...
[00:07:42] [SERIAL RX] Frame OK cmd=0x94 plen=68 payload=0200000101000000...
[00:07:42] [SERIAL RX] Frame OK cmd=0x93 plen=50 payload=0000000000000000...
[00:07:43] [SERIAL RX] Frame OK cmd=0x91 plen=125 payload=9E01000101000006...
[00:07:43] [SERIAL RX] Frame OK cmd=0x94 plen=68 payload=0200000101000000...
[00:07:43] [SERIAL RX] Frame OK cmd=0x93 plen=50 payload=0000000000000000...
[00:07:44] [SERIAL RX] Frame OK cmd=0x91 plen=125 payload=9F01000101000006...
[00:07:44] [SERIAL RX] Frame OK cmd=0x94 plen=68 payload=0200000101000000...
[00:07:44] [SERIAL RX] Frame OK cmd=0x93 plen=50 payload=0000000000000000...
[00:07:45] [SERIAL RX] Frame OK cmd=0x91 plen=125 payload=A001000101000006...
[00:07:45] [SERIAL RX] Frame OK cmd=0x94 plen=68 payload=0200000101000000...
[00:07:45] [SERIAL RX] Frame OK cmd=0x93 plen=50 payload=0000000000000000...
[00:07:46] [SERIAL RX] Frame OK cmd=0x91 plen=125 payload=A101000101000006...
[00:07:46] [SERIAL RX] Frame OK cmd=0x94 plen=68 payload=0200000101000000...
[00:07:46] [SERIAL RX] Frame OK cmd=0x93 plen=50 payload=0000000000000000...
[00:07:47] [SERIAL RX] Frame OK cmd=0x91 plen=125 payload=A201000101000006...
[00:07:47] [SERIAL RX] Frame OK cmd=0x94 plen=68 payload=0200000101000000...
[00:07:47] [SERIAL RX] Frame OK cmd=0x93 plen=50 payload=0000000000000000...
[00:07:48] [SERIAL RX] Frame OK cmd=0x91 plen=125 payload=A301000101000006...
[00:07:48] [SERIAL RX] Frame OK cmd=0x94 plen=68 payload=0200000101000000...
[00:07:48] [SERIAL RX] Frame OK cmd=0x93 plen=50 payload=0000000000000000...
[00:07:49] [SERIAL RX] Frame OK cmd=0x91 plen=125 payload=A401000101000006...
[00:07:49] [SERIAL RX] Frame OK cmd=0x94 plen=68 payload=0200000101000000...
[00:07:49] [SERIAL RX] Frame OK cmd=0x93 plen=50 payload=0000000000000000...
[00:07:50] [SERIAL RX] Frame OK cmd=0x91 plen=125 payload=A501000101000006...
[00:07:50] [SERIAL RX] Frame OK cmd=0x94 plen=68 payload=0200000101000000...
[00:07:50] [SERIAL RX] Frame OK cmd=0x93 plen=50 payload=0000000000000000...
[00:07:51] [SERIAL RX] Frame OK cmd=0x91 plen=125 payload=A601000101000006...
[00:07:51] [SERIAL RX] Frame OK cmd=0x94 plen=68 payload=0200000101000000...
[00:07:51] [SERIAL RX] Frame OK cmd=0x93 plen=50 payload=0000000000000000...
[00:07:52] [SERIAL RX] Frame OK cmd=0x91 plen=125 payload=A701000101000006...
[00:07:52] [SERIAL RX] Frame OK cmd=0x94 plen=68 payload=0200000101000000...
[00:07:52] [SERIAL RX] Frame OK cmd=0x93 plen=50 payload=0000000000000000...
[00:07:53] [SERIAL RX] Frame OK cmd=0x91 plen=125 payload=A801000101000006...
[00:07:53] [SERIAL RX] Frame OK cmd=0x94 plen=68 payload=0200000101000000...
[00:07:53] [SERIAL RX] Frame OK cmd=0x93 plen=50 payload=0000000000000000...
[00:07:54] [SERIAL RX] Frame OK cmd=0x91 plen=125 payload=A901000101000006...
[00:07:54] [SERIAL RX] Frame OK cmd=0x94 plen=68 payload=0200000101000000...
[00:07:54] [SERIAL RX] Frame OK cmd=0x93 plen=50 payload=0000000000000000...
[00:07:55] [SERIAL RX] Frame OK cmd=0x91 plen=125 payload=AA01000101000006...
[00:07:55] [SERIAL RX] Frame OK cmd=0x94 plen=68 payload=0200000101000000...
[00:07:55] [SERIAL RX] Frame OK cmd=0x93 plen=50 payload=0000000000000000...
[00:07:56] [SERIAL RX] Frame OK cmd=0x91 plen=125 payload=AB01000101000006...
[00:07:56] [SERIAL RX] Frame OK cmd=0x94 plen=68 payload=0200000101000000...
[00:07:56] [SERIAL RX] Frame OK cmd=0x93 plen=50 payload=0000000000000000...
[00:07:57] [SERIAL RX] Frame OK cmd=0x91 plen=125 payload=AC01000101000006...
[00:07:57] [SERIAL RX] Frame OK cmd=0x94 plen=68 payload=0200000101000000...
[00:07:57] [SERIAL RX] Frame OK cmd=0x93 plen=50 payload=0000000000000000...
[00:07:58] [SERIAL RX] Frame OK cmd=0x91 plen=125 payload=AD01000101000006...
[00:07:58] [SERIAL RX] Frame OK cmd=0x94 plen=68 payload=0200000101000000...
[00:07:58] [SERIAL RX] Frame OK cmd=0x93 plen=50 payload=0000000000000000...
[00:07:59] [SERIAL RX] Frame OK cmd=0x91 plen=125 payload=AE01000101000006...
[00:07:59] [SERIAL RX] Frame OK cmd=0x94 plen=68 payload=0200000101000000...
[00:07:59] [SERIAL RX] Frame OK cmd=0x93 plen=50 payload=0000000000000000...
[00:08:00] [SERIAL RX] Frame OK cmd=0x91 plen=125 payload=AF01000101000006...
[00:08:00] [SERIAL RX] Frame OK cmd=0x94 plen=68 payload=0200000101000000...
[00:08:00] [SERIAL RX] Frame OK cmd=0x93 plen=50 payload=0000000000000000...
[00:08:01] [SERIAL RX] Frame OK cmd=0x91 plen=125 payload=B001000101000006...
[00:08:01] [SERIAL RX] Frame OK cmd=0x94 plen=68 payload=0200000101000000...
[00:08:01] [SERIAL RX] Frame OK cmd=0x93 plen=50 payload=0000000000000000...
[00:08:02] [SERIAL RX] Frame OK cmd=0x91 plen=125 payload=B101000101000006...
[00:08:02] [SERIAL RX] Frame OK cmd=0x94 plen=68 payload=0200000101000000...
[00:08:02] [SERIAL RX] Frame OK cmd=0x93 plen=50 payload=0000000000000000...
[00:08:03] [SERIAL RX] Frame OK cmd=0x91 plen=125 payload=B201000101000006...
[00:08:03] [SERIAL RX] Frame OK cmd=0x94 plen=68 payload=0200000101000000...
[00:08:03] [SERIAL RX] Frame OK cmd=0x93 plen=50 payload=0000000000000000...
[00:08:04] [SERIAL RX] Frame OK cmd=0x91 plen=125 payload=B301000101000006...
[00:08:04] [SERIAL RX] Frame OK cmd=0x94 plen=68 payload=0200000101000000...
[00:08:04] [SERIAL RX] Frame OK cmd=0x93 plen=50 payload=0000000000000000...
[00:08:05] [SERIAL RX] Frame OK cmd=0x91 plen=125 payload=B401000101000006...
[00:08:05] [SERIAL RX] Frame OK cmd=0x94 plen=68 payload=0200000101000000...
[00:08:05] [SERIAL RX] Frame OK cmd=0x93 plen=50 payload=0000000000000000...
[00:08:06] [SERIAL RX] Frame OK cmd=0x91 plen=125 payload=B501000101000006...
[00:08:06] [SERIAL RX] Frame OK cmd=0x94 plen=68 payload=0200000101000000...
[00:08:06] [SERIAL RX] Frame OK cmd=0x93 plen=50 payload=0000000000000000...
[00:08:07] [SERIAL RX] Frame OK cmd=0x91 plen=125 payload=B601000101000006...
[00:08:07] [SERIAL RX] Frame OK cmd=0x94 plen=68 payload=0200000101000000...
[00:08:07] [SERIAL RX] Frame OK cmd=0x93 plen=50 payload=0000000000000000...
[00:08:08] [SERIAL RX] Frame OK cmd=0x91 plen=125 payload=B701000101000006...
[00:08:08] [SERIAL RX] Frame OK cmd=0x94 plen=68 payload=0200000101000000...
[00:08:08] [SERIAL RX] Frame OK cmd=0x93 plen=50 payload=0000000000000000...
[00:08:09] [SERIAL RX] Frame OK cmd=0x91 plen=125 payload=B801000101000006...
[00:08:09] [SERIAL RX] Frame OK cmd=0x94 plen=68 payload=0200000101000000...
[00:08:09] [SERIAL RX] Frame OK cmd=0x93 plen=50 payload=0000000000000000...
[00:08:10] [SERIAL RX] Frame OK cmd=0x91 plen=125 payload=B901000101000006...
[00:08:10] [SERIAL RX] Frame OK cmd=0x94 plen=68 payload=0200000101000000...
[00:08:10] [SERIAL RX] Frame OK cmd=0x93 plen=50 payload=0000000000000000...
[00:08:11] [SERIAL RX] Frame OK cmd=0x91 plen=125 payload=BA01000101000006...
[00:08:11] [SERIAL RX] Frame OK cmd=0x94 plen=68 payload=0200000101000000...
[00:08:11] [SERIAL RX] Frame OK cmd=0x93 plen=50 payload=0000000000000000...
[00:08:12] [SERIAL RX] Frame OK cmd=0x91 plen=125 payload=BB01000101000006...
[00:08:12] [SERIAL RX] Frame OK cmd=0x94 plen=68 payload=0200000101000000...
[00:08:12] [SERIAL RX] Frame OK cmd=0x93 plen=50 payload=0000000000000000...
[00:08:13] [SERIAL RX] Frame OK cmd=0x91 plen=125 payload=BC01000101000006...
[00:08:13] [SERIAL RX] Frame OK cmd=0x94 plen=68 payload=0200000101000000...
[00:08:13] [SERIAL RX] Frame OK cmd=0x93 plen=50 payload=0000000000000000...
[00:08:14] [SERIAL RX] Frame OK cmd=0x91 plen=125 payload=BD01000101000006...
[00:08:14] [SERIAL RX] Frame OK cmd=0x94 plen=68 payload=0200000101000000...
[00:08:14] [SERIAL RX] Frame OK cmd=0x93 plen=50 payload=0000000000000000...
[00:08:15] [SERIAL RX] Frame OK cmd=0x91 plen=125 payload=BE01000101000006...
[00:08:15] [SERIAL RX] Frame OK cmd=0x94 plen=68 payload=0200000101000000...
[00:08:15] [SERIAL RX] Frame OK cmd=0x93 plen=50 payload=0000000000000000...
[00:08:16] [SERIAL RX] Frame OK cmd=0x91 plen=125 payload=BF01000101000006...
[00:08:16] [SERIAL RX] Frame OK cmd=0x94 plen=68 payload=0200000101000000...
[00:08:16] [SERIAL RX] Frame OK cmd=0x93 plen=50 payload=0000000000000000...
[00:08:17] [SERIAL RX] Frame OK cmd=0x91 plen=125 payload=C001000101000006...
[00:08:17] [SERIAL RX] Frame OK cmd=0x94 plen=68 payload=0200000101000000...
[00:08:17] [SERIAL RX] Frame OK cmd=0x93 plen=50 payload=0000000000000000...
[00:08:18] [SERIAL RX] Frame OK cmd=0x91 plen=125 payload=C101000101000006...
[00:08:18] [SERIAL RX] Frame OK cmd=0x94 plen=68 payload=0200000101000000...
[00:08:18] [SERIAL RX] Frame OK cmd=0x93 plen=50 payload=0000000000000000...
[00:08:19] [SERIAL RX] Frame OK cmd=0x91 plen=125 payload=C201000101000006...
[00:08:19] [SERIAL RX] Frame OK cmd=0x94 plen=68 payload=0200000101000000...
[00:08:19] [SERIAL RX] Frame OK cmd=0x93 plen=50 payload=0000000000000000...
[00:08:20] [SERIAL RX] Frame OK cmd=0x91 plen=125 payload=C301000101000006...
[00:08:20] [SERIAL RX] Frame OK cmd=0x94 plen=68 payload=0200000101000000...
[00:08:20] [SERIAL RX] Frame OK cmd=0x93 plen=50 payload=0000000000000000...
[00:08:21] [SERIAL RX] Frame OK cmd=0x91 plen=125 payload=C401000101000006...
[00:08:21] [SERIAL RX] Frame OK cmd=0x94 plen=68 payload=0200000101000000...
[00:08:21] [SERIAL RX] Frame OK cmd=0x93 plen=50 payload=0000000000000000...
[00:08:22] [SERIAL RX] Frame OK cmd=0x91 plen=125 payload=C501000101000006...
[00:08:22] [SERIAL RX] Frame OK cmd=0x94 plen=68 payload=0200000101000000...
[00:08:22] [SERIAL RX] Frame OK cmd=0x93 plen=50 payload=0000000000000000...
[00:08:23] [SERIAL RX] Frame OK cmd=0x91 plen=125 payload=C601000101000006...
[00:08:23] [SERIAL RX] Frame OK cmd=0x94 plen=68 payload=0200000101000000...
[00:08:23] [SERIAL RX] Frame OK cmd=0x93 plen=50 payload=0000000000000000...
[00:08:24] [SERIAL RX] Frame OK cmd=0x91 plen=125 payload=C701000101000006...
[00:08:24] [SERIAL RX] Frame OK cmd=0x94 plen=68 payload=0200000101000000...
[00:08:24] [SERIAL RX] Frame OK cmd=0x93 plen=50 payload=0000000000000000...
[00:08:25] [SERIAL RX] Frame OK cmd=0x91 plen=125 payload=C801000101000006...
[00:08:25] [SERIAL RX] Frame OK cmd=0x94 plen=68 payload=0200000101000000...
[00:08:25] [SERIAL RX] Frame OK cmd=0x93 plen=50 payload=0000000000000000...
[00:08:26] [SERIAL RX] Frame OK cmd=0x91 plen=125 payload=C901000101000006...
[00:08:26] [SERIAL RX] Frame OK cmd=0x94 plen=68 payload=0200000101000000...
[00:08:26] [SERIAL RX] Frame OK cmd=0x93 plen=50 payload=0000000000000000...
[00:08:27] [SERIAL RX] Frame OK cmd=0x91 plen=125 payload=CA01000101000006...
[00:08:27] [SERIAL RX] Frame OK cmd=0x94 plen=68 payload=0200000101000000...
[00:08:27] [SERIAL RX] Frame OK cmd=0x93 plen=50 payload=0000000000000000...
[00:08:28] [SERIAL RX] Frame OK cmd=0x91 plen=125 payload=CB01000101000006...
[00:08:28] [SERIAL RX] Frame OK cmd=0x94 plen=68 payload=0200000101000000...
[00:08:28] [SERIAL RX] Frame OK cmd=0x93 plen=50 payload=0000000000000000...
[00:08:29] [SERIAL RX] Frame OK cmd=0x91 plen=125 payload=CC01000101000006...
[00:08:29] [SERIAL RX] Frame OK cmd=0x94 plen=68 payload=0200000101000000...
[00:08:29] [SERIAL RX] Frame OK cmd=0x93 plen=50 payload=0000000000000000...
[00:08:30] [SERIAL RX] Frame OK cmd=0x91 plen=125 payload=CD01000101000006...
[00:08:30] [SERIAL RX] Frame OK cmd=0x94 plen=68 payload=0200000101000000...
[00:08:30] [SERIAL RX] Frame OK cmd=0x93 plen=50 payload=0000000000000000...
[00:08:31] [SERIAL RX] Frame OK cmd=0x91 plen=125 payload=CE01000101000006...
[00:08:31] [SERIAL RX] Frame OK cmd=0x94 plen=68 payload=0200000101000000...
[00:08:31] [SERIAL RX] Frame OK cmd=0x93 plen=50 payload=0000000000000000...
[00:08:32] [SERIAL RX] Frame OK cmd=0x91 plen=125 payload=CF01000101000006...
[00:08:32] [SERIAL RX] Frame OK cmd=0x94 plen=68 payload=0200000101000000...
[00:08:32] [SERIAL RX] Frame OK cmd=0x93 plen=50 payload=0000000000000000...
[00:08:33] [SERIAL RX] Frame OK cmd=0x91 plen=125 payload=D001000101000006...
[00:08:33] [SERIAL RX] Frame OK cmd=0x94 plen=68 payload=0200000101000000...
[00:08:33] [SERIAL RX] Frame OK cmd=0x93 plen=50 payload=0000000000000000...
[00:08:34] [SERIAL RX] Frame OK cmd=0x91 plen=125 payload=D101000101000006...
[00:08:34] [SERIAL RX] Frame OK cmd=0x94 plen=68 payload=0200000101000000...
[00:08:34] [SERIAL RX] Frame OK cmd=0x93 plen=50 payload=0000000000000000...
[00:08:35] [SERIAL RX] Frame OK cmd=0x91 plen=125 payload=D201000101000006...
[00:08:35] [SERIAL RX] Frame OK cmd=0x94 plen=68 payload=0200000101000000...
[00:08:35] [SERIAL RX] Frame OK cmd=0x93 plen=50 payload=0000000000000000...
[00:08:36] [SERIAL RX] Frame OK cmd=0x91 plen=125 payload=D301000101000006...
[00:08:36] [SERIAL RX] Frame OK cmd=0x94 plen=68 payload=0200000101000000...
[00:08:36] [SERIAL RX] Frame OK cmd=0x93 plen=50 payload=0000000000000000...
[00:08:37] [SERIAL RX] Frame OK cmd=0x91 plen=125 payload=D401000101000006...
[00:08:37] [SERIAL RX] Frame OK cmd=0x94 plen=68 payload=0200000101000000...
[00:08:37] [SERIAL RX] Frame OK cmd=0x93 plen=50 payload=0000000000000000...
[00:08:38] [SERIAL RX] Frame OK cmd=0x91 plen=125 payload=D501000101000006...
[00:08:38] [SERIAL RX] Frame OK cmd=0x94 plen=68 payload=0200000101000000...
[00:08:38] [SERIAL RX] Frame OK cmd=0x93 plen=50 payload=0000000000000000...
[00:08:39] [SERIAL RX] Frame OK cmd=0x91 plen=125 payload=D601000101000006...
[00:08:39] [SERIAL RX] Frame OK cmd=0x94 plen=68 payload=0200000101000000...
[00:08:39] [SERIAL RX] Frame OK cmd=0x93 plen=50 payload=0000000000000000...
[00:08:40] [SERIAL RX] Frame OK cmd=0x91 plen=125 payload=D701000101000006...
[00:08:40] [SERIAL RX] Frame OK cmd=0x94 plen=68 payload=0200000101000000...
[00:08:40] [SERIAL RX] Frame OK cmd=0x93 plen=50 payload=0000000000000000...
[00:08:41] [SERIAL RX] Frame OK cmd=0x91 plen=125 payload=D801000101000006...
[00:08:41] [SERIAL RX] Frame OK cmd=0x94 plen=68 payload=0200000101000000...
[00:08:41] [SERIAL RX] Frame OK cmd=0x93 plen=50 payload=0000000000000000...
[00:08:42] [SERIAL RX] Frame OK cmd=0x91 plen=125 payload=D901000101000006...
[00:08:42] [SERIAL RX] Frame OK cmd=0x94 plen=68 payload=0200000101000000...
[00:08:42] [SERIAL RX] Frame OK cmd=0x93 plen=50 payload=0000000000000000...
[00:08:43] [SERIAL RX] Frame OK cmd=0x91 plen=125 payload=DA01000101000006...
[00:08:43] [SERIAL RX] Frame OK cmd=0x94 plen=68 payload=0200000101000000...
[00:08:43] [SERIAL RX] Frame OK cmd=0x93 plen=50 payload=0000000000000000...
[00:08:44] [SERIAL RX] Frame OK cmd=0x91 plen=125 payload=DB01000101000006...
[00:08:44] [SERIAL RX] Frame OK cmd=0x94 plen=68 payload=0200000101000000...
[00:08:44] [SERIAL RX] Frame OK cmd=0x93 plen=50 payload=0000000000000000...
[00:08:45] [SERIAL RX] Frame OK cmd=0x91 plen=125 payload=DC01000101000006...
[00:08:45] [SERIAL RX] Frame OK cmd=0x94 plen=68 payload=0200000101000000...
[00:08:45] [SERIAL RX] Frame OK cmd=0x93 plen=50 payload=0000000000000000...
[00:08:46] [SERIAL RX] Frame OK cmd=0x91 plen=125 payload=DD01000101000006...
[00:08:46] [SERIAL RX] Frame OK cmd=0x94 plen=68 payload=0200000101000000...
[00:08:46] [SERIAL RX] Frame OK cmd=0x93 plen=50 payload=0000000000000000...
[00:08:47] [SERIAL RX] Frame OK cmd=0x91 plen=125 payload=DE01000101000006...
[00:08:47] [SERIAL RX] Frame OK cmd=0x94 plen=68 payload=0200000101000000...
[00:08:47] [SERIAL RX] Frame OK cmd=0x93 plen=50 payload=0000000000000000...
[00:08:48] [SERIAL RX] Frame OK cmd=0x91 plen=125 payload=DF01000101000006...
[00:08:48] [SERIAL RX] Frame OK cmd=0x94 plen=68 payload=0200000101000000...
[00:08:48] [SERIAL RX] Frame OK cmd=0x93 plen=50 payload=0000000000000000...
[00:08:49] [SERIAL RX] Frame OK cmd=0x91 plen=125 payload=E001000101000006...
[00:08:49] [SERIAL RX] Frame OK cmd=0x94 plen=68 payload=0200000101000000...
[00:08:49] [SERIAL RX] Frame OK cmd=0x93 plen=50 payload=0000000000000000...
[00:08:50] [SERIAL RX] Frame OK cmd=0x91 plen=125 payload=E101000101000006...
[00:08:50] [SERIAL RX] Frame OK cmd=0x94 plen=68 payload=0200000101000000...
[00:08:50] [SERIAL RX] Frame OK cmd=0x93 plen=50 payload=0000000000000000...
[00:08:51] [SERIAL RX] Frame OK cmd=0x91 plen=125 payload=E201000101000006...
[00:08:51] [SERIAL RX] Frame OK cmd=0x94 plen=68 payload=0200000101000000...
[00:08:51] [SERIAL RX] Frame OK cmd=0x93 plen=50 payload=0000000000000000...
[00:08:52] [SERIAL RX] Frame OK cmd=0x91 plen=125 payload=E301000101000006...
[00:08:52] [SERIAL RX] Frame OK cmd=0x94 plen=68 payload=0200000101000000...
[00:08:52] [SERIAL RX] Frame OK cmd=0x93 plen=50 payload=0000000000000000...
[00:08:53] [SERIAL RX] Frame OK cmd=0x91 plen=125 payload=E401000101000006...
[00:08:53] [SERIAL RX] Frame OK cmd=0x94 plen=68 payload=0200000101000000...
[00:08:53] [SERIAL RX] Frame OK cmd=0x93 plen=50 payload=0000000000000000...
[00:08:54] [SERIAL RX] Frame OK cmd=0x91 plen=125 payload=E501000101000006...
[00:08:54] [SERIAL RX] Frame OK cmd=0x94 plen=68 payload=0200000101000000...
[00:08:54] [SERIAL RX] Frame OK cmd=0x93 plen=50 payload=0000000000000000...
[00:08:55] [SERIAL RX] Frame OK cmd=0x91 plen=125 payload=E601000101000006...
[00:08:55] [SERIAL RX] Frame OK cmd=0x94 plen=68 payload=0200000101000000...
[00:08:55] [SERIAL RX] Frame OK cmd=0x93 plen=50 payload=0000000000000000...
[00:08:56] [SERIAL RX] Frame OK cmd=0x91 plen=125 payload=E701000101000006...
[00:08:56] [SERIAL RX] Frame OK cmd=0x94 plen=68 payload=0200000101000000...
[00:08:56] [SERIAL RX] Frame OK cmd=0x93 plen=50 payload=0000000000000000...
[00:08:57] [SERIAL RX] Frame OK cmd=0x91 plen=125 payload=E801000101000006...
[00:08:57] [SERIAL RX] Frame OK cmd=0x94 plen=68 payload=0200000101000000...
[00:08:57] [SERIAL RX] Frame OK cmd=0x93 plen=50 payload=0000000000000000...
[00:08:58] [SERIAL RX] Frame OK cmd=0x91 plen=125 payload=E901000101000006...
[00:08:58] [SERIAL RX] Frame OK cmd=0x94 plen=68 payload=0200000101000000...
[00:08:58] [SERIAL RX] Frame OK cmd=0x93 plen=50 payload=0000000000000000...
[00:08:59] [SERIAL RX] Frame OK cmd=0x91 plen=125 payload=EA01000101000006...
[00:08:59] [SERIAL RX] Frame OK cmd=0x94 plen=68 payload=0200000101000000...
[00:08:59] [SERIAL RX] Frame OK cmd=0x93 plen=50 payload=0000000000000000...
[00:09:00] [SERIAL RX] Frame OK cmd=0x91 plen=125 payload=EB01000101000006...
[00:09:00] [SERIAL RX] Frame OK cmd=0x94 plen=68 payload=0200000101000000...
[00:09:00] [SERIAL RX] Frame OK cmd=0x93 plen=50 payload=0000000000000000...
[00:09:01] [SERIAL RX] Frame OK cmd=0x91 plen=125 payload=EC01000101000006...
[00:09:01] [SERIAL RX] Frame OK cmd=0x94 plen=68 payload=0200000101000000...
[00:09:01] [SERIAL RX] Frame OK cmd=0x93 plen=50 payload=0000000000000000...
[00:09:02] [SERIAL RX] Frame OK cmd=0x91 plen=125 payload=ED01000101000006...
[00:09:02] [SERIAL RX] Frame OK cmd=0x94 plen=68 payload=0200000101000000...
[00:09:02] [SERIAL RX] Frame OK cmd=0x93 plen=50 payload=0000000000000000...
[00:09:03] [SERIAL RX] Frame OK cmd=0x91 plen=125 payload=EE01000101000006...
[00:09:03] [SERIAL RX] Frame OK cmd=0x94 plen=68 payload=0200000101000000...
[00:09:03] [SERIAL RX] Frame OK cmd=0x93 plen=50 payload=0000000000000000...
[00:09:04] [SERIAL RX] Frame OK cmd=0x91 plen=125 payload=EF01000101000006...
[00:09:04] [SERIAL RX] Frame OK cmd=0x94 plen=68 payload=0200000101000000...
[00:09:04] [SERIAL RX] Frame OK cmd=0x93 plen=50 payload=0000000000000000...
[00:09:05] [SERIAL RX] Frame OK cmd=0x91 plen=125 payload=F001000101000006...
[00:09:05] [SERIAL RX] Frame OK cmd=0x94 plen=68 payload=0200000101000000...
[00:09:05] [SERIAL RX] Frame OK cmd=0x93 plen=50 payload=0000000000000000...
[00:09:06] [SERIAL RX] Frame OK cmd=0x91 plen=125 payload=F101000101000006...
[00:09:06] [SERIAL RX] Frame OK cmd=0x94 plen=68 payload=0200000101000000...
[00:09:06] [SERIAL RX] Frame OK cmd=0x93 plen=50 payload=0000000000000000...
[00:09:07] [SERIAL RX] Frame OK cmd=0x91 plen=125 payload=F201000101000006...
[00:09:07] [SERIAL RX] Frame OK cmd=0x94 plen=68 payload=0200000101000000...
[00:09:07] [SERIAL RX] Frame OK cmd=0x93 plen=50 payload=0000000000000000...
[00:09:08] [SERIAL RX] Frame OK cmd=0x91 plen=125 payload=F301000101000006...
[00:09:08] [SERIAL RX] Frame OK cmd=0x94 plen=68 payload=0200000101000000...
[00:09:08] [SERIAL RX] Frame OK cmd=0x93 plen=50 payload=0000000000000000...
[00:09:09] [SERIAL RX] Frame OK cmd=0x91 plen=125 payload=F401000101000006...
[00:09:09] [SERIAL RX] Frame OK cmd=0x94 plen=68 payload=0200000101000000...
[00:09:09] [SERIAL RX] Frame OK cmd=0x93 plen=50 payload=0000000000000000...
[00:09:10] [SERIAL RX] Frame OK cmd=0x91 plen=125 payload=F501000101000006...
[00:09:10] [SERIAL RX] Frame OK cmd=0x94 plen=68 payload=0200000101000000...
[00:09:10] [SERIAL RX] Frame OK cmd=0x93 plen=50 payload=0000000000000000...
[00:09:11] [SERIAL RX] Frame OK cmd=0x91 plen=125 payload=F601000101000006...
[00:09:11] [SERIAL RX] Frame OK cmd=0x94 plen=68 payload=0200000101000000...
[00:09:11] [SERIAL RX] Frame OK cmd=0x93 plen=50 payload=0000000000000000...
[00:09:12] [SERIAL RX] Frame OK cmd=0x91 plen=125 payload=F701000101000006...
[00:09:12] [SERIAL RX] Frame OK cmd=0x94 plen=68 payload=0200000101000000...
[00:09:12] [SERIAL RX] Frame OK cmd=0x93 plen=50 payload=0000000000000000...
[00:09:13] [SERIAL RX] Frame OK cmd=0x91 plen=125 payload=F801000101000006...
[00:09:13] [SERIAL RX] Frame OK cmd=0x94 plen=68 payload=0200000101000000...
[00:09:13] [SERIAL RX] Frame OK cmd=0x93 plen=50 payload=0000000000000000...
[00:09:14] [SERIAL RX] Frame OK cmd=0x91 plen=125 payload=F901000101000006...
[00:09:14] [SERIAL RX] Frame OK cmd=0x94 plen=68 payload=0200000101000000...
[00:09:14] [SERIAL RX] Frame OK cmd=0x93 plen=50 payload=0000000000000000...
[00:09:15] [SERIAL RX] Frame OK cmd=0x91 plen=125 payload=FA01000101000006...
[00:09:15] [SERIAL RX] Frame OK cmd=0x94 plen=68 payload=0200000101000000...
[00:09:15] [SERIAL RX] Frame OK cmd=0x93 plen=50 payload=0000000000000000...
[00:09:16] [SERIAL RX] Frame OK cmd=0x91 plen=125 payload=FB01000101000006...
[00:09:16] [SERIAL RX] Frame OK cmd=0x94 plen=68 payload=0200000101000000...
[00:09:16] [SERIAL RX] Frame OK cmd=0x93 plen=50 payload=0000000000000000...
[00:09:17] [SERIAL RX] Frame OK cmd=0x91 plen=125 payload=FC01000101000006...
[00:09:17] [SERIAL RX] Frame OK cmd=0x94 plen=68 payload=0200000101000000...
[00:09:17] [SERIAL RX] Frame OK cmd=0x93 plen=50 payload=0000000000000000...
[00:09:18] [SERIAL RX] Frame OK cmd=0x91 plen=125 payload=FD01000101000006...
[00:09:18] [SERIAL RX] Frame OK cmd=0x94 plen=68 payload=0200000101000000...
[00:09:18] [SERIAL RX] Frame OK cmd=0x93 plen=50 payload=0000000000000000...
[00:09:19] [SERIAL RX] Frame OK cmd=0x91 plen=125 payload=FE01000101000006...
[00:09:19] [SERIAL RX] Frame OK cmd=0x94 plen=68 payload=0200000101000000...
[00:09:19] [SERIAL RX] Frame OK cmd=0x93 plen=50 payload=0000000000000000...
[00:09:20] [SERIAL RX] Frame OK cmd=0x91 plen=125 payload=FF01000101000006...
[00:09:20] [SERIAL RX] Frame OK cmd=0x94 plen=68 payload=0200000101000000...
[00:09:20] [SERIAL RX] Frame OK cmd=0x93 plen=50 payload=0000000000000000...
[00:09:21] [SERIAL RX] Frame OK cmd=0x91 plen=125 payload=0001000101000006...
[00:09:21] [SERIAL RX] Frame OK cmd=0x94 plen=68 payload=0200000101000000...
[00:09:21] [SERIAL RX] Frame OK cmd=0x93 plen=50 payload=0000000000000000...
[00:09:22] [SERIAL RX] Frame OK cmd=0x91 plen=125 payload=0101000101000006...
[00:09:22] [SERIAL RX] Frame OK cmd=0x94 plen=68 payload=0200000101000000...
[00:09:22] [SERIAL RX] Frame OK cmd=0x93 plen=50 payload=0000000000000000...
[00:09:23] [SERIAL RX] Frame OK cmd=0x91 plen=125 payload=0201000101000006...
[00:09:23] [SERIAL RX] Frame OK cmd=0x94 plen=68 payload=0200000101000000...
[00:09:23] [SERIAL RX] Frame OK cmd=0x93 plen=50 payload=0000000000000000...
[00:09:24] [SERIAL RX] Frame OK cmd=0x91 plen=125 payload=0301000101000006...
[00:09:24] [SERIAL RX] Frame OK cmd=0x94 plen=68 payload=0200000101000000...
[00:09:24] [SERIAL RX] Frame OK cmd=0x93 plen=50 payload=0000000000000000...
[00:09:25] [SERIAL RX] Frame OK cmd=0x91 plen=125 payload=0401000101000006...
[00:09:25] [SERIAL RX] Frame OK cmd=0x94 plen=68 payload=0200000101000000...
[00:09:25] [SERIAL RX] Frame OK cmd=0x93 plen=50 payload=0000000000000000...
[00:09:26] [SERIAL RX] Frame OK cmd=0x91 plen=125 payload=0501000101000006...
[00:09:26] [SERIAL RX] Frame OK cmd=0x94 plen=68 payload=0200000101000000...
[00:09:26] [SERIAL RX] Frame OK cmd=0x93 plen=50 payload=0000000000000000...
[00:09:27] [SERIAL RX] Frame OK cmd=0x91 plen=125 payload=0601000101000006...
[00:09:27] [SERIAL RX] Frame OK cmd=0x94 plen=68 payload=0200000101000000...
[00:09:27] [SERIAL RX] Frame OK cmd=0x93 plen=50 payload=0000000000000000...
[00:09:28] [SERIAL RX] Frame OK cmd=0x91 plen=125 payload=0701000101000006...
[00:09:28] [SERIAL RX] Frame OK cmd=0x94 plen=68 payload=0200000101000000...
[00:09:28] [SERIAL RX] Frame OK cmd=0x93 plen=50 payload=0000000000000000...
[00:09:29] [SERIAL RX] Frame OK cmd=0x91 plen=125 payload=0801000101000006...
[00:09:29] [SERIAL RX] Frame OK cmd=0x94 plen=68 payload=0200000101000000...
[00:09:29] [SERIAL RX] Frame OK cmd=0x93 plen=50 payload=0000000000000000...
[00:09:30] [SERIAL RX] Frame OK cmd=0x91 plen=125 payload=0901000101000006...
[00:09:30] [SERIAL RX] Frame OK cmd=0x94 plen=68 payload=0200000101000000...
[00:09:30] [SERIAL RX] Frame OK cmd=0x93 plen=50 payload=0000000000000000...
[00:09:31] [SERIAL RX] Frame OK cmd=0x91 plen=125 payload=0A01000101000006...
[00:09:31] [SERIAL RX] Frame OK cmd=0x94 plen=68 payload=0200000101000000...
[00:09:31] [SERIAL RX] Frame OK cmd=0x93 plen=50 payload=0000000000000000...
[00:09:32] [SERIAL RX] Frame OK cmd=0x91 plen=125 payload=0B01000101000006...
[00:09:32] [SERIAL RX] Frame OK cmd=0x94 plen=68 payload=0200000101000000...
[00:09:32] [SERIAL RX] Frame OK cmd=0x93 plen=50 payload=0000000000000000...
[00:09:33] [SERIAL RX] Frame OK cmd=0x91 plen=125 payload=0C01000101000006...
[00:09:33] [SERIAL RX] Frame OK cmd=0x94 plen=68 payload=0200000101000000...
[00:09:33] [SERIAL RX] Frame OK cmd=0x93 plen=50 payload=0000000000000000...
[00:09:34] [SERIAL RX] Frame OK cmd=0x91 plen=125 payload=0D01000101000006...
[00:09:34] [SERIAL RX] Frame OK cmd=0x94 plen=68 payload=0200000101000000...
[00:09:34] [SERIAL RX] Frame OK cmd=0x93 plen=50 payload=0000000000000000...
[00:09:35] [SERIAL RX] Frame OK cmd=0x91 plen=125 payload=0E01000101000006...
[00:09:35] [SERIAL RX] Frame OK cmd=0x94 plen=68 payload=0200000101000000...
[00:09:35] [SERIAL RX] Frame OK cmd=0x93 plen=50 payload=0000000000000000...
[00:09:36] [SERIAL RX] Frame OK cmd=0x91 plen=125 payload=0F01000101000006...
[00:09:36] [SERIAL RX] Frame OK cmd=0x94 plen=68 payload=0200000101000000...
[00:09:36] [SERIAL RX] Frame OK cmd=0x93 plen=50 payload=0000000000000000...
[00:09:37] [SERIAL RX] Frame OK cmd=0x91 plen=125 payload=1001000101000006...
[00:09:37] [SERIAL RX] Frame OK cmd=0x94 plen=68 payload=0200000101000000...
[00:09:37] [SERIAL RX] Frame OK cmd=0x93 plen=50 payload=0000000000000000...
[00:09:38] [SERIAL RX] Frame OK cmd=0x91 plen=125 payload=1101000101000006...
[00:09:38] [SERIAL RX] Frame OK cmd=0x94 plen=68 payload=0200000101000000...
[00:09:38] [SERIAL RX] Frame OK cmd=0x93 plen=50 payload=0000000000000000...
[00:09:39] [SERIAL RX] Frame OK cmd=0x91 plen=125 payload=1201000101000006...
[00:09:39] [SERIAL RX] Frame OK cmd=0x94 plen=68 payload=0200000101000000...
[00:09:39] [SERIAL RX] Frame OK cmd=0x93 plen=50 payload=0000000000000000...
[00:09:40] [SERIAL RX] Frame OK cmd=0x91 plen=125 payload=1301000101000006...
[00:09:40] [SERIAL RX] Frame OK cmd=0x94 plen=68 payload=0200000101000000...
[00:09:40] [SERIAL RX] Frame OK cmd=0x93 plen=50 payload=0000000000000000...
[00:09:41] [SERIAL RX] Frame OK cmd=0x91 plen=125 payload=1401000101000006...
[00:09:41] [SERIAL RX] Frame OK cmd=0x94 plen=68 payload=0200000101000000...
[00:09:41] [SERIAL RX] Frame OK cmd=0x93 plen=50 payload=0000000000000000...
[00:09:42] [SERIAL RX] Frame OK cmd=0x91 plen=125 payload=1501000101000006...
[00:09:42] [SERIAL RX] Frame OK cmd=0x94 plen=68 payload=0200000101000000...
[00:09:42] [SERIAL RX] Frame OK cmd=0x93 plen=50 payload=0000000000000000...
[00:09:43] [SERIAL RX] Frame OK cmd=0x91 plen=125 payload=1601000101000006...
[00:09:43] [SERIAL RX] Frame OK cmd=0x94 plen=68 payload=0200000101000000...
[00:09:43] [SERIAL RX] Frame OK cmd=0x93 plen=50 payload=0000000000000000...
[00:09:44] [SERIAL RX] Frame OK cmd=0x91 plen=125 payload=1701000101000006...
[00:09:44] [SERIAL RX] Frame OK cmd=0x94 plen=68 payload=0200000101000000...
[00:09:44] [SERIAL RX] Frame OK cmd=0x93 plen=50 payload=0000000000000000...
[00:09:45] [SERIAL RX] Frame OK cmd=0x91 plen=125 payload=1801000101000006...
[00:09:45] [SERIAL RX] Frame OK cmd=0x94 plen=68 payload=0200000101000000...
[00:09:45] [SERIAL RX] Frame OK cmd=0x93 plen=50 payload=0000000000000000...
[00:09:46] [SERIAL RX] Frame OK cmd=0x91 plen=125 payload=1901000101000006...
[00:09:46] [SERIAL RX] Frame OK cmd=0x94 plen=68 payload=0200000101000000...
[00:09:46] [SERIAL RX] Frame OK cmd=0x93 plen=50 payload=0000000000000000...
[00:09:47] [SERIAL RX] Frame OK cmd=0x91 plen=125 payload=1A01000101000006...
[00:09:47] [SERIAL RX] Frame OK cmd=0x94 plen=68 payload=0200000101000000...
[00:09:47] [SERIAL RX] Frame OK cmd=0x93 plen=50 payload=0000000000000000...
[00:09:48] [SERIAL RX] Frame OK cmd=0x91 plen=125 payload=1B01000101000006...
[00:09:48] [SERIAL RX] Frame OK cmd=0x94 plen=68 payload=0200000101000000...
[00:09:48] [SERIAL RX] Frame OK cmd=0x93 plen=50 payload=0000000000000000...
[00:09:49] [SERIAL RX] Frame OK cmd=0x91 plen=125 payload=1C01000101000006...
[00:09:49] [SERIAL RX] Frame OK cmd=0x94 plen=68 payload=0200000101000000...
[00:09:49] [SERIAL RX] Frame OK cmd=0x93 plen=50 payload=0000000000000000...
[00:09:50] [SERIAL RX] Frame OK cmd=0x91 plen=125 payload=1D01000101000006...
[00:09:50] [SERIAL RX] Frame OK cmd=0x94 plen=68 payload=0200000101000000...
[00:09:50] [SERIAL RX] Frame OK cmd=0x93 plen=50 payload=0000000000000000...
[00:09:51] [SERIAL RX] Frame OK cmd=0x91 plen=125 payload=1E01000101000006...
[00:09:51] [SERIAL RX] Frame OK cmd=0x94 plen=68 payload=0200000101000000...
[00:09:51] [SERIAL RX] Frame OK cmd=0x93 plen=50 payload=0000000000000000...
[00:09:52] [SERIAL RX] Frame OK cmd=0x91 plen=125 payload=1F01000101000006...
[00:09:52] [SERIAL RX] Frame OK cmd=0x94 plen=68 payload=0200000101000000...
[00:09:52] [SERIAL RX] Frame OK cmd=0x93 plen=50 payload=0000000000000000...
[00:09:53] [SERIAL RX] Frame OK cmd=0x91 plen=125 payload=2001000101000006...
[00:09:53] [SERIAL RX] Frame OK cmd=0x94 plen=68 payload=0200000101000000...
[00:09:53] [SERIAL RX] Frame OK cmd=0x93 plen=50 payload=0000000000000000...
[00:09:54] [SERIAL RX] Frame OK cmd=0x91 plen=125 payload=2101000101000006...
[00:09:54] [SERIAL RX] Frame OK cmd=0x94 plen=68 payload=0200000101000000...
[00:09:54] [SERIAL RX] Frame OK cmd=0x93 plen=50 payload=0000000000000000...
[00:09:55] [SERIAL RX] Frame OK cmd=0x91 plen=125 payload=2201000101000006...
[00:09:55] [SERIAL RX] Frame OK cmd=0x94 plen=68 payload=0200000101000000...
[00:09:55] [SERIAL RX] Frame OK cmd=0x93 plen=50 payload=0000000000000000...
[00:09:56] [SERIAL RX] Frame OK cmd=0x91 plen=125 payload=2301000101000006...
[00:09:56] [SERIAL RX] Frame OK cmd=0x94 plen=68 payload=0200000101000000...
[00:09:56] [SERIAL RX] Frame OK cmd=0x93 plen=50 payload=0000000000000000...
[00:09:57] [SERIAL RX] Frame OK cmd=0x91 plen=125 payload=2401000101000006...
[00:09:57] [SERIAL RX] Frame OK cmd=0x94 plen=68 payload=0200000101000000...
[00:09:57] [SERIAL RX] Frame OK cmd=0x93 plen=50 payload=0000000000000000...
[00:09:58] [SERIAL RX] Frame OK cmd=0x91 plen=125 payload=2501000101000006...
[00:09:58] [SERIAL RX] Frame OK cmd=0x94 plen=68 payload=0200000101000000...
[00:09:58] [SERIAL RX] Frame OK cmd=0x93 plen=50 payload=0000000000000000...
[00:09:59] [SERIAL RX] Frame OK cmd=0x91 plen=125 payload=2601000101000006...
[00:09:59] [SERIAL RX] Frame OK cmd=0x94 plen=68 payload=0200000101000000...
[00:09:59] [SERIAL RX] Frame OK cmd=0x93 plen=50 payload=0000000000000000...
[00:10:00] [SERIAL RX] Frame OK cmd=0x91 plen=125 payload=2701000101000006...
[00:10:00] [SERIAL RX] Frame OK cmd=0x94 plen=68 payload=0200000101000000...
[00:10:00] [SERIAL RX] Frame OK cmd=0x93 plen=50 payload=0000000000000000...
[00:10:01] [SERIAL RX] Frame OK cmd=0x91 plen=125 payload=2801000101000006...
[00:10:01] [SERIAL RX] Frame OK cmd=0x94 plen=68 payload=0200000101000000...
[00:10:01] [SERIAL RX] Frame OK cmd=0x93 plen=50 payload=0000000000000000...
[00:10:02] [SERIAL RX] Frame OK cmd=0x91 plen=125 payload=2901000101000006...
[00:10:02] [SERIAL RX] Frame OK cmd=0x94 plen=68 payload=0200000101000000...
[00:10:02] [SERIAL RX] Frame OK cmd=0x93 plen=50 payload=0000000000000000...
[00:10:03] [SERIAL RX] Frame OK cmd=0x91 plen=125 payload=2A01000101000006...
[00:10:03] [SERIAL RX] Frame OK cmd=0x94 plen=68 payload=0200000101000000...
[00:10:03] [SERIAL RX] Frame OK cmd=0x93 plen=50 payload=0000000000000000...
[00:10:04] [SERIAL RX] Frame OK cmd=0x91 plen=125 payload=2B01000101000006...
[00:10:04] [SERIAL RX] Frame OK cmd=0x94 plen=68 payload=0200000101000000...
[00:10:04] [SERIAL RX] Frame OK cmd=0x93 plen=50 payload=0000000000000000...
[00:10:05] [SERIAL RX] Frame OK cmd=0x91 plen=125 payload=2C01000101000006...
[00:10:05] [SERIAL RX] Frame OK cmd=0x94 plen=68 payload=0200000101000000...
[00:10:05] [SERIAL RX] Frame OK cmd=0x93 plen=50 payload=0000000000000000...
[00:10:06] [SERIAL RX] Frame OK cmd=0x91 plen=125 payload=2D01000101000006...
[00:10:06] [SERIAL RX] Frame OK cmd=0x94 plen=68 payload=0200000101000000...
[00:10:06] [SERIAL RX] Frame OK cmd=0x93 plen=50 payload=0000000000000000...
[00:10:07] [SERIAL RX] Frame OK cmd=0x91 plen=125 payload=2E01000101000006...
[00:10:07] [SERIAL RX] Frame OK cmd=0x94 plen=68 payload=0200000101000000...
[00:10:07] [SERIAL RX] Frame OK cmd=0x93 plen=50 payload=0000000000000000...
[00:10:08] [SERIAL RX] Frame OK cmd=0x91 plen=125 payload=2F01000101000006...
[00:10:08] [SERIAL RX] Frame OK cmd=0x94 plen=68 payload=0200000101000000...
[00:10:08] [SERIAL RX] Frame OK cmd=0x93 plen=50 payload=0000000000000000...
[00:10:09] [SERIAL RX] Frame OK cmd=0x91 plen=125 payload=3001000101000006...
[00:10:09] [SERIAL RX] Frame OK cmd=0x94 plen=68 payload=0200000101000000...
[00:10:09] [SERIAL RX] Frame OK cmd=0x93 plen=50 payload=0000000000000000...
[00:10:10] [SERIAL RX] Frame OK cmd=0x91 plen=125 payload=3101000101000006...
[00:10:10] [SERIAL RX] Frame OK cmd=0x94 plen=68 payload=0200000101000000...
[00:10:10] [SERIAL RX] Frame OK cmd=0x93 plen=50 payload=0000000000000000...
[00:10:11] [SERIAL RX] Frame OK cmd=0x91 plen=125 payload=3201000101000006...
[00:10:11] [SERIAL RX] Frame OK cmd=0x94 plen=68 payload=0200000101000000...
[00:10:11] [SERIAL RX] Frame OK cmd=0x93 plen=50 payload=0000000000000000...
[00:10:12] [SERIAL RX] Frame OK cmd=0x91 plen=125 payload=3301000101000006...
[00:10:12] [SERIAL RX] Frame OK cmd=0x94 plen=68 payload=0200000101000000...
[00:10:12] [SERIAL RX] Frame OK cmd=0x93 plen=50 payload=0000000000000000...
[00:10:13] [SERIAL RX] Frame OK cmd=0x91 plen=125 payload=3401000101000006...
[00:10:13] [SERIAL RX] Frame OK cmd=0x94 plen=68 payload=0200000101000000...
[00:10:13] [SERIAL RX] Frame OK cmd=0x93 plen=50 payload=0000000000000000...
[00:10:14] [SERIAL RX] Frame OK cmd=0x91 plen=125 payload=3501000101000006...
[00:10:14] [SERIAL RX] Frame OK cmd=0x94 plen=68 payload=0200000101000000...
[00:10:14] [SERIAL RX] Frame OK cmd=0x93 plen=50 payload=0000000000000000...
[00:10:15] [SERIAL RX] Frame OK cmd=0x91 plen=125 payload=3601000101000006...
[00:10:15] [SERIAL RX] Frame OK cmd=0x94 plen=68 payload=0200000101000000...
[00:10:15] [SERIAL RX] Frame OK cmd=0x93 plen=50 payload=0000000000000000...
[00:10:16] [SERIAL RX] Frame OK cmd=0x91 plen=125 payload=3701000101000006...
[00:10:16] [SERIAL RX] Frame OK cmd=0x94 plen=68 payload=0200000101000000...
[00:10:16] [SERIAL RX] Frame OK cmd=0x93 plen=50 payload=0000000000000000...
[00:10:17] [SERIAL RX] Frame OK cmd=0x91 plen=125 payload=3801000101000006...
[00:10:17] [SERIAL RX] Frame OK cmd=0x94 plen=68 payload=0200000101000000...
[00:10:17] [SERIAL RX] Frame OK cmd=0x93 plen=50 payload=0000000000000000...
[00:10:18] [SERIAL RX] Frame OK cmd=0x91 plen=125 payload=3901000101000006...
[00:10:18] [SERIAL RX] Frame OK cmd=0x94 plen=68 payload=0200000101000000...
[00:10:18] [SERIAL RX] Frame OK cmd=0x93 plen=50 payload=0000000000000000...
[00:10:19] [SERIAL RX] Frame OK cmd=0x91 plen=125 payload=3A01000101000006...
[00:10:19] [SERIAL RX] Frame OK cmd=0x94 plen=68 payload=0200000101000000...
[00:10:19] [SERIAL RX] Frame OK cmd=0x93 plen=50 payload=0000000000000000...
[00:10:20] [SERIAL RX] Frame OK cmd=0x91 plen=125 payload=3B01000101000006...
[00:10:20] [SERIAL RX] Frame OK cmd=0x94 plen=68 payload=0200000101000000...
[00:10:20] [SERIAL RX] Frame OK cmd=0x93 plen=50 payload=0000000000000000...
[00:10:21] [SERIAL RX] Frame OK cmd=0x91 plen=125 payload=3C01000101000006...
[00:10:21] [SERIAL RX] Frame OK cmd=0x94 plen=68 payload=0200000101000000...
[00:10:21] [SERIAL RX] Frame OK cmd=0x93 plen=50 payload=0000000000000000...
[00:10:22] [SERIAL RX] Frame OK cmd=0x91 plen=125 payload=3D01000101000006...
[00:10:22] [SERIAL RX] Frame OK cmd=0x94 plen=68 payload=0200000101000000...
[00:10:22] [SERIAL RX] Frame OK cmd=0x93 plen=50 payload=0000000000000000...
[00:10:23] [SERIAL RX] Frame OK cmd=0x91 plen=125 payload=3E01000101000006...
[00:10:23] [SERIAL RX] Frame OK cmd=0x94 plen=68 payload=0200000101000000...
[00:10:23] [SERIAL RX] Frame OK cmd=0x93 plen=50 payload=0000000000000000...
[00:10:24] [SERIAL RX] Frame OK cmd=0x91 plen=125 payload=3F01000101000006...
[00:10:24] [SERIAL RX] Frame OK cmd=0x94 plen=68 payload=0200000101000000...
[00:10:24] [SERIAL RX] Frame OK cmd=0x93 plen=50 payload=0000000000000000...
[00:10:25] [SERIAL RX] Frame OK cmd=0x91 plen=125 payload=4001000101000006...
[00:10:25] [SERIAL RX] Frame OK cmd=0x94 plen=68 payload=0200000101000000...
[00:10:25] [SERIAL RX] Frame OK cmd=0x93 plen=50 payload=0000000000000000...
[00:10:26] [SERIAL RX] Frame OK cmd=0x91 plen=125 payload=4101000101000006...
[00:10:26] [SERIAL RX] Frame OK cmd=0x94 plen=68 payload=0200000101000000...
[00:10:26] [SERIAL RX] Frame OK cmd=0x93 plen=50 payload=0000000000000000...
[00:10:27] [SERIAL RX] Frame OK cmd=0x91 plen=125 payload=4201000101000006...
[00:10:27] [SERIAL RX] Frame OK cmd=0x94 plen=68 payload=0200000101000000...
[00:10:27] [SERIAL RX] Frame OK cmd=0x93 plen=50 payload=0000000000000000...
[00:10:28] [SERIAL RX] Frame OK cmd=0x91 plen=125 payload=4301000101000006...
[00:10:28] [SERIAL RX] Frame OK cmd=0x94 plen=68 payload=0200000101000000...
[00:10:28] [SERIAL RX] Frame OK cmd=0x93 plen=50 payload=0000000000000000...
[00:10:29] [SERIAL RX] Frame OK cmd=0x91 plen=125 payload=4401000101000006...
[00:10:29] [SERIAL RX] Frame OK cmd=0x94 plen=68 payload=0200000101000000...
[00:10:29] [SERIAL RX] Frame OK cmd=0x93 plen=50 payload=0000000000000000...
[00:10:30] [SERIAL RX] Frame OK cmd=0x91 plen=125 payload=4501000101000006...
[00:10:30] [SERIAL RX] Frame OK cmd=0x94 plen=68 payload=0200000101000000...
[00:10:30] [SERIAL RX] Frame OK cmd=0x93 plen=50 payload=0000000000000000...
[00:10:31] [SERIAL RX] Frame OK cmd=0x91 plen=125 payload=4601000101000006...
[00:10:31] [SERIAL RX] Frame OK cmd=0x94 plen=68 payload=0200000101000000...
[00:10:31] [SERIAL RX] Frame OK cmd=0x93 plen=50 payload=0000000000000000...
[00:10:32] [SERIAL RX] Frame OK cmd=0x91 plen=125 payload=4701000101000006...
[00:10:32] [SERIAL RX] Frame OK cmd=0x94 plen=68 payload=0200000101000000...
[00:10:32] [SERIAL RX] Frame OK cmd=0x93 plen=50 payload=0000000000000000...
[00:10:33] [SERIAL RX] Frame OK cmd=0x91 plen=125 payload=4801000101000006...
[00:10:33] [SERIAL RX] Frame OK cmd=0x94 plen=68 payload=0200000101000000...
[00:10:33] [SERIAL RX] Frame OK cmd=0x93 plen=50 payload=0000000000000000...
[00:10:34] [SERIAL RX] Frame OK cmd=0x91 plen=125 payload=4901000101000006...
[00:10:34] [SERIAL RX] Frame OK cmd=0x94 plen=68 payload=0200000101000000...
[00:10:34] [SERIAL RX] Frame OK cmd=0x93 plen=50 payload=0000000000000000...
[00:10:35] [SERIAL RX] Frame OK cmd=0x91 plen=125 payload=4A01000101000006...
[00:10:35] [SERIAL RX] Frame OK cmd=0x94 plen=68 payload=0200000101000000...
[00:10:35] [SERIAL RX] Frame OK cmd=0x93 plen=50 payload=0000000000000000...
[00:10:36] [SERIAL RX] Frame OK cmd=0x91 plen=125 payload=4B01000101000006...
[00:10:36] [SERIAL RX] Frame OK cmd=0x94 plen=68 payload=0200000101000000...
[00:10:36] [SERIAL RX] Frame OK cmd=0x93 plen=50 payload=0000000000000000...
[00:10:37] [SERIAL RX] Frame OK cmd=0x91 plen=125 payload=4C01000101000006...
[00:10:37] [SERIAL RX] Frame OK cmd=0x94 plen=68 payload=0200000101000000...
[00:10:37] [SERIAL RX] Frame OK cmd=0x93 plen=50 payload=0000000000000000...
[00:10:38] [SERIAL RX] Frame OK cmd=0x91 plen=125 payload=4D01000101000006...
[00:10:38] [SERIAL RX] Frame OK cmd=0x94 plen=68 payload=0200000101000000...
[00:10:38] [SERIAL RX] Frame OK cmd=0x93 plen=50 payload=0000000000000000...
[00:10:39] [SERIAL RX] Frame OK cmd=0x91 plen=125 payload=4E01000101000006...
[00:10:39] [SERIAL RX] Frame OK cmd=0x94 plen=68 payload=0200000101000000...
[00:10:39] [SERIAL RX] Frame OK cmd=0x93 plen=50 payload=0000000000000000...
[00:10:40] [SERIAL RX] Frame OK cmd=0x91 plen=125 payload=4F01000101000006...
[00:10:40] [SERIAL RX] Frame OK cmd=0x94 plen=68 payload=0200000101000000...
[00:10:40] [SERIAL RX] Frame OK cmd=0x93 plen=50 payload=0000000000000000...
[00:10:41] [SERIAL RX] Frame OK cmd=0x91 plen=125 payload=5001000101000006...
[00:10:41] [SERIAL RX] Frame OK cmd=0x94 plen=68 payload=0200000101000000...
[00:10:41] [SERIAL RX] Frame OK cmd=0x93 plen=50 payload=0000000000000000...
[00:10:42] [SERIAL RX] Frame OK cmd=0x91 plen=125 payload=5101000101000006...
[00:10:42] [SERIAL RX] Frame OK cmd=0x94 plen=68 payload=0200000101000000...
[00:10:42] [SERIAL RX] Frame OK cmd=0x93 plen=50 payload=0000000000000000...
[00:10:43] [SERIAL RX] Frame OK cmd=0x91 plen=125 payload=5201000101000006...
[00:10:43] [SERIAL RX] Frame OK cmd=0x94 plen=68 payload=0200000101000000...
[00:10:43] [SERIAL RX] Frame OK cmd=0x93 plen=50 payload=0000000000000000...
[00:10:44] [SERIAL RX] Frame OK cmd=0x91 plen=125 payload=5301000101000006...
[00:10:44] [SERIAL RX] Frame OK cmd=0x94 plen=68 payload=0200000101000000...
[00:10:44] [SERIAL RX] Frame OK cmd=0x93 plen=50 payload=0000000000000000...
[00:10:45] [SERIAL RX] Frame OK cmd=0x91 plen=125 payload=5401000101000006...
[00:10:45] [SERIAL RX] Frame OK cmd=0x94 plen=68 payload=0200000101000000...
[00:10:45] [SERIAL RX] Frame OK cmd=0x93 plen=50 payload=0000000000000000...
[00:10:46] [SERIAL RX] Frame OK cmd=0x91 plen=125 payload=5501000101000006...
[00:10:46] [SERIAL RX] Frame OK cmd=0x94 plen=68 payload=0200000101000000...
[00:10:46] [SERIAL RX] Frame OK cmd=0x93 plen=50 payload=0000000000000000...
[00:10:47] [SERIAL RX] Frame OK cmd=0x91 plen=125 payload=5601000101000006...
[00:10:47] [SERIAL RX] Frame OK cmd=0x94 plen=68 payload=0200000101000000...
[00:10:47] [SERIAL RX] Frame OK cmd=0x93 plen=50 payload=0000000000000000...
[00:10:48] [SERIAL RX] Frame OK cmd=0x91 plen=125 payload=5701000101000006...
[00:10:48] [SERIAL RX] Frame OK cmd=0x94 plen=68 payload=0200000101000000...
[00:10:48] [SERIAL RX] Frame OK cmd=0x93 plen=50 payload=0000000000000000...
[00:10:49] [SERIAL RX] Frame OK cmd=0x91 plen=125 payload=5801000101000006...
[00:10:49] [SERIAL RX] Frame OK cmd=0x94 plen=68 payload=0200000101000000...
[00:10:49] [SERIAL RX] Frame OK cmd=0x93 plen=50 payload=0000000000000000...
[00:10:50] [SERIAL RX] Frame OK cmd=0x91 plen=125 payload=5901000101000006...
[00:10:50] [SERIAL RX] Frame OK cmd=0x94 plen=68 payload=0200000101000000...
[00:10:50] [SERIAL RX] Frame OK cmd=0x93 plen=50 payload=0000000000000000...
[00:10:51] [SERIAL RX] Frame OK cmd=0x91 plen=125 payload=5A01000101000006...
[00:10:51] [SERIAL RX] Frame OK cmd=0x94 plen=68 payload=0200000101000000...
[00:10:51] [SERIAL RX] Frame OK cmd=0x93 plen=50 payload=0000000000000000...
[00:10:52] [SERIAL RX] Frame OK cmd=0x91 plen=125 payload=5B01000101000006...
[00:10:52] [SERIAL RX] Frame OK cmd=0x94 plen=68 payload=0200000101000000...
[00:10:52] [SERIAL RX] Frame OK cmd=0x93 plen=50 payload=0000000000000000...
[00:10:53] [SERIAL RX] Frame OK cmd=0x91 plen=125 payload=5C01000101000006...
[00:10:53] [SERIAL RX] Frame OK cmd=0x94 plen=68 payload=0200000101000000...
[00:10:53] [SERIAL RX] Frame OK cmd=0x93 plen=50 payload=0000000000000000...
[00:10:54] [SERIAL RX] Frame OK cmd=0x91 plen=125 payload=5D01000101000006...
[00:10:54] [SERIAL RX] Frame OK cmd=0x94 plen=68 payload=0200000101000000...
[00:10:54] [SERIAL RX] Frame OK cmd=0x93 plen=50 payload=0000000000000000...
[00:10:55] [SERIAL RX] Frame OK cmd=0x91 plen=125 payload=5E01000101000006...
[00:10:55] [SERIAL RX] Frame OK cmd=0x94 plen=68 payload=0200000101000000...
[00:10:55] [SERIAL RX] Frame OK cmd=0x93 plen=50 payload=0000000000000000...
[00:10:56] [SERIAL RX] Frame OK cmd=0x91 plen=125 payload=5F01000101000006...
[00:10:56] [SERIAL RX] Frame OK cmd=0x94 plen=68 payload=0200000101000000...
[00:10:56] [SERIAL RX] Frame OK cmd=0x93 plen=50 payload=0000000000000000...
[00:10:57] [SERIAL RX] Frame OK cmd=0x91 plen=125 payload=6001000101000006...
[00:10:57] [SERIAL RX] Frame OK cmd=0x94 plen=68 payload=0200000101000000...
[00:10:57] [SERIAL RX] Frame OK cmd=0x93 plen=50 payload=0000000000000000...
[00:10:58] [SERIAL RX] Frame OK cmd=0x91 plen=125 payload=6101000101000006...
[00:10:58] [SERIAL RX] Frame OK cmd=0x94 plen=68 payload=0200000101000000...
[00:10:58] [SERIAL RX] Frame OK cmd=0x93 plen=50 payload=0000000000000000...
[00:10:59] [SERIAL RX] Frame OK cmd=0x91 plen=125 payload=6201000101000006...
[00:10:59] [SERIAL RX] Frame OK cmd=0x94 plen=68 payload=0200000101000000...
[00:10:59] [SERIAL RX] Frame OK cmd=0x93 plen=50 payload=0000000000000000...
[00:11:00] [SERIAL RX] Frame OK cmd=0x91 plen=125 payload=6301000101000006...
[00:11:00] [SERIAL RX] Frame OK cmd=0x94 plen=68 payload=0200000101000000...
[00:11:00] [SERIAL RX] Frame OK cmd=0x93 plen=50 payload=0000000000000000...
[00:11:01] [SERIAL RX] Frame OK cmd=0x91 plen=125 payload=6401000101000006...
[00:11:01] [SERIAL RX] Frame OK cmd=0x94 plen=68 payload=0200000101000000...
[00:11:01] [SERIAL RX] Frame OK cmd=0x93 plen=50 payload=0000000000000000...
[00:11:02] [SERIAL RX] Frame OK cmd=0x91 plen=125 payload=6501000101000006...
[00:11:02] [SERIAL RX] Frame OK cmd=0x94 plen=68 payload=0200000101000000...
[00:11:02] [SERIAL RX] Frame OK cmd=0x93 plen=50 payload=0000000000000000...
[00:11:03] [SERIAL RX] Frame OK cmd=0x91 plen=125 payload=6601000101000006...
[00:11:03] [SERIAL RX] Frame OK cmd=0x94 plen=68 payload=0200000101000000...
[00:11:03] [SERIAL RX] Frame OK cmd=0x93 plen=50 payload=0000000000000000...
[00:11:04] [SERIAL RX] Frame OK cmd=0x91 plen=125 payload=6701000101000006...
[00:11:04] [SERIAL RX] Frame OK cmd=0x94 plen=68 payload=0200000101000000...
[00:11:04] [SERIAL RX] Frame OK cmd=0x93 plen=50 payload=0000000000000000...
[00:11:05] [SERIAL RX] Frame OK cmd=0x91 plen=125 payload=6801000101000006...
[00:11:05] [SERIAL RX] Frame OK cmd=0x94 plen=68 payload=0200000101000000...
[00:11:05] [SERIAL RX] Frame OK cmd=0x93 plen=50 payload=0000000000000000...
[00:11:06] [SERIAL RX] Frame OK cmd=0x91 plen=125 payload=6901000101000006...
[00:11:06] [SERIAL RX] Frame OK cmd=0x94 plen=68 payload=0200000101000000...
[00:11:06] [SERIAL RX] Frame OK cmd=0x93 plen=50 payload=0000000000000000...
[00:11:07] [SERIAL RX] Frame OK cmd=0x91 plen=125 payload=6A01000101000006...
[00:11:07] [SERIAL RX] Frame OK cmd=0x94 plen=68 payload=0200000101000000...
[00:11:07] [SERIAL RX] Frame OK cmd=0x93 plen=50 payload=0000000000000000...
[00:11:08] [SERIAL RX] Frame OK cmd=0x91 plen=125 payload=6B01000101000006...
[00:11:08] [SERIAL RX] Frame OK cmd=0x94 plen=68 payload=0200000101000000...
[00:11:08] [SERIAL RX] Frame OK cmd=0x93 plen=50 payload=0000000000000000...
[00:11:09] [SERIAL RX] Frame OK cmd=0x91 plen=125 payload=6C01000101000006...
[00:11:09] [SERIAL RX] Frame OK cmd=0x94 plen=68 payload=0200000101000000...
[00:11:09] [SERIAL RX] Frame OK cmd=0x93 plen=50 payload=0000000000000000...
[00:11:10] [SERIAL RX] Frame OK cmd=0x91 plen=125 payload=6D01000101000006...
[00:11:10] [SERIAL RX] Frame OK cmd=0x94 plen=68 payload=0200000101000000...
[00:11:10] [SERIAL RX] Frame OK cmd=0x93 plen=50 payload=0000000000000000...
[00:11:11] [SERIAL RX] Frame OK cmd=0x91 plen=125 payload=6E01000101000006...
[00:11:11] [SERIAL RX] Frame OK cmd=0x94 plen=68 payload=0200000101000000...
[00:11:11] [SERIAL RX] Frame OK cmd=0x93 plen=50 payload=0000000000000000...
[00:11:12] [SERIAL RX] Frame OK cmd=0x91 plen=125 payload=6F01000101000006...
[00:11:12] [SERIAL RX] Frame OK cmd=0x94 plen=68 payload=0200000101000000...
[00:11:12] [SERIAL RX] Frame OK cmd=0x93 plen=50 payload=0000000000000000...
[00:11:13] [SERIAL RX] Frame OK cmd=0x91 plen=125 payload=7001000101000006...
[00:11:13] [SERIAL RX] Frame OK cmd=0x94 plen=68 payload=0200000101000000...
[00:11:13] [SERIAL RX] Frame OK cmd=0x93 plen=50 payload=0000000000000000...
[00:11:14] [SERIAL RX] Frame OK cmd=0x91 plen=125 payload=7101000101000006...
[00:11:14] [SERIAL RX] Frame OK cmd=0x94 plen=68 payload=0200000101000000...
[00:11:14] [SERIAL RX] Frame OK cmd=0x93 plen=50 payload=0000000000000000...
[00:11:15] [SERIAL RX] Frame OK cmd=0x91 plen=125 payload=7201000101000006...
[00:11:15] [SERIAL RX] Frame OK cmd=0x94 plen=68 payload=0200000101000000...
[00:11:15] [SERIAL RX] Frame OK cmd=0x93 plen=50 payload=0000000000000000...
[00:11:16] [SERIAL RX] Frame OK cmd=0x91 plen=125 payload=7301000101000006...
[00:11:16] [SERIAL RX] Frame OK cmd=0x94 plen=68 payload=0200000101000000...
[00:11:16] [SERIAL RX] Frame OK cmd=0x93 plen=50 payload=0000000000000000...
[00:11:17] [SERIAL RX] Frame OK cmd=0x91 plen=125 payload=7401000101000006...
[00:11:17] [SERIAL RX] Frame OK cmd=0x94 plen=68 payload=0200000101000000...
[00:11:17] [SERIAL RX] Frame OK cmd=0x93 plen=50 payload=0000000000000000...
[00:11:18] [SERIAL RX] Frame OK cmd=0x91 plen=125 payload=7501000101000006...
[00:11:18] [SERIAL RX] Frame OK cmd=0x94 plen=68 payload=0200000101000000...
[00:11:18] [SERIAL RX] Frame OK cmd=0x93 plen=50 payload=0000000000000000...
[00:11:19] [SERIAL RX] Frame OK cmd=0x91 plen=125 payload=7601000101000006...
[00:11:19] [SERIAL RX] Frame OK cmd=0x94 plen=68 payload=0200000101000000...
[00:11:19] [SERIAL RX] Frame OK cmd=0x93 plen=50 payload=0000000000000000...
[00:11:20] [SERIAL RX] Frame OK cmd=0x91 plen=125 payload=7701000101000006...
[00:11:20] [SERIAL RX] Frame OK cmd=0x94 plen=68 payload=0200000101000000...
[00:11:20] [SERIAL RX] Frame OK cmd=0x93 plen=50 payload=0000000000000000...
[00:11:21] [SERIAL RX] Frame OK cmd=0x91 plen=125 payload=7801000101000006...
[00:11:21] [SERIAL RX] Frame OK cmd=0x94 plen=68 payload=0200000101000000...
[00:11:21] [SERIAL RX] Frame OK cmd=0x93 plen=50 payload=0000000000000000...
[00:11:22] [SERIAL RX] Frame OK cmd=0x91 plen=125 payload=7901000101000006...
[00:11:22] [SERIAL RX] Frame OK cmd=0x94 plen=68 payload=0200000101000000...
[00:11:22] [SERIAL RX] Frame OK cmd=0x93 plen=50 payload=0000000000000000...
[00:11:23] [SERIAL RX] Frame OK cmd=0x91 plen=125 payload=7A01000101000006...
[00:11:23] [SERIAL RX] Frame OK cmd=0x94 plen=68 payload=0200000101000000...
[00:11:23] [SERIAL RX] Frame OK cmd=0x93 plen=50 payload=0000000000000000...
[00:11:24] [SERIAL RX] Frame OK cmd=0x91 plen=125 payload=7B01000101000006...
[00:11:24] [SERIAL RX] Frame OK cmd=0x94 plen=68 payload=0200000101000000...
[00:11:24] [SERIAL RX] Frame OK cmd=0x93 plen=50 payload=0000000000000000...
[00:11:25] [SERIAL RX] Frame OK cmd=0x91 plen=125 payload=7C01000101000006...
[00:11:25] [SERIAL RX] Frame OK cmd=0x94 plen=68 payload=0200000101000000...
[00:11:25] [SERIAL RX] Frame OK cmd=0x93 plen=50 payload=0000000000000000...
[00:11:26] [SERIAL RX] Frame OK cmd=0x91 plen=125 payload=7D01000101000006...
[00:11:26] [SERIAL RX] Frame OK cmd=0x94 plen=68 payload=0200000101000000...
[00:11:26] [SERIAL RX] Frame OK cmd=0x93 plen=50 payload=0000000000000000...
[00:11:27] [SERIAL RX] Frame OK cmd=0x91 plen=125 payload=7E01000101000006...
[00:11:27] [SERIAL RX] Frame OK cmd=0x94 plen=68 payload=0200000101000000...
[00:11:27] [SERIAL RX] Frame OK cmd=0x93 plen=50 payload=0000000000000000...
[00:11:28] [SERIAL RX] Frame OK cmd=0x91 plen=125 payload=7F01000101000006...
[00:11:28] [SERIAL RX] Frame OK cmd=0x94 plen=68 payload=0200000101000000...
[00:11:28] [SERIAL RX] Frame OK cmd=0x93 plen=50 payload=0000000000000000...
[00:11:29] [SERIAL RX] Frame OK cmd=0x91 plen=125 payload=8001000101000006...
[00:11:29] [SERIAL RX] Frame OK cmd=0x94 plen=68 payload=0200000101000000...
[00:11:29] [SERIAL RX] Frame OK cmd=0x93 plen=50 payload=0000000000000000...
[00:11:30] [SERIAL RX] Frame OK cmd=0x91 plen=125 payload=8101000101000006...
[00:11:30] [SERIAL RX] Frame OK cmd=0x94 plen=68 payload=0200000101000000...
[00:11:30] [SERIAL RX] Frame OK cmd=0x93 plen=50 payload=0000000000000000...
[00:11:31] [SERIAL RX] Frame OK cmd=0x91 plen=125 payload=8201000101000006...
[00:11:31] [SERIAL RX] Frame OK cmd=0x94 plen=68 payload=0200000101000000...
[00:11:31] [SERIAL RX] Frame OK cmd=0x93 plen=50 payload=0000000000000000...
[00:11:32] [SERIAL RX] Frame OK cmd=0x91 plen=125 payload=8301000101000006...
[00:11:32] [SERIAL RX] Frame OK cmd=0x94 plen=68 payload=0200000101000000...
[00:11:32] [SERIAL RX] Frame OK cmd=0x93 plen=50 payload=0000000000000000...
[00:11:33] [SERIAL RX] Frame OK cmd=0x91 plen=125 payload=8401000101000006...
[00:11:33] [SERIAL RX] Frame OK cmd=0x94 plen=68 payload=0200000101000000...
[00:11:33] [SERIAL RX] Frame OK cmd=0x93 plen=50 payload=0000000000000000...
[00:11:34] [SERIAL RX] Frame OK cmd=0x91 plen=125 payload=8501000101000006...
[00:11:34] [SERIAL RX] Frame OK cmd=0x94 plen=68 payload=0200000101000000...
[00:11:34] [SERIAL RX] Frame OK cmd=0x93 plen=50 payload=0000000000000000...
[00:11:35] [SERIAL RX] Frame OK cmd=0x91 plen=125 payload=8601000101000006...
[00:11:35] [SERIAL RX] Frame OK cmd=0x94 plen=68 payload=0200000101000000...
[00:11:35] [SERIAL RX] Frame OK cmd=0x93 plen=50 payload=0000000000000000...
[00:11:36] [SERIAL RX] Frame OK cmd=0x91 plen=125 payload=8701000101000006...
[00:11:36] [SERIAL RX] Frame OK cmd=0x94 plen=68 payload=0200000101000000...
[00:11:36] [SERIAL RX] Frame OK cmd=0x93 plen=50 payload=0000000000000000...
[00:11:37] [SERIAL RX] Frame OK cmd=0x91 plen=125 payload=8801000101000006...
[00:11:37] [SERIAL RX] Frame OK cmd=0x94 plen=68 payload=0200000101000000...
[00:11:37] [SERIAL RX] Frame OK cmd=0x93 plen=50 payload=0000000000000000...
[00:11:38] [SERIAL RX] Frame OK cmd=0x91 plen=125 payload=8901000101000006...
[00:11:38] [SERIAL RX] Frame OK cmd=0x94 plen=68 payload=0200000101000000...
[00:11:38] [SERIAL RX] Frame OK cmd=0x93 plen=50 payload=0000000000000000...
[00:11:39] [SERIAL RX] Frame OK cmd=0x91 plen=125 payload=8A01000101000006...
[00:11:39] [SERIAL RX] Frame OK cmd=0x94 plen=68 payload=0200000101000000...
[00:11:39] [SERIAL RX] Frame OK cmd=0x93 plen=50 payload=0000000000000000...
[00:11:40] [SERIAL RX] Frame OK cmd=0x91 plen=125 payload=8B01000101000006...
[00:11:40] [SERIAL RX] Frame OK cmd=0x94 plen=68 payload=0200000101000000...
[00:11:40] [SERIAL RX] Frame OK cmd=0x93 plen=50 payload=0000000000000000...
[00:11:41] [SERIAL RX] Frame OK cmd=0x91 plen=125 payload=8C01000101000006...
[00:11:41] [SERIAL RX] Frame OK cmd=0x94 plen=68 payload=0200000101000000...
[00:11:41] [SERIAL RX] Frame OK cmd=0x93 plen=50 payload=0000000000000000...
[00:11:42] [SERIAL RX] Frame OK cmd=0x91 plen=125 payload=8D01000101000006...
[00:11:42] [SERIAL RX] Frame OK cmd=0x94 plen=68 payload=0200000101000000...
[00:11:42] [SERIAL RX] Frame OK cmd=0x93 plen=50 payload=0000000000000000...
[00:11:43] [SERIAL RX] Frame OK cmd=0x91 plen=125 payload=8E01000101000006...
[00:11:43] [SERIAL RX] Frame OK cmd=0x94 plen=68 payload=0200000101000000...
[00:11:43] [SERIAL RX] Frame OK cmd=0x93 plen=50 payload=0000000000000000...
[00:11:44] [SERIAL RX] Frame OK cmd=0x91 plen=125 payload=8F01000101000006...
[00:11:44] [SERIAL RX] Frame OK cmd=0x94 plen=68 payload=0200000101000000...
[00:11:44] [SERIAL RX] Frame OK cmd=0x93 plen=50 payload=0000000000000000...
[00:11:45] [SERIAL RX] Frame OK cmd=0x91 plen=125 payload=9001000101000006...
[00:11:45] [SERIAL RX] Frame OK cmd=0x94 plen=68 payload=0200000101000000...
[00:11:45] [SERIAL RX] Frame OK cmd=0x93 plen=50 payload=0000000000000000...
[00:11:46] [SERIAL RX] Frame OK cmd=0x91 plen=125 payload=9101000101000006...
[00:11:46] [SERIAL RX] Frame OK cmd=0x94 plen=68 payload=0200000101000000...
[00:11:46] [SERIAL RX] Frame OK cmd=0x93 plen=50 payload=0000000000000000...
[00:11:47] [SERIAL RX] Frame OK cmd=0x91 plen=125 payload=9201000101000006...
[00:11:47] [SERIAL RX] Frame OK cmd=0x94 plen=68 payload=0200000101000000...
[00:11:47] [SERIAL RX] Frame OK cmd=0x93 plen=50 payload=0000000000000000...
[00:11:48] [SERIAL RX] Frame OK cmd=0x91 plen=125 payload=9301000101000006...
[00:11:48] [SERIAL RX] Frame OK cmd=0x94 plen=68 payload=0200000101000000...
[00:11:48] [SERIAL RX] Frame OK cmd=0x93 plen=50 payload=0000000000000000...
[00:11:49] [SERIAL RX] Frame OK cmd=0x91 plen=125 payload=9401000101000006...
[00:11:49] [SERIAL RX] Frame OK cmd=0x94 plen=68 payload=0200000101000000...
[00:11:49] [SERIAL RX] Frame OK cmd=0x93 plen=50 payload=0000000000000000...
[00:11:50] [SERIAL RX] Frame OK cmd=0x91 plen=125 payload=9501000101000006...
[00:11:50] [SERIAL RX] Frame OK cmd=0x94 plen=68 payload=0200000101000000...
[00:11:50] [SERIAL RX] Frame OK cmd=0x93 plen=50 payload=0000000000000000...
[00:11:51] [SERIAL RX] Frame OK cmd=0x91 plen=125 payload=9601000101000006...
[00:11:51] [SERIAL RX] Frame OK cmd=0x94 plen=68 payload=0200000101000000...
[00:11:51] [SERIAL RX] Frame OK cmd=0x93 plen=50 payload=0000000000000000...
[00:11:52] [SERIAL RX] Frame OK cmd=0x91 plen=125 payload=9701000101000006...
[00:11:52] [SERIAL RX] Frame OK cmd=0x94 plen=68 payload=0200000101000000...
[00:11:52] [SERIAL RX] Frame OK cmd=0x93 plen=50 payload=0000000000000000...
[00:11:53] [SERIAL RX] Frame OK cmd=0x91 plen=125 payload=9801000101000006...
[00:11:53] [SERIAL RX] Frame OK cmd=0x94 plen=68 payload=0200000101000000...
[00:11:53] [SERIAL RX] Frame OK cmd=0x93 plen=50 payload=0000000000000000...
[00:11:54] [SERIAL RX] Frame OK cmd=0x91 plen=125 payload=9901000101000006...
[00:11:54] [SERIAL RX] Frame OK cmd=0x94 plen=68 payload=0200000101000000...
[00:11:54] [SERIAL RX] Frame OK cmd=0x93 plen=50 payload=0000000000000000...
[00:11:55] [SERIAL RX] Frame OK cmd=0x91 plen=125 payload=9A01000101000006...
[00:11:55] [SERIAL RX] Frame OK cmd=0x94 plen=68 payload=0200000101000000...
[00:11:55] [SERIAL RX] Frame OK cmd=0x93 plen=50 payload=0000000000000000...
[00:11:56] [SERIAL RX] Frame OK cmd=0x91 plen=125 payload=9B01000101000006...
[00:11:56] [SERIAL RX] Frame OK cmd=0x94 plen=68 payload=0200000101000000...
[00:11:56] [SERIAL RX] Frame OK cmd=0x93 plen=50 payload=0000000000000000...
[00:11:57] [SERIAL RX] Frame OK cmd=0x91 plen=125 payload=9C01000101000006...
[00:11:57] [SERIAL RX] Frame OK cmd=0x94 plen=68 payload=0200000101000000...
[00:11:57] [SERIAL RX] Frame OK cmd=0x93 plen=50 payload=0000000000000000...
[00:11:58] [SERIAL RX] Frame OK cmd=0x91 plen=125 payload=9D01000101000006...
[00:11:58] [SERIAL RX] Frame OK cmd=0x94 plen=68 payload=0200000101000000...
[00:11:58] [SERIAL RX] Frame OK cmd=0x93 plen=50 payload=0000000000000000...
[00:11:59] [SERIAL RX] Frame OK cmd=0x91 plen=125 payload=9E01000101000006...
[00:11:59] [SERIAL RX] Frame OK cmd=0x94 plen=68 payload=0200000101000000...
[00:11:59] [SERIAL RX] Frame OK cmd=0x93 plen=50 payload=0000000000000000...
[00:12:00] [SERIAL RX] Frame OK cmd=0x91 plen=125 payload=9F01000101000006...
[00:12:00] [SERIAL RX] Frame OK cmd=0x94 plen=68 payload=0200000101000000...
[00:12:00] [SERIAL RX] Frame OK cmd=0x93 plen=50 payload=0000000000000000...
[00:12:01] [SERIAL RX] Frame OK cmd=0x91 plen=125 payload=A001000101000006...
[00:12:01] [SERIAL RX] Frame OK cmd=0x94 plen=68 payload=0200000101000000...
[00:12:01] [SERIAL RX] Frame OK cmd=0x93 plen=50 payload=0000000000000000...
[00:12:02] [SERIAL RX] Frame OK cmd=0x91 plen=125 payload=A101000101000006...
[00:12:02] [SERIAL RX] Frame OK cmd=0x94 plen=68 payload=0200000101000000...
[00:12:02] [SERIAL RX] Frame OK cmd=0x93 plen=50 payload=0000000000000000...
[00:12:03] [SERIAL RX] Frame OK cmd=0x91 plen=125 payload=A201000101000006...
[00:12:03] [SERIAL RX] Frame OK cmd=0x94 plen=68 payload=0200000101000000...
[00:12:03] [SERIAL RX] Frame OK cmd=0x93 plen=50 payload=0000000000000000...
[00:12:04] [SERIAL RX] Frame OK cmd=0x91 plen=125 payload=A301000101000006...
[00:12:04] [SERIAL RX] Frame OK cmd=0x94 plen=68 payload=0200000101000000...
[00:12:04] [SERIAL RX] Frame OK cmd=0x93 plen=50 payload=0000000000000000...
[00:12:05] [SERIAL RX] Frame OK cmd=0x91 plen=125 payload=A401000101000006...
[00:12:05] [SERIAL RX] Frame OK cmd=0x94 plen=68 payload=0200000101000000...
[00:12:05] [SERIAL RX] Frame OK cmd=0x93 plen=50 payload=0000000000000000...
[00:12:06] [SERIAL RX] Frame OK cmd=0x91 plen=125 payload=A501000101000006...
[00:12:06] [SERIAL RX] Frame OK cmd=0x94 plen=68 payload=0200000101000000...
[00:12:06] [SERIAL RX] Frame OK cmd=0x93 plen=50 payload=0000000000000000...
[00:12:07] [SERIAL RX] Frame OK cmd=0x91 plen=125 payload=A601000101000006...
[00:12:07] [SERIAL RX] Frame OK cmd=0x94 plen=68 payload=0200000101000000...
[00:12:07] [SERIAL RX] Frame OK cmd=0x93 plen=50 payload=0000000000000000...
[00:12:08] [SERIAL RX] Frame OK cmd=0x91 plen=125 payload=A701000101000006...
[00:12:08] [SERIAL RX] Frame OK cmd=0x94 plen=68 payload=0200000101000000...
[00:12:08] [SERIAL RX] Frame OK cmd=0x93 plen=50 payload=0000000000000000...
[00:12:09] [SERIAL RX] Frame OK cmd=0x91 plen=125 payload=A801000101000006...
[00:12:09] [SERIAL RX] Frame OK cmd=0x94 plen=68 payload=0200000101000000...
[00:12:09] [SERIAL RX] Frame OK cmd=0x93 plen=50 payload=0000000000000000...
[00:12:10] [SERIAL RX] Frame OK cmd=0x91 plen=125 payload=A901000101000006...
[00:12:10] [SERIAL RX] Frame OK cmd=0x94 plen=68 payload=0200000101000000...
[00:12:10] [SERIAL RX] Frame OK cmd=0x93 plen=50 payload=0000000000000000...
[00:12:11] [SERIAL RX] Frame OK cmd=0x91 plen=125 payload=AA01000101000006...
[00:12:11] [SERIAL RX] Frame OK cmd=0x94 plen=68 payload=0200000101000000...
[00:12:11] [SERIAL RX] Frame OK cmd=0x93 plen=50 payload=0000000000000000...
[00:12:12] [SERIAL RX] Frame OK cmd=0x91 plen=125 payload=AB01000101000006...
[00:12:12] [SERIAL RX] Frame OK cmd=0x94 plen=68 payload=0200000101000000...
[00:12:12] [SERIAL RX] Frame OK cmd=0x93 plen=50 payload=0000000000000000...
[00:12:13] [SERIAL RX] Frame OK cmd=0x91 plen=125 payload=AC01000101000006...
[00:12:13] [SERIAL RX] Frame OK cmd=0x94 plen=68 payload=0200000101000000...
[00:12:13] [SERIAL RX] Frame OK cmd=0x93 plen=50 payload=0000000000000000...
[00:12:14] [SERIAL RX] Frame OK cmd=0x91 plen=125 payload=AD01000101000006...
[00:12:14] [SERIAL RX] Frame OK cmd=0x94 plen=68 payload=0200000101000000...
[00:12:14] [SERIAL RX] Frame OK cmd=0x93 plen=50 payload=0000000000000000...
[00:12:15] [SERIAL RX] Frame OK cmd=0x91 plen=125 payload=AE01000101000006...
[00:12:15] [SERIAL RX] Frame OK cmd=0x94 plen=68 payload=0200000101000000...
[00:12:15] [SERIAL RX] Frame OK cmd=0x93 plen=50 payload=0000000000000000...
[00:12:16] [SERIAL RX] Frame OK cmd=0x91 plen=125 payload=AF01000101000006...
[00:12:16] [SERIAL RX] Frame OK cmd=0x94 plen=68 payload=0200000101000000...
[00:12:16] [SERIAL RX] Frame OK cmd=0x93 plen=50 payload=0000000000000000...
[00:12:17] [SERIAL RX] Frame OK cmd=0x91 plen=125 payload=B001000101000006...
[00:12:17] [SERIAL RX] Frame OK cmd=0x94 plen=68 payload=0200000101000000...
[00:12:17] [SERIAL RX] Frame OK cmd=0x93 plen=50 payload=0000000000000000...
[00:12:18] [SERIAL RX] Frame OK cmd=0x91 plen=125 payload=B101000101000006...
[00:12:18] [SERIAL RX] Frame OK cmd=0x94 plen=68 payload=0200000101000000...
[00:12:18] [SERIAL RX] Frame OK cmd=0x93 plen=50 payload=0000000000000000...
[00:12:19] [SERIAL RX] Frame OK cmd=0x91 plen=125 payload=B201000101000006...
[00:12:19] [SERIAL RX] Frame OK cmd=0x94 plen=68 payload=0200000101000000...
[00:12:19] [SERIAL RX] Frame OK cmd=0x93 plen=50 payload=0000000000000000...
[00:12:20] [SERIAL RX] Frame OK cmd=0x91 plen=125 payload=B301000101000006...
[00:12:20] [SERIAL RX] Frame OK cmd=0x94 plen=68 payload=0200000101000000...
[00:12:20] [SERIAL RX] Frame OK cmd=0x93 plen=50 payload=0000000000000000...
[00:12:21] [SERIAL RX] Frame OK cmd=0x91 plen=125 payload=B401000101000006...
[00:12:21] [SERIAL RX] Frame OK cmd=0x94 plen=68 payload=0200000101000000...
[00:12:21] [SERIAL RX] Frame OK cmd=0x93 plen=50 payload=0000000000000000...
[00:12:22] [SERIAL RX] Frame OK cmd=0x91 plen=125 payload=B501000101000006...
[00:12:22] [SERIAL RX] Frame OK cmd=0x94 plen=68 payload=0200000101000000...
[00:12:22] [SERIAL RX] Frame OK cmd=0x93 plen=50 payload=0000000000000000...
[00:12:23] [SERIAL RX] Frame OK cmd=0x91 plen=125 payload=B601000101000006...
[00:12:23] [SERIAL RX] Frame OK cmd=0x94 plen=68 payload=0200000101000000...
[00:12:23] [SERIAL RX] Frame OK cmd=0x93 plen=50 payload=0000000000000000...
[00:12:24] [SERIAL RX] Frame OK cmd=0x91 plen=125 payload=B701000101000006...
[00:12:24] [SERIAL RX] Frame OK cmd=0x94 plen=68 payload=0200000101000000...
[00:12:24] [SERIAL RX] Frame OK cmd=0x93 plen=50 payload=0000000000000000...
[00:12:25] [SERIAL RX] Frame OK cmd=0x91 plen=125 payload=B801000101000006...
[00:12:25] [SERIAL RX] Frame OK cmd=0x94 plen=68 payload=0200000101000000...
[00:12:25] [SERIAL RX] Frame OK cmd=0x93 plen=50 payload=0000000000000000...
[00:12:26] [SERIAL RX] Frame OK cmd=0x91 plen=125 payload=B901000101000006...
[00:12:26] [SERIAL RX] Frame OK cmd=0x94 plen=68 payload=0200000101000000...
[00:12:26] [SERIAL RX] Frame OK cmd=0x93 plen=50 payload=0000000000000000...
[00:12:27] [SERIAL RX] Frame OK cmd=0x91 plen=125 payload=BA01000101000006...
[00:12:27] [SERIAL RX] Frame OK cmd=0x94 plen=68 payload=0200000101000000...
[00:12:27] [SERIAL RX] Frame OK cmd=0x93 plen=50 payload=0000000000000000...
[00:12:28] [SERIAL RX] Frame OK cmd=0x91 plen=125 payload=BB01000101000006...
[00:12:28] [SERIAL RX] Frame OK cmd=0x94 plen=68 payload=0200000101000000...
[00:12:28] [SERIAL RX] Frame OK cmd=0x93 plen=50 payload=0000000000000000...
[00:12:29] [SERIAL RX] Frame OK cmd=0x91 plen=125 payload=BC01000101000006...
[00:12:29] [SERIAL RX] Frame OK cmd=0x94 plen=68 payload=0200000101000000...
[00:12:29] [SERIAL RX] Frame OK cmd=0x93 plen=50 payload=0000000000000000...
[00:12:30] [SERIAL RX] Frame OK cmd=0x91 plen=125 payload=BD01000101000006...
[00:12:30] [SERIAL RX] Frame OK cmd=0x94 plen=68 payload=0200000101000000...
[00:12:30] [SERIAL RX] Frame OK cmd=0x93 plen=50 payload=0000000000000000...
[00:12:31] [SERIAL RX] Frame OK cmd=0x91 plen=125 payload=BE01000101000006...
[00:12:31] [SERIAL RX] Frame OK cmd=0x94 plen=68 payload=0200000101000000...
[00:12:31] [SERIAL RX] Frame OK cmd=0x93 plen=50 payload=0000000000000000...
[00:12:32] [SERIAL RX] Frame OK cmd=0x91 plen=125 payload=BF01000101000006...
[00:12:32] [SERIAL RX] Frame OK cmd=0x94 plen=68 payload=0200000101000000...
[00:12:32] [SERIAL RX] Frame OK cmd=0x93 plen=50 payload=0000000000000000...
[00:12:33] [SERIAL RX] Frame OK cmd=0x91 plen=125 payload=C001000101000006...
[00:12:33] [SERIAL RX] Frame OK cmd=0x94 plen=68 payload=0200000101000000...
[00:12:33] [SERIAL RX] Frame OK cmd=0x93 plen=50 payload=0000000000000000...
[00:12:34] [SERIAL RX] Frame OK cmd=0x91 plen=125 payload=C101000101000006...
[00:12:34] [SERIAL RX] Frame OK cmd=0x94 plen=68 payload=0200000101000000...
[00:12:34] [SERIAL RX] Frame OK cmd=0x93 plen=50 payload=0000000000000000...
[00:12:35] [SERIAL RX] Frame OK cmd=0x91 plen=125 payload=C201000101000006...
[00:12:35] [SERIAL RX] Frame OK cmd=0x94 plen=68 payload=0200000101000000...
[00:12:35] [SERIAL RX] Frame OK cmd=0x93 plen=50 payload=0000000000000000...
[00:12:36] [SERIAL RX] Frame OK cmd=0x91 plen=125 payload=C301000101000006...
[00:12:36] [SERIAL RX] Frame OK cmd=0x94 plen=68 payload=0200000101000000...
[00:12:36] [SERIAL RX] Frame OK cmd=0x93 plen=50 payload=0000000000000000...
[00:12:37] [SERIAL RX] Frame OK cmd=0x91 plen=125 payload=C401000101000006...
[00:12:37] [SERIAL RX] Frame OK cmd=0x94 plen=68 payload=0200000101000000...
[00:12:37] [SERIAL RX] Frame OK cmd=0x93 plen=50 payload=0000000000000000...
[00:12:38] [SERIAL RX] Frame OK cmd=0x91 plen=125 payload=C501000101000006...
[00:12:38] [SERIAL RX] Frame OK cmd=0x94 plen=68 payload=0200000101000000...
[00:12:38] [SERIAL RX] Frame OK cmd=0x93 plen=50 payload=0000000000000000...
[00:12:39] [SERIAL RX] Frame OK cmd=0x91 plen=125 payload=C601000101000006...
[00:12:39] [SERIAL RX] Frame OK cmd=0x94 plen=68 payload=0200000101000000...
[00:12:39] [SERIAL RX] Frame OK cmd=0x93 plen=50 payload=0000000000000000...
[00:12:40] [SERIAL RX] Frame OK cmd=0x91 plen=125 payload=C701000101000006...
[00:12:40] [SERIAL RX] Frame OK cmd=0x94 plen=68 payload=0200000101000000...
[00:12:40] [SERIAL RX] Frame OK cmd=0x93 plen=50 payload=0000000000000000...
[00:12:41] [SERIAL RX] Frame OK cmd=0x91 plen=125 payload=C801000101000006...
[00:12:41] [SERIAL RX] Frame OK cmd=0x94 plen=68 payload=0200000101000000...
[00:12:41] [SERIAL RX] Frame OK cmd=0x93 plen=50 payload=0000000000000000...
[00:12:42] [SERIAL RX] Frame OK cmd=0x91 plen=125 payload=C901000101000006...
[00:12:42] [SERIAL RX] Frame OK cmd=0x94 plen=68 payload=0200000101000000...
[00:12:42] [SERIAL RX] Frame OK cmd=0x93 plen=50 payload=0000000000000000...
[00:12:43] [SERIAL RX] Frame OK cmd=0x91 plen=125 payload=CA01000101000006...
[00:12:43] [SERIAL RX] Frame OK cmd=0x94 plen=68 payload=0200000101000000...
[00:12:43] [SERIAL RX] Frame OK cmd=0x93 plen=50 payload=0000000000000000...
[00:12:44] [SERIAL RX] Frame OK cmd=0x91 plen=125 payload=CB01000101000006...
[00:12:44] [SERIAL RX] Frame OK cmd=0x94 plen=68 payload=0200000101000000...
[00:12:44] [SERIAL RX] Frame OK cmd=0x93 plen=50 payload=0000000000000000...
[00:12:45] [SERIAL RX] Frame OK cmd=0x91 plen=125 payload=CC01000101000006...
[00:12:45] [SERIAL RX] Frame OK cmd=0x94 plen=68 payload=0200000101000000...
[00:12:45] [SERIAL RX] Frame OK cmd=0x93 plen=50 payload=0000000000000000...
[00:12:46] [SERIAL RX] Frame OK cmd=0x91 plen=125 payload=CD01000101000006...
[00:12:46] [SERIAL RX] Frame OK cmd=0x94 plen=68 payload=0200000101000000...
[00:12:46] [SERIAL RX] Frame OK cmd=0x93 plen=50 payload=0000000000000000...
[00:12:47] [SERIAL RX] Frame OK cmd=0x91 plen=125 payload=CE01000101000006...
[00:12:47] [SERIAL RX] Frame OK cmd=0x94 plen=68 payload=0200000101000000...
[00:12:47] [SERIAL RX] Frame OK cmd=0x93 plen=50 payload=0000000000000000...
[00:12:48] [SERIAL RX] Frame OK cmd=0x91 plen=125 payload=CF01000101000006...
[00:12:48] [SERIAL RX] Frame OK cmd=0x94 plen=68 payload=0200000101000000...
[00:12:48] [SERIAL RX] Frame OK cmd=0x93 plen=50 payload=0000000000000000...
[00:12:49] [SERIAL RX] Frame OK cmd=0x91 plen=125 payload=D001000101000006...
[00:12:49] [SERIAL RX] Frame OK cmd=0x94 plen=68 payload=0200000101000000...
[00:12:49] [SERIAL RX] Frame OK cmd=0x93 plen=50 payload=0000000000000000...
[00:12:50] [SERIAL RX] Frame OK cmd=0x91 plen=125 payload=D101000101000006...
[00:12:50] [SERIAL RX] Frame OK cmd=0x94 plen=68 payload=0200000101000000...
[00:12:50] [SERIAL RX] Frame OK cmd=0x93 plen=50 payload=0000000000000000...
[00:12:51] [SERIAL RX] Frame OK cmd=0x91 plen=125 payload=D201000101000006...
[00:12:51] [SERIAL RX] Frame OK cmd=0x94 plen=68 payload=0200000101000000...
[00:12:51] [SERIAL RX] Frame OK cmd=0x93 plen=50 payload=0000000000000000...
[00:12:52] [SERIAL RX] Frame OK cmd=0x91 plen=125 payload=D301000101000006...
[00:12:52] [SERIAL RX] Frame OK cmd=0x94 plen=68 payload=0200000101000000...
[00:12:52] [SERIAL RX] Frame OK cmd=0x93 plen=50 payload=0000000000000000...
[00:12:53] [SERIAL RX] Frame OK cmd=0x91 plen=125 payload=D401000101000006...
[00:12:53] [SERIAL RX] Frame OK cmd=0x94 plen=68 payload=0200000101000000...
[00:12:53] [SERIAL RX] Frame OK cmd=0x93 plen=50 payload=0000000000000000...
[00:12:54] [SERIAL RX] Frame OK cmd=0x91 plen=125 payload=D501000101000006...
[00:12:54] [SERIAL RX] Frame OK cmd=0x94 plen=68 payload=0200000101000000...
[00:12:54] [SERIAL RX] Frame OK cmd=0x93 plen=50 payload=0000000000000000...
[00:12:55] [SERIAL RX] Frame OK cmd=0x91 plen=125 payload=D601000101000006...
[00:12:55] [SERIAL RX] Frame OK cmd=0x94 plen=68 payload=0200000101000000...
[00:12:55] [SERIAL RX] Frame OK cmd=0x93 plen=50 payload=0000000000000000...
[00:12:56] [SERIAL RX] Frame OK cmd=0x91 plen=125 payload=D701000101000006...
[00:12:56] [SERIAL RX] Frame OK cmd=0x94 plen=68 payload=0200000101000000...
[00:12:56] [SERIAL RX] Frame OK cmd=0x93 plen=50 payload=0000000000000000...
[00:12:57] [SERIAL RX] Frame OK cmd=0x91 plen=125 payload=D801000101000006...
[00:12:57] [SERIAL RX] Frame OK cmd=0x94 plen=68 payload=0200000101000000...
[00:12:57] [SERIAL RX] Frame OK cmd=0x93 plen=50 payload=0000000000000000...
[00:12:58] [SERIAL RX] Frame OK cmd=0x91 plen=125 payload=D901000101000006...
[00:12:58] [SERIAL RX] Frame OK cmd=0x94 plen=68 payload=0200000101000000...
[00:12:58] [SERIAL RX] Frame OK cmd=0x93 plen=50 payload=0000000000000000...
[00:12:59] [SERIAL RX] Frame OK cmd=0x91 plen=125 payload=DA01000101000006...
[00:12:59] [SERIAL RX] Frame OK cmd=0x94 plen=68 payload=0200000101000000...
[00:12:59] [SERIAL RX] Frame OK cmd=0x93 plen=50 payload=0000000000000000...
[00:13:00] [SERIAL RX] Frame OK cmd=0x91 plen=125 payload=DB01000101000006...
[00:13:00] [SERIAL RX] Frame OK cmd=0x94 plen=68 payload=0200000101000000...
[00:13:00] [SERIAL RX] Frame OK cmd=0x93 plen=50 payload=0000000000000000...
[00:13:01] [SERIAL RX] Frame OK cmd=0x91 plen=125 payload=DC01000101000006...
[00:13:01] [SERIAL RX] Frame OK cmd=0x94 plen=68 payload=0200000101000000...
[00:13:01] [SERIAL RX] Frame OK cmd=0x93 plen=50 payload=0000000000000000...
[00:13:02] [SERIAL RX] Frame OK cmd=0x91 plen=125 payload=DD01000101000006...
[00:13:02] [SERIAL RX] Frame OK cmd=0x94 plen=68 payload=0200000101000000...
[00:13:02] [SERIAL RX] Frame OK cmd=0x93 plen=50 payload=0000000000000000...
[00:13:03] [SERIAL RX] Frame OK cmd=0x91 plen=125 payload=DE01000101000006...
[00:13:03] [SERIAL RX] Frame OK cmd=0x94 plen=68 payload=0200000101000000...
[00:13:03] [SERIAL RX] Frame OK cmd=0x93 plen=50 payload=0000000000000000...
[00:13:04] [SERIAL RX] Frame OK cmd=0x91 plen=125 payload=DF01000101000006...
[00:13:04] [SERIAL RX] Frame OK cmd=0x94 plen=68 payload=0200000101000000...
[00:13:04] [SERIAL RX] Frame OK cmd=0x93 plen=50 payload=0000000000000000...
[00:13:05] [SERIAL RX] Frame OK cmd=0x91 plen=125 payload=E001000101000006...
[00:13:05] [SERIAL RX] Frame OK cmd=0x94 plen=68 payload=0200000101000000...
[00:13:05] [SERIAL RX] Frame OK cmd=0x93 plen=50 payload=0000000000000000...
[00:13:06] [SERIAL RX] Frame OK cmd=0x91 plen=125 payload=E101000101000006...
[00:13:06] [SERIAL RX] Frame OK cmd=0x94 plen=68 payload=0200000101000000...
[00:13:06] [SERIAL RX] Frame OK cmd=0x93 plen=50 payload=0000000000000000...
[00:13:07] [SERIAL RX] Frame OK cmd=0x91 plen=125 payload=E201000101000006...
[00:13:07] [SERIAL RX] Frame OK cmd=0x94 plen=68 payload=0200000101000000...
[00:13:07] [SERIAL RX] Frame OK cmd=0x93 plen=50 payload=0000000000000000...
[00:13:08] [SERIAL RX] Frame OK cmd=0x91 plen=125 payload=E301000101000006...
[00:13:08] [SERIAL RX] Frame OK cmd=0x94 plen=68 payload=0200000101000000...
[00:13:08] [SERIAL RX] Frame OK cmd=0x93 plen=50 payload=0000000000000000...
[00:13:09] [SERIAL RX] Frame OK cmd=0x91 plen=125 payload=E401000101000006...
[00:13:09] [SERIAL RX] Frame OK cmd=0x94 plen=68 payload=0200000101000000...
[00:13:09] [SERIAL RX] Frame OK cmd=0x93 plen=50 payload=0000000000000000...
[00:13:10] [SERIAL RX] Frame OK cmd=0x91 plen=125 payload=E501000101000006...
[00:13:10] [SERIAL RX] Frame OK cmd=0x94 plen=68 payload=0200000101000000...
[00:13:10] [SERIAL RX] Frame OK cmd=0x93 plen=50 payload=0000000000000000...
[00:13:11] [SERIAL RX] Frame OK cmd=0x91 plen=125 payload=E601000101000006...
[00:13:11] [SERIAL RX] Frame OK cmd=0x94 plen=68 payload=0200000101000000...
[00:13:11] [SERIAL RX] Frame OK cmd=0x93 plen=50 payload=0000000000000000...
[00:13:12] [SERIAL RX] Frame OK cmd=0x91 plen=125 payload=E701000101000006...
[00:13:12] [SERIAL RX] Frame OK cmd=0x94 plen=68 payload=0200000101000000...
[00:13:12] [SERIAL RX] Frame OK cmd=0x93 plen=50 payload=0000000000000000...
[00:13:13] [SERIAL RX] Frame OK cmd=0x91 plen=125 payload=E801000101000006...
[00:13:13] [SERIAL RX] Frame OK cmd=0x94 plen=68 payload=0200000101000000...
[00:13:13] [SERIAL RX] Frame OK cmd=0x93 plen=50 payload=0000000000000000...
[00:13:14] [SERIAL RX] Frame OK cmd=0x91 plen=125 payload=E901000101000006...
[00:13:14] [SERIAL RX] Frame OK cmd=0x94 plen=68 payload=0200000101000000...
[00:13:14] [SERIAL RX] Frame OK cmd=0x93 plen=50 payload=0000000000000000...
[00:13:15] [SERIAL RX] Frame OK cmd=0x91 plen=125 payload=EA01000101000006...
[00:13:15] [SERIAL RX] Frame OK cmd=0x94 plen=68 payload=0200000101000000...
[00:13:15] [SERIAL RX] Frame OK cmd=0x93 plen=50 payload=0000000000000000...
[00:13:16] [SERIAL RX] Frame OK cmd=0x91 plen=125 payload=EB01000101000006...
[00:13:16] [SERIAL RX] Frame OK cmd=0x94 plen=68 payload=0200000101000000...
[00:13:16] [SERIAL RX] Frame OK cmd=0x93 plen=50 payload=0000000000000000...
[00:13:17] [SERIAL RX] Frame OK cmd=0x91 plen=125 payload=EC01000101000006...
[00:13:17] [SERIAL RX] Frame OK cmd=0x94 plen=68 payload=0200000101000000...
[00:13:17] [SERIAL RX] Frame OK cmd=0x93 plen=50 payload=0000000000000000...
[00:13:18] [SERIAL RX] Frame OK cmd=0x91 plen=125 payload=ED01000101000006...
[00:13:18] [SERIAL RX] Frame OK cmd=0x94 plen=68 payload=0200000101000000...
[00:13:18] [SERIAL RX] Frame OK cmd=0x93 plen=50 payload=0000000000000000...
[00:13:19] [SERIAL RX] Frame OK cmd=0x91 plen=125 payload=EE01000101000006...
[00:13:19] [SERIAL RX] Frame OK cmd=0x94 plen=68 payload=0200000101000000...
[00:13:19] [SERIAL RX] Frame OK cmd=0x93 plen=50 payload=0000000000000000...
[00:13:20] [SERIAL RX] Frame OK cmd=0x91 plen=125 payload=EF01000101000006...
[00:13:20] [SERIAL RX] Frame OK cmd=0x94 plen=68 payload=0200000101000000...
[00:13:20] [SERIAL RX] Frame OK cmd=0x93 plen=50 payload=0000000000000000...
[00:13:21] [SERIAL RX] Frame OK cmd=0x91 plen=125 payload=F001000101000006...
[00:13:21] [SERIAL RX] Frame OK cmd=0x94 plen=68 payload=0200000101000000...
[00:13:21] [SERIAL RX] Frame OK cmd=0x93 plen=50 payload=0000000000000000...
[00:13:22] [SERIAL RX] Frame OK cmd=0x91 plen=125 payload=F101000101000006...
[00:13:22] [SERIAL RX] Frame OK cmd=0x94 plen=68 payload=0200000101000000...
[00:13:22] [SERIAL RX] Frame OK cmd=0x93 plen=50 payload=0000000000000000...
[00:13:23] [SERIAL RX] Frame OK cmd=0x91 plen=125 payload=F201000101000006...
[00:13:23] [SERIAL RX] Frame OK cmd=0x94 plen=68 payload=0200000101000000...
[00:13:23] [SERIAL RX] Frame OK cmd=0x93 plen=50 payload=0000000000000000...
[00:13:24] [SERIAL RX] Frame OK cmd=0x91 plen=125 payload=F301000101000006...
[00:13:24] [SERIAL RX] Frame OK cmd=0x94 plen=68 payload=0200000101000000...
[00:13:24] [SERIAL RX] Frame OK cmd=0x93 plen=50 payload=0000000000000000...
[00:13:25] [SERIAL RX] Frame OK cmd=0x91 plen=125 payload=F401000101000006...
[00:13:25] [SERIAL RX] Frame OK cmd=0x94 plen=68 payload=0200000101000000...
[00:13:25] [SERIAL RX] Frame OK cmd=0x93 plen=50 payload=0000000000000000...
[00:13:26] [SERIAL RX] Frame OK cmd=0x91 plen=125 payload=F501000101000006...
[00:13:26] [SERIAL RX] Frame OK cmd=0x94 plen=68 payload=0200000101000000...
[00:13:26] [SERIAL RX] Frame OK cmd=0x93 plen=50 payload=0000000000000000...
[00:13:27] [SERIAL RX] Frame OK cmd=0x91 plen=125 payload=F601000101000006...
[00:13:27] [SERIAL RX] Frame OK cmd=0x94 plen=68 payload=0200000101000000...
[00:13:27] [SERIAL RX] Frame OK cmd=0x93 plen=50 payload=0000000000000000...
[00:13:28] [SERIAL RX] Frame OK cmd=0x91 plen=125 payload=F701000101000006...
[00:13:28] [SERIAL RX] Frame OK cmd=0x94 plen=68 payload=0200000101000000...
[00:13:28] [SERIAL RX] Frame OK cmd=0x93 plen=50 payload=0000000000000000...
[00:13:29] [SERIAL RX] Frame OK cmd=0x91 plen=125 payload=F801000101000006...
[00:13:29] [SERIAL RX] Frame OK cmd=0x94 plen=68 payload=0200000101000000...
[00:13:29] [SERIAL RX] Frame OK cmd=0x93 plen=50 payload=0000000000000000...
[00:13:30] [SERIAL RX] Frame OK cmd=0x91 plen=125 payload=F901000101000006...
[00:13:30] [SERIAL RX] Frame OK cmd=0x94 plen=68 payload=0200000101000000...
[00:13:30] [SERIAL RX] Frame OK cmd=0x93 plen=50 payload=0000000000000000...
[00:13:31] [SERIAL RX] Frame OK cmd=0x91 plen=125 payload=FA01000101000006...
[00:13:31] [SERIAL RX] Frame OK cmd=0x94 plen=68 payload=0200000101000000...
[00:13:31] [SERIAL RX] Frame OK cmd=0x93 plen=50 payload=0000000000000000...
[00:13:32] [SERIAL RX] Frame OK cmd=0x91 plen=125 payload=FB01000101000006...
[00:13:32] [SERIAL RX] Frame OK cmd=0x94 plen=68 payload=0200000101000000...
[00:13:32] [SERIAL RX] Frame OK cmd=0x93 plen=50 payload=0000000000000000...
[00:13:33] [SERIAL RX] Frame OK cmd=0x91 plen=125 payload=FC01000101000006...
[00:13:33] [SERIAL RX] Frame OK cmd=0x94 plen=68 payload=0200000101000000...
[00:13:33] [SERIAL RX] Frame OK cmd=0x93 plen=50 payload=0000000000000000...
[00:13:34] [SERIAL RX] Frame OK cmd=0x91 plen=125 payload=FD01000101000006...
[00:13:34] [SERIAL RX] Frame OK cmd=0x94 plen=68 payload=0200000101000000...
[00:13:34] [SERIAL RX] Frame OK cmd=0x93 plen=50 payload=0000000000000000...
[00:13:35] [SERIAL RX] Frame OK cmd=0x91 plen=125 payload=FE01000101000006...
[00:13:35] [SERIAL RX] Frame OK cmd=0x94 plen=68 payload=0200000101000000...
[00:13:35] [SERIAL RX] Frame OK cmd=0x93 plen=50 payload=0000000000000000...
[00:13:36] [SERIAL RX] Frame OK cmd=0x91 plen=125 payload=FF01000101000006...
[00:13:36] [SERIAL RX] Frame OK cmd=0x94 plen=68 payload=0200000101000000...
[00:13:36] [SERIAL RX] Frame OK cmd=0x93 plen=50 payload=0000000000000000...
[00:13:37] [SERIAL RX] Frame OK cmd=0x91 plen=125 payload=0001000101000006...
[00:13:37] [SERIAL RX] Frame OK cmd=0x94 plen=68 payload=0200000101000000...
[00:13:37] [SERIAL RX] Frame OK cmd=0x93 plen=50 payload=0000000000000000...
[00:13:38] [SERIAL RX] Frame OK cmd=0x91 plen=125 payload=0101000101000006...
[00:13:38] [SERIAL RX] Frame OK cmd=0x94 plen=68 payload=0200000101000000...
[00:13:38] [SERIAL RX] Frame OK cmd=0x93 plen=50 payload=0000000000000000...
[00:13:39] [SERIAL RX] Frame OK cmd=0x91 plen=125 payload=0201000101000006...
[00:13:39] [SERIAL RX] Frame OK cmd=0x94 plen=68 payload=0200000101000000...
[00:13:39] [SERIAL RX] Frame OK cmd=0x93 plen=50 payload=0000000000000000...
[00:13:40] [SERIAL RX] Frame OK cmd=0x91 plen=125 payload=0301000101000006...
[00:13:40] [SERIAL RX] Frame OK cmd=0x94 plen=68 payload=0200000101000000...
[00:13:40] [SERIAL RX] Frame OK cmd=0x93 plen=50 payload=0000000000000000...
[00:13:41] [SERIAL RX] Frame OK cmd=0x91 plen=125 payload=0401000101000006...
[00:13:41] [SERIAL RX] Frame OK cmd=0x94 plen=68 payload=0200000101000000...
[00:13:41] [SERIAL RX] Frame OK cmd=0x93 plen=50 payload=0000000000000000...
[00:13:42] [SERIAL RX] Frame OK cmd=0x91 plen=125 payload=0501000101000006...
[00:13:42] [SERIAL RX] Frame OK cmd=0x94 plen=68 payload=0200000101000000...
[00:13:42] [SERIAL RX] Frame OK cmd=0x93 plen=50 payload=0000000000000000...
[00:13:43] [SERIAL RX] Frame OK cmd=0x91 plen=125 payload=0601000101000006...
[00:13:43] [SERIAL RX] Frame OK cmd=0x94 plen=68 payload=0200000101000000...
[00:13:43] [SERIAL RX] Frame OK cmd=0x93 plen=50 payload=0000000000000000...
[00:13:44] [SERIAL RX] Frame OK cmd=0x91 plen=125 payload=0701000101000006...
[00:13:44] [SERIAL RX] Frame OK cmd=0x94 plen=68 payload=0200000101000000...
[00:13:44] [SERIAL RX] Frame OK cmd=0x93 plen=50 payload=0000000000000000...
[00:13:45] [SERIAL RX] Frame OK cmd=0x91 plen=125 payload=0801000101000006...
[00:13:45] [SERIAL RX] Frame OK cmd=0x94 plen=68 payload=0200000101000000...
[00:13:45] [SERIAL RX] Frame OK cmd=0x93 plen=50 payload=0000000000000000...
[00:13:46] [SERIAL RX] Frame OK cmd=0x91 plen=125 payload=0901000101000006...
[00:13:46] [SERIAL RX] Frame OK cmd=0x94 plen=68 payload=0200000101000000...
[00:13:46] [SERIAL RX] Frame OK cmd=0x93 plen=50 payload=0000000000000000...
[00:13:47] [SERIAL RX] Frame OK cmd=0x91 plen=125 payload=0A01000101000006...
[00:13:47] [SERIAL RX] Frame OK cmd=0x94 plen=68 payload=0200000101000000...
[00:13:47] [SERIAL RX] Frame OK cmd=0x93 plen=50 payload=0000000000000000...
[00:13:48] [SERIAL RX] Frame OK cmd=0x91 plen=125 payload=0B01000101000006...
[00:13:48] [SERIAL RX] Frame OK cmd=0x94 plen=68 payload=0200000101000000...
[00:13:48] [SERIAL RX] Frame OK cmd=0x93 plen=50 payload=0000000000000000...
[00:13:49] [SERIAL RX] Frame OK cmd=0x91 plen=125 payload=0C01000101000006...
[00:13:49] [SERIAL RX] Frame OK cmd=0x94 plen=68 payload=0200000101000000...
[00:13:49] [SERIAL RX] Frame OK cmd=0x93 plen=50 payload=0000000000000000...
[00:21:12] [SERIAL TX] cmd=0x10 len=0 frame=AA55100057
[00:21:12] [SERIAL RX] Frame OK cmd=0x82 plen=1 payload=10
[00:21:12] [SERIAL TX] cmd=0x09 len=1 frame=AA5509010128
[00:21:12] [SERIAL RX] Frame OK cmd=0x82 plen=1 payload=09
[00:21:12] [SERIAL TX] cmd=0x05 len=2 frame=AA55050201008D
[00:21:12] [SERIAL RX] Frame OK cmd=0x82 plen=1 payload=05
[00:21:13] [SERIAL TX] cmd=0x19 len=0 frame=AA551900EA
[00:21:13] [SERIAL RX] Frame OK cmd=0x97 plen=207 payload=03000000C842CDCC...
[00:21:13] [SERIAL RX] Frame OK cmd=0x91 plen=125 payload=0001000101000004...
[00:21:13] [SERIAL RX] Frame OK cmd=0x94 plen=68 payload=0200000101000000...
[00:21:13] [SERIAL RX] Frame OK cmd=0x93 plen=50 payload=0000000000000000...
[00:21:14] [SERIAL RX] Frame OK cmd=0x91 plen=125 payload=0101000101000004...
[00:21:14] [SERIAL RX] Frame OK cmd=0x94 plen=68 payload=0200000101000000...
[00:21:14] [SERIAL RX] Frame OK cmd=0x93 plen=50 payload=0000000000000000...
[00:21:15] [SERIAL RX] Frame OK cmd=0x91 plen=125 payload=0201000101000004...
[00:21:15] [SERIAL RX] Frame OK cmd=0x94 plen=68 payload=0200000101000000...
[00:21:15] [SERIAL RX] Frame OK cmd=0x93 plen=50 payload=0000000000000000...
[00:21:16] [SERIAL RX] Frame OK cmd=0x91 plen=125 payload=0301000101000006...
[00:21:16] [SERIAL RX] Frame OK cmd=0x94 plen=68 payload=0200000101000000...
[00:21:16] [SERIAL RX] Frame OK cmd=0x93 plen=50 payload=0000000000000000...
[00:21:17] [SERIAL RX] Frame OK cmd=0x91 plen=125 payload=0401000101000006...
[00:21:17] [SERIAL RX] Frame OK cmd=0x94 plen=68 payload=0200000101000000...
[00:21:17] [SERIAL RX] Frame OK cmd=0x93 plen=50 payload=0000000000000000...
[00:21:18] [SERIAL RX] Frame OK cmd=0x91 plen=125 payload=0501000101000006...
[00:21:18] [SERIAL RX] Frame OK cmd=0x94 plen=68 payload=0200000101000000...
[00:21:18] [SERIAL RX] Frame OK cmd=0x93 plen=50 payload=0000000000000000...
[00:21:19] [SERIAL RX] Frame OK cmd=0x91 plen=125 payload=0601000101000006...
[00:21:19] [SERIAL RX] Frame OK cmd=0x94 plen=68 payload=0200000101000000...
[00:21:19] [SERIAL RX] Frame OK cmd=0x93 plen=50 payload=0000000000000000...
[00:21:20] [SERIAL RX] Frame OK cmd=0x91 plen=125 payload=0701000101000006...
[00:21:20] [SERIAL RX] Frame OK cmd=0x94 plen=68 payload=0200000101000000...
[00:21:20] [SERIAL RX] Frame OK cmd=0x93 plen=50 payload=0000000000000000...
[00:21:21] [SERIAL RX] Frame OK cmd=0x91 plen=125 payload=0801000101000006...
[00:21:21] [SERIAL RX] Frame OK cmd=0x94 plen=68 payload=0200000101000000...
[00:21:21] [SERIAL RX] Frame OK cmd=0x93 plen=50 payload=0000000000000000...
[00:21:22] [SERIAL RX] Frame OK cmd=0x91 plen=125 payload=0901000101000006...
[00:21:22] [SERIAL RX] Frame OK cmd=0x94 plen=68 payload=0200000101000000...
[00:21:22] [SERIAL RX] Frame OK cmd=0x93 plen=50 payload=0000000000000000...
[00:21:23] [SERIAL RX] Frame OK cmd=0x91 plen=125 payload=0A01000101000006...
[00:21:23] [SERIAL RX] Frame OK cmd=0x94 plen=68 payload=0200000101000000...
[00:21:23] [SERIAL RX] Frame OK cmd=0x93 plen=50 payload=0000000000000000...
[00:21:24] [SERIAL RX] Frame OK cmd=0x91 plen=125 payload=0B01000101000006...
[00:21:24] [SERIAL RX] Frame OK cmd=0x94 plen=68 payload=0200000101000000...
[00:21:24] [SERIAL RX] Frame OK cmd=0x93 plen=50 payload=0000000000000000...
[00:21:25] [SERIAL RX] Frame OK cmd=0x91 plen=125 payload=0C01000101000006...
[00:21:25] [SERIAL RX] Frame OK cmd=0x94 plen=68 payload=0200000101000000...
[00:21:25] [SERIAL RX] Frame OK cmd=0x93 plen=50 payload=0000000000000000...
[00:21:26] [SERIAL RX] Frame OK cmd=0x91 plen=125 payload=0D01000101000006...
[00:21:26] [SERIAL RX] Frame OK cmd=0x94 plen=68 payload=0200000101000000...
[00:21:26] [SERIAL RX] Frame OK cmd=0x93 plen=50 payload=0000000000000000...
[00:21:27] [SERIAL RX] Frame OK cmd=0x91 plen=125 payload=0E01000101000006...
[00:21:27] [SERIAL RX] Frame OK cmd=0x94 plen=68 payload=0200000101000000...
[00:21:27] [SERIAL RX] Frame OK cmd=0x93 plen=50 payload=0000000000000000...
[00:21:28] [SERIAL RX] Frame OK cmd=0x91 plen=125 payload=0F01000101000006...
[00:21:28] [SERIAL RX] Frame OK cmd=0x94 plen=68 payload=0200000101000000...
[00:21:28] [SERIAL RX] Frame OK cmd=0x93 plen=50 payload=0000000000000000...
[00:21:29] [SERIAL RX] Frame OK cmd=0x91 plen=125 payload=1001000101000006...
[00:21:29] [SERIAL RX] Frame OK cmd=0x94 plen=68 payload=0200000101000000...
[00:21:29] [SERIAL RX] Frame OK cmd=0x93 plen=50 payload=0000000000000000...
[00:21:30] [SERIAL RX] Frame OK cmd=0x91 plen=125 payload=1101000101000006...
[00:21:30] [SERIAL RX] Frame OK cmd=0x94 plen=68 payload=0200000101000000...
[00:21:30] [SERIAL RX] Frame OK cmd=0x93 plen=50 payload=0000000000000000...
[00:21:31] [SERIAL RX] Frame OK cmd=0x91 plen=125 payload=1201000101000006...
[00:21:31] [SERIAL RX] Frame OK cmd=0x94 plen=68 payload=0200000101000000...
[00:21:31] [SERIAL RX] Frame OK cmd=0x93 plen=50 payload=0000000000000000...
[00:21:32] [SERIAL RX] Frame OK cmd=0x91 plen=125 payload=1301000101000006...
[00:21:32] [SERIAL RX] Frame OK cmd=0x94 plen=68 payload=0200000101000000...
[00:21:32] [SERIAL RX] Frame OK cmd=0x93 plen=50 payload=0000000000000000...
[00:21:33] [SERIAL RX] Frame OK cmd=0x91 plen=125 payload=1401000101000006...
[00:21:33] [SERIAL RX] Frame OK cmd=0x94 plen=68 payload=0200000101000000...
[00:21:33] [SERIAL RX] Frame OK cmd=0x93 plen=50 payload=0000000000000000...
[00:21:34] [SERIAL RX] Frame OK cmd=0x91 plen=125 payload=1501000101000006...
[00:21:34] [SERIAL RX] Frame OK cmd=0x94 plen=68 payload=0200000101000000...
[00:21:34] [SERIAL RX] Frame OK cmd=0x93 plen=50 payload=0000000000000000...
[00:21:35] [SERIAL RX] Frame OK cmd=0x91 plen=125 payload=1601000101000006...
[00:21:35] [SERIAL RX] Frame OK cmd=0x94 plen=68 payload=0200000101000000...
[00:21:35] [SERIAL RX] Frame OK cmd=0x93 plen=50 payload=0000000000000000...
[00:21:36] [SERIAL RX] Frame OK cmd=0x91 plen=125 payload=1701000101000006...
[00:21:36] [SERIAL RX] Frame OK cmd=0x94 plen=68 payload=0200000101000000...
[00:21:36] [SERIAL RX] Frame OK cmd=0x93 plen=50 payload=0000000000000000...
[00:21:37] [SERIAL RX] Frame OK cmd=0x91 plen=125 payload=1801000101000006...
[00:21:37] [SERIAL RX] Frame OK cmd=0x94 plen=68 payload=0200000101000000...
[00:21:37] [SERIAL RX] Frame OK cmd=0x93 plen=50 payload=0000000000000000...
[00:21:38] [SERIAL RX] Frame OK cmd=0x91 plen=125 payload=1901000101000006...
[00:21:38] [SERIAL RX] Frame OK cmd=0x94 plen=68 payload=0200000101000000...
[00:21:38] [SERIAL RX] Frame OK cmd=0x93 plen=50 payload=0000000000000000...
[00:21:39] [SERIAL RX] Frame OK cmd=0x91 plen=125 payload=1A01000101000006...
[00:21:39] [SERIAL RX] Frame OK cmd=0x94 plen=68 payload=0200000101000000...
[00:21:39] [SERIAL RX] Frame OK cmd=0x93 plen=50 payload=0000000000000000...
[00:21:40] [SERIAL RX] Frame OK cmd=0x91 plen=125 payload=1B01000101000006...
[00:21:40] [SERIAL RX] Frame OK cmd=0x94 plen=68 payload=0200000101000000...
[00:21:40] [SERIAL RX] Frame OK cmd=0x93 plen=50 payload=0000000000000000...
[00:21:41] [SERIAL RX] Frame OK cmd=0x91 plen=125 payload=1C01000101000006...
[00:21:41] [SERIAL RX] Frame OK cmd=0x94 plen=68 payload=0200000101000000...
[00:21:41] [SERIAL RX] Frame OK cmd=0x93 plen=50 payload=0000000000000000...
[00:21:42] [SERIAL RX] Frame OK cmd=0x91 plen=125 payload=1D01000101000006...
[00:21:42] [SERIAL RX] Frame OK cmd=0x94 plen=68 payload=0200000101000000...
[00:21:42] [SERIAL RX] Frame OK cmd=0x93 plen=50 payload=0000000000000000...
[00:21:43] [SERIAL RX] Frame OK cmd=0x91 plen=125 payload=1E01000101000006...
[00:21:43] [SERIAL RX] Frame OK cmd=0x94 plen=68 payload=0200000101000000...
[00:21:43] [SERIAL RX] Frame OK cmd=0x93 plen=50 payload=0000000000000000...
[00:21:44] [SERIAL RX] Frame OK cmd=0x91 plen=125 payload=1F01000101000006...
[00:21:44] [SERIAL RX] Frame OK cmd=0x94 plen=68 payload=0200000101000000...
[00:21:44] [SERIAL RX] Frame OK cmd=0x93 plen=50 payload=0000000000000000...
[00:21:45] [SERIAL RX] Frame OK cmd=0x91 plen=125 payload=2001000101000006...
[00:21:45] [SERIAL RX] Frame OK cmd=0x94 plen=68 payload=0200000101000000...
[00:21:45] [SERIAL RX] Frame OK cmd=0x93 plen=50 payload=0000000000000000...
[00:21:46] [SERIAL RX] Frame OK cmd=0x91 plen=125 payload=2101000101000006...
[00:21:46] [SERIAL RX] Frame OK cmd=0x94 plen=68 payload=0200000101000000...
[00:21:46] [SERIAL RX] Frame OK cmd=0x93 plen=50 payload=0000000000000000...
[00:21:47] [SERIAL RX] Frame OK cmd=0x91 plen=125 payload=2201000101000006...
[00:21:47] [SERIAL RX] Frame OK cmd=0x94 plen=68 payload=0200000101000000...
[00:21:47] [SERIAL RX] Frame OK cmd=0x93 plen=50 payload=0000000000000000...
[00:21:48] [SERIAL RX] Frame OK cmd=0x91 plen=125 payload=2301000101000006...
[00:21:48] [SERIAL RX] Frame OK cmd=0x94 plen=68 payload=0200000101000000...
[00:21:48] [SERIAL RX] Frame OK cmd=0x93 plen=50 payload=0000000000000000...
[00:21:49] [SERIAL RX] Frame OK cmd=0x91 plen=125 payload=2401000101000006...
[00:21:49] [SERIAL RX] Frame OK cmd=0x94 plen=68 payload=0200000101000000...
[00:21:49] [SERIAL RX] Frame OK cmd=0x93 plen=50 payload=0000000000000000...
[00:21:50] [SERIAL RX] Frame OK cmd=0x91 plen=125 payload=2501000101000006...
[00:21:50] [SERIAL RX] Frame OK cmd=0x94 plen=68 payload=0200000101000000...
[00:21:50] [SERIAL RX] Frame OK cmd=0x93 plen=50 payload=0000000000000000...
[00:21:51] [SERIAL RX] Frame OK cmd=0x91 plen=125 payload=2601000101000006...
[00:21:51] [SERIAL RX] Frame OK cmd=0x94 plen=68 payload=0200000101000000...
[00:21:51] [SERIAL RX] Frame OK cmd=0x93 plen=50 payload=0000000000000000...
[00:21:52] [SERIAL RX] Frame OK cmd=0x91 plen=125 payload=2701000101000006...
[00:21:52] [SERIAL RX] Frame OK cmd=0x94 plen=68 payload=0200000101000000...
[00:21:52] [SERIAL RX] Frame OK cmd=0x93 plen=50 payload=0000000000000000...
[00:21:53] [SERIAL RX] Frame OK cmd=0x91 plen=125 payload=2801000101000006...
[00:21:53] [SERIAL RX] Frame OK cmd=0x94 plen=68 payload=0200000101000000...
[00:21:53] [SERIAL RX] Frame OK cmd=0x93 plen=50 payload=0000000000000000...
[00:21:54] [SERIAL RX] Frame OK cmd=0x91 plen=125 payload=2901000101000006...
[00:21:54] [SERIAL RX] Frame OK cmd=0x94 plen=68 payload=0200000101000000...
[00:21:54] [SERIAL RX] Frame OK cmd=0x93 plen=50 payload=0000000000000000...
[00:21:55] [SERIAL RX] Frame OK cmd=0x91 plen=125 payload=2A01000101000006...
[00:21:55] [SERIAL RX] Frame OK cmd=0x94 plen=68 payload=0200000101000000...
[00:21:55] [SERIAL RX] Frame OK cmd=0x93 plen=50 payload=0000000000000000...
[00:21:56] [SERIAL RX] Frame OK cmd=0x91 plen=125 payload=2B01000101000006...
[00:21:56] [SERIAL RX] Frame OK cmd=0x94 plen=68 payload=0200000101000000...
[00:21:56] [SERIAL RX] Frame OK cmd=0x93 plen=50 payload=0000000000000000...
[00:21:57] [SERIAL RX] Frame OK cmd=0x91 plen=125 payload=2C01000101000006...
[00:21:57] [SERIAL RX] Frame OK cmd=0x94 plen=68 payload=0200000101000000...
[00:21:57] [SERIAL RX] Frame OK cmd=0x93 plen=50 payload=0000000000000000...
[00:21:58] [SERIAL RX] Frame OK cmd=0x91 plen=125 payload=2D01000101000006...
[00:21:58] [SERIAL RX] Frame OK cmd=0x94 plen=68 payload=0200000101000000...
[00:21:58] [SERIAL RX] Frame OK cmd=0x93 plen=50 payload=0000000000000000...
[00:21:59] [SERIAL RX] Frame OK cmd=0x91 plen=125 payload=2E01000101000006...
[00:21:59] [SERIAL RX] Frame OK cmd=0x94 plen=68 payload=0200000101000000...
[00:21:59] [SERIAL RX] Frame OK cmd=0x93 plen=50 payload=0000000000000000...
[00:22:00] [SERIAL RX] Frame OK cmd=0x91 plen=125 payload=2F01000101000006...
[00:22:00] [SERIAL RX] Frame OK cmd=0x94 plen=68 payload=0200000101000000...
[00:22:00] [SERIAL RX] Frame OK cmd=0x93 plen=50 payload=0000000000000000...
[00:22:01] [SERIAL RX] Frame OK cmd=0x91 plen=125 payload=3001000101000006...
[00:22:01] [SERIAL RX] Frame OK cmd=0x94 plen=68 payload=0200000101000000...
[00:22:01] [SERIAL RX] Frame OK cmd=0x93 plen=50 payload=0000000000000000...
[00:22:02] [SERIAL RX] Frame OK cmd=0x91 plen=125 payload=3101000101000006...
[00:22:02] [SERIAL RX] Frame OK cmd=0x94 plen=68 payload=0200000101000000...
[00:22:02] [SERIAL RX] Frame OK cmd=0x93 plen=50 payload=0000000000000000...
[00:22:03] [SERIAL RX] Frame OK cmd=0x91 plen=125 payload=3201000101000006...
[00:22:03] [SERIAL RX] Frame OK cmd=0x94 plen=68 payload=0200000101000000...
[00:22:03] [SERIAL RX] Frame OK cmd=0x93 plen=50 payload=0000000000000000...
[00:22:04] [SERIAL RX] Frame OK cmd=0x91 plen=125 payload=3301000101000006...
[00:22:04] [SERIAL RX] Frame OK cmd=0x94 plen=68 payload=0200000101000000...
[00:22:04] [SERIAL RX] Frame OK cmd=0x93 plen=50 payload=0000000000000000...
[00:22:05] [SERIAL RX] Frame OK cmd=0x91 plen=125 payload=3401000101000006...
[00:22:05] [SERIAL RX] Frame OK cmd=0x94 plen=68 payload=0200000101000000...
[00:22:05] [SERIAL RX] Frame OK cmd=0x93 plen=50 payload=0000000000000000...
[00:22:06] [SERIAL RX] Frame OK cmd=0x91 plen=125 payload=3501000101000006...
[00:22:06] [SERIAL RX] Frame OK cmd=0x94 plen=68 payload=0200000101000000...
[00:22:06] [SERIAL RX] Frame OK cmd=0x93 plen=50 payload=0000000000000000...
[00:22:06] [SERIAL TX] cmd=0x11 len=0 frame=AA55110042
[00:22:06] [SERIAL RX] Frame OK cmd=0x82 plen=1 payload=11
[00:24:31] [SERIAL TX] cmd=0x10 len=0 frame=AA55100057
[00:24:31] [SERIAL RX] Frame OK cmd=0x82 plen=1 payload=10
[00:24:31] [SERIAL TX] cmd=0x09 len=1 frame=AA5509010128
[00:24:31] [SERIAL RX] Frame OK cmd=0x82 plen=1 payload=09
[00:24:31] [SERIAL TX] cmd=0x05 len=2 frame=AA55050201008D
[00:24:31] [SERIAL RX] Frame OK cmd=0x82 plen=1 payload=05
[00:24:31] [SERIAL TX] cmd=0x19 len=0 frame=AA551900EA
[00:24:31] [SERIAL RX] Frame OK cmd=0x97 plen=207 payload=03000000C842CDCC...
[00:24:32] [SERIAL RX] Frame OK cmd=0x91 plen=125 payload=0001000101000004...
[00:24:32] [SERIAL RX] Frame OK cmd=0x94 plen=68 payload=0200000101000000...
[00:24:32] [SERIAL RX] Frame OK cmd=0x93 plen=50 payload=0000000000000000...
[00:24:33] [SERIAL RX] Frame OK cmd=0x91 plen=125 payload=0101000101000004...
[00:24:33] [SERIAL RX] Frame OK cmd=0x94 plen=68 payload=0200000101000000...
[00:24:33] [SERIAL RX] Frame OK cmd=0x93 plen=50 payload=0000000000000000...
[00:24:34] [SERIAL RX] Frame OK cmd=0x91 plen=125 payload=0201000101000004...
[00:24:34] [SERIAL RX] Frame OK cmd=0x94 plen=68 payload=0200000101000000...
[00:24:34] [SERIAL RX] Frame OK cmd=0x93 plen=50 payload=0000000000000000...
[00:24:35] [SERIAL RX] Frame OK cmd=0x91 plen=125 payload=0301000101000006...
[00:24:35] [SERIAL RX] Frame OK cmd=0x94 plen=68 payload=0200000101000000...
[00:24:35] [SERIAL RX] Frame OK cmd=0x93 plen=50 payload=0000000000000000...
[00:24:36] [SERIAL RX] Frame OK cmd=0x91 plen=125 payload=0401000101000006...
[00:24:36] [SERIAL RX] Frame OK cmd=0x94 plen=68 payload=0200000101000000...
[00:24:36] [SERIAL RX] Frame OK cmd=0x93 plen=50 payload=0000000000000000...
[00:24:37] [SERIAL RX] Frame OK cmd=0x91 plen=125 payload=0501000101000006...
[00:24:37] [SERIAL RX] Frame OK cmd=0x94 plen=68 payload=0200000101000000...
[00:24:37] [SERIAL RX] Frame OK cmd=0x93 plen=50 payload=0000000000000000...
[00:24:38] [SERIAL RX] Frame OK cmd=0x91 plen=125 payload=0601000101000006...
[00:24:38] [SERIAL RX] Frame OK cmd=0x94 plen=68 payload=0200000101000000...
[00:24:38] [SERIAL RX] Frame OK cmd=0x93 plen=50 payload=0000000000000000...
[00:24:39] [SERIAL RX] Frame OK cmd=0x91 plen=125 payload=0701000101000006...
[00:24:39] [SERIAL RX] Frame OK cmd=0x94 plen=68 payload=0200000101000000...
[00:24:39] [SERIAL RX] Frame OK cmd=0x93 plen=50 payload=0000000000000000...
[00:24:40] [SERIAL RX] Frame OK cmd=0x91 plen=125 payload=0801000101000006...
[00:24:40] [SERIAL RX] Frame OK cmd=0x94 plen=68 payload=0200000101000000...
[00:24:40] [SERIAL RX] Frame OK cmd=0x93 plen=50 payload=0000000000000000...
[00:24:41] [SERIAL RX] Frame OK cmd=0x91 plen=125 payload=0901000101000006...
[00:24:41] [SERIAL RX] Frame OK cmd=0x94 plen=68 payload=0200000101000000...
[00:24:41] [SERIAL RX] Frame OK cmd=0x93 plen=50 payload=0000000000000000...
[00:24:42] [SERIAL RX] Frame OK cmd=0x91 plen=125 payload=0A01000101000006...
[00:24:42] [SERIAL RX] Frame OK cmd=0x94 plen=68 payload=0200000101000000...
[00:24:42] [SERIAL RX] Frame OK cmd=0x93 plen=50 payload=0000000000000000...
[00:24:43] [SERIAL RX] Frame OK cmd=0x91 plen=125 payload=0B01000101000006...
[00:24:43] [SERIAL RX] Frame OK cmd=0x94 plen=68 payload=0200000101000000...
[00:24:43] [SERIAL RX] Frame OK cmd=0x93 plen=50 payload=0000000000000000...
[00:24:44] [SERIAL RX] Frame OK cmd=0x91 plen=125 payload=0C01000101000006...
[00:24:44] [SERIAL RX] Frame OK cmd=0x94 plen=68 payload=0200000101000000...
[00:24:44] [SERIAL RX] Frame OK cmd=0x93 plen=50 payload=0000000000000000...
[00:24:45] [SERIAL RX] Frame OK cmd=0x91 plen=125 payload=0D01000101000006...
[00:24:45] [SERIAL RX] Frame OK cmd=0x94 plen=68 payload=0200000101000000...
[00:24:45] [SERIAL RX] Frame OK cmd=0x93 plen=50 payload=0000000000000000...
[00:24:46] [SERIAL RX] Frame OK cmd=0x91 plen=125 payload=0E01000101000006...
[00:24:46] [SERIAL RX] Frame OK cmd=0x94 plen=68 payload=0200000101000000...
[00:24:46] [SERIAL RX] Frame OK cmd=0x93 plen=50 payload=0000000000000000...
[00:24:47] [SERIAL RX] Frame OK cmd=0x91 plen=125 payload=0F01000101000006...
[00:24:47] [SERIAL RX] Frame OK cmd=0x94 plen=68 payload=0200000101000000...
[00:24:47] [SERIAL RX] Frame OK cmd=0x93 plen=50 payload=0000000000000000...
[00:24:48] [SERIAL RX] Frame OK cmd=0x91 plen=125 payload=1001000101000006...
[00:24:48] [SERIAL RX] Frame OK cmd=0x94 plen=68 payload=0200000101000000...
[00:24:48] [SERIAL RX] Frame OK cmd=0x93 plen=50 payload=0000000000000000...
[00:24:49] [SERIAL RX] Frame OK cmd=0x91 plen=125 payload=1101000101000006...
[00:24:49] [SERIAL RX] Frame OK cmd=0x94 plen=68 payload=0200000101000000...
[00:24:49] [SERIAL RX] Frame OK cmd=0x93 plen=50 payload=0000000000000000...
[00:24:50] [SERIAL RX] Frame OK cmd=0x91 plen=125 payload=1201000101000006...
[00:24:50] [SERIAL RX] Frame OK cmd=0x94 plen=68 payload=0200000101000000...
[00:24:50] [SERIAL RX] Frame OK cmd=0x93 plen=50 payload=0000000000000000...
[00:24:51] [SERIAL RX] Frame OK cmd=0x91 plen=125 payload=1301000101000006...
[00:24:51] [SERIAL RX] Frame OK cmd=0x94 plen=68 payload=0200000101000000...
[00:24:51] [SERIAL RX] Frame OK cmd=0x93 plen=50 payload=0000000000000000...
[00:24:52] [SERIAL RX] Frame OK cmd=0x91 plen=125 payload=1401000101000006...
[00:24:52] [SERIAL RX] Frame OK cmd=0x94 plen=68 payload=0200000101000000...
[00:24:52] [SERIAL RX] Frame OK cmd=0x93 plen=50 payload=0000000000000000...
[00:24:53] [SERIAL RX] Frame OK cmd=0x91 plen=125 payload=1501000101000006...
[00:24:53] [SERIAL RX] Frame OK cmd=0x94 plen=68 payload=0200000101000000...
[00:24:53] [SERIAL RX] Frame OK cmd=0x93 plen=50 payload=0000000000000000...
[00:24:54] [SERIAL RX] Frame OK cmd=0x91 plen=125 payload=1601000101000006...
[00:24:54] [SERIAL RX] Frame OK cmd=0x94 plen=68 payload=0200000101000000...
[00:24:54] [SERIAL RX] Frame OK cmd=0x93 plen=50 payload=0000000000000000...
[00:24:55] [SERIAL RX] Frame OK cmd=0x91 plen=125 payload=1701000101000006...
[00:24:55] [SERIAL RX] Frame OK cmd=0x94 plen=68 payload=0200000101000000...
[00:24:55] [SERIAL RX] Frame OK cmd=0x93 plen=50 payload=0000000000000000...
[00:24:56] [SERIAL RX] Frame OK cmd=0x91 plen=125 payload=1801000101000006...
[00:24:56] [SERIAL RX] Frame OK cmd=0x94 plen=68 payload=0200000101000000...
[00:24:56] [SERIAL RX] Frame OK cmd=0x93 plen=50 payload=0000000000000000...
[00:24:57] [SERIAL RX] Frame OK cmd=0x91 plen=125 payload=1901000101000006...
[00:24:57] [SERIAL RX] Frame OK cmd=0x94 plen=68 payload=0200000101000000...
[00:24:57] [SERIAL RX] Frame OK cmd=0x93 plen=50 payload=0000000000000000...
[00:24:58] [SERIAL RX] Frame OK cmd=0x91 plen=125 payload=1A01000101000006...
[00:24:58] [SERIAL RX] Frame OK cmd=0x94 plen=68 payload=0200000101000000...
[00:24:58] [SERIAL RX] Frame OK cmd=0x93 plen=50 payload=0000000000000000...
[00:24:59] [SERIAL RX] Frame OK cmd=0x91 plen=125 payload=1B01000101000006...
[00:24:59] [SERIAL RX] Frame OK cmd=0x94 plen=68 payload=0200000101000000...
[00:24:59] [SERIAL RX] Frame OK cmd=0x93 plen=50 payload=0000000000000000...
[00:25:00] [SERIAL RX] Frame OK cmd=0x91 plen=125 payload=1C01000101000006...
[00:25:00] [SERIAL RX] Frame OK cmd=0x94 plen=68 payload=0200000101000000...
[00:25:00] [SERIAL RX] Frame OK cmd=0x93 plen=50 payload=0000000000000000...
[00:25:01] [SERIAL RX] Frame OK cmd=0x91 plen=125 payload=1D01000101000006...
[00:25:01] [SERIAL RX] Frame OK cmd=0x94 plen=68 payload=0200000101000000...
[00:25:01] [SERIAL RX] Frame OK cmd=0x93 plen=50 payload=0000000000000000...
[00:25:02] [SERIAL RX] Frame OK cmd=0x91 plen=125 payload=1E01000101000006...
[00:25:02] [SERIAL RX] Frame OK cmd=0x94 plen=68 payload=0200000101000000...
[00:25:02] [SERIAL RX] Frame OK cmd=0x93 plen=50 payload=0000000000000000...
[00:25:03] [SERIAL RX] Frame OK cmd=0x91 plen=125 payload=1F01000101000006...
[00:25:03] [SERIAL RX] Frame OK cmd=0x94 plen=68 payload=0200000101000000...
[00:25:03] [SERIAL RX] Frame OK cmd=0x93 plen=50 payload=0000000000000000...
[00:25:04] [SERIAL RX] Frame OK cmd=0x91 plen=125 payload=2001000101000006...
[00:25:04] [SERIAL RX] Frame OK cmd=0x94 plen=68 payload=0200000101000000...
[00:25:04] [SERIAL RX] Frame OK cmd=0x93 plen=50 payload=0000000000000000...
[00:25:05] [SERIAL RX] Frame OK cmd=0x91 plen=125 payload=2101000101000006...
[00:25:05] [SERIAL RX] Frame OK cmd=0x94 plen=68 payload=0200000101000000...
[00:25:05] [SERIAL RX] Frame OK cmd=0x93 plen=50 payload=0000000000000000...
[00:25:06] [SERIAL RX] Frame OK cmd=0x91 plen=125 payload=2201000101000006...
[00:25:06] [SERIAL RX] Frame OK cmd=0x94 plen=68 payload=0200000101000000...
[00:25:06] [SERIAL RX] Frame OK cmd=0x93 plen=50 payload=0000000000000000...
[00:25:07] [SERIAL RX] Frame OK cmd=0x91 plen=125 payload=2301000101000006...
[00:25:07] [SERIAL RX] Frame OK cmd=0x94 plen=68 payload=0200000101000000...
[00:25:07] [SERIAL RX] Frame OK cmd=0x93 plen=50 payload=0000000000000000...
[00:25:08] [SERIAL RX] Frame OK cmd=0x91 plen=125 payload=2401000101000006...
[00:25:08] [SERIAL RX] Frame OK cmd=0x94 plen=68 payload=0200000101000000...
[00:25:08] [SERIAL RX] Frame OK cmd=0x93 plen=50 payload=0000000000000000...
[00:25:09] [SERIAL RX] Frame OK cmd=0x91 plen=125 payload=2501000101000006...
[00:25:09] [SERIAL RX] Frame OK cmd=0x94 plen=68 payload=0200000101000000...
[00:25:09] [SERIAL RX] Frame OK cmd=0x93 plen=50 payload=0000000000000000...
[00:25:10] [SERIAL RX] Frame OK cmd=0x91 plen=125 payload=2601000101000006...
[00:25:10] [SERIAL RX] Frame OK cmd=0x94 plen=68 payload=0200000101000000...
[00:25:10] [SERIAL RX] Frame OK cmd=0x93 plen=50 payload=0000000000000000...
[00:25:11] [SERIAL RX] Frame OK cmd=0x91 plen=125 payload=2701000101000006...
[00:25:11] [SERIAL RX] Frame OK cmd=0x94 plen=68 payload=0200000101000000...
[00:25:11] [SERIAL RX] Frame OK cmd=0x93 plen=50 payload=0000000000000000...
[00:25:12] [SERIAL RX] Frame OK cmd=0x91 plen=125 payload=2801000101000006...
[00:25:12] [SERIAL RX] Frame OK cmd=0x94 plen=68 payload=0200000101000000...
[00:25:12] [SERIAL RX] Frame OK cmd=0x93 plen=50 payload=0000000000000000...
[00:25:13] [SERIAL RX] Frame OK cmd=0x91 plen=125 payload=2901000101000006...
[00:25:13] [SERIAL RX] Frame OK cmd=0x94 plen=68 payload=0200000101000000...
[00:25:13] [SERIAL RX] Frame OK cmd=0x93 plen=50 payload=0000000000000000...
[00:25:14] [SERIAL RX] Frame OK cmd=0x91 plen=125 payload=2A01000101000006...
[00:25:14] [SERIAL RX] Frame OK cmd=0x94 plen=68 payload=0200000101000000...
[00:25:14] [SERIAL RX] Frame OK cmd=0x93 plen=50 payload=0000000000000000...
[00:25:15] [SERIAL RX] Frame OK cmd=0x91 plen=125 payload=2B01000101000006...
[00:25:15] [SERIAL RX] Frame OK cmd=0x94 plen=68 payload=0200000101000000...
[00:25:15] [SERIAL RX] Frame OK cmd=0x93 plen=50 payload=0000000000000000...
[00:25:16] [SERIAL RX] Frame OK cmd=0x91 plen=125 payload=2C01000101000006...
[00:25:16] [SERIAL RX] Frame OK cmd=0x94 plen=68 payload=0200000101000000...
[00:25:16] [SERIAL RX] Frame OK cmd=0x93 plen=50 payload=0000000000000000...
[00:25:17] [SERIAL RX] Frame OK cmd=0x91 plen=125 payload=2D01000101000006...
[00:25:17] [SERIAL RX] Frame OK cmd=0x94 plen=68 payload=0200000101000000...
[00:25:17] [SERIAL RX] Frame OK cmd=0x93 plen=50 payload=0000000000000000...
[00:25:18] [SERIAL RX] Frame OK cmd=0x91 plen=125 payload=2E01000101000006...
[00:25:18] [SERIAL RX] Frame OK cmd=0x94 plen=68 payload=0200000101000000...
[00:25:18] [SERIAL RX] Frame OK cmd=0x93 plen=50 payload=0000000000000000...
[00:25:19] [SERIAL RX] Frame OK cmd=0x91 plen=125 payload=2F01000101000006...
[00:25:19] [SERIAL RX] Frame OK cmd=0x94 plen=68 payload=0200000101000000...
[00:25:19] [SERIAL RX] Frame OK cmd=0x93 plen=50 payload=0000000000000000...
[00:25:20] [SERIAL RX] Frame OK cmd=0x91 plen=125 payload=3001000101000006...
[00:25:20] [SERIAL RX] Frame OK cmd=0x94 plen=68 payload=0200000101000000...
[00:25:20] [SERIAL RX] Frame OK cmd=0x93 plen=50 payload=0000000000000000...
[00:25:21] [SERIAL RX] Frame OK cmd=0x91 plen=125 payload=3101000101000006...
[00:25:21] [SERIAL RX] Frame OK cmd=0x94 plen=68 payload=0200000101000000...
[00:25:21] [SERIAL RX] Frame OK cmd=0x93 plen=50 payload=0000000000000000...
[00:25:22] [SERIAL RX] Frame OK cmd=0x91 plen=125 payload=3201000101000006...
[00:25:22] [SERIAL RX] Frame OK cmd=0x94 plen=68 payload=0200000101000000...
[00:25:22] [SERIAL RX] Frame OK cmd=0x93 plen=50 payload=0000000000000000...
[00:25:23] [SERIAL RX] Frame OK cmd=0x91 plen=125 payload=3301000101000006...
[00:25:23] [SERIAL RX] Frame OK cmd=0x94 plen=68 payload=0200000101000000...
[00:25:23] [SERIAL RX] Frame OK cmd=0x93 plen=50 payload=0000000000000000...
[00:25:24] [SERIAL RX] Frame OK cmd=0x91 plen=125 payload=3401000101000006...
[00:25:24] [SERIAL RX] Frame OK cmd=0x94 plen=68 payload=0200000101000000...
[00:25:24] [SERIAL RX] Frame OK cmd=0x93 plen=50 payload=0000000000000000...
[00:25:25] [SERIAL RX] Frame OK cmd=0x91 plen=125 payload=3501000101000006...
[00:25:25] [SERIAL RX] Frame OK cmd=0x94 plen=68 payload=0200000101000000...
[00:25:25] [SERIAL RX] Frame OK cmd=0x93 plen=50 payload=0000000000000000...
[00:25:26] [SERIAL RX] Frame OK cmd=0x91 plen=125 payload=3601000101000006...
[00:25:26] [SERIAL RX] Frame OK cmd=0x94 plen=68 payload=0200000101000000...
[00:25:26] [SERIAL RX] Frame OK cmd=0x93 plen=50 payload=0000000000000000...
[00:25:27] [SERIAL TX] cmd=0x11 len=0 frame=AA55110042
[00:25:27] [SERIAL RX] Frame OK cmd=0x82 plen=1 payload=11
[01:07:47] [SERIAL TX] cmd=0x10 len=0 frame=AA55100057
[01:07:47] [SERIAL RX] Frame OK cmd=0x82 plen=1 payload=10
[01:07:47] [SERIAL TX] cmd=0x09 len=1 frame=AA5509010128
[01:07:47] [SERIAL RX] Frame OK cmd=0x82 plen=1 payload=09
[01:07:47] [SERIAL TX] cmd=0x05 len=2 frame=AA55050201008D
[01:07:47] [SERIAL RX] Frame OK cmd=0x82 plen=1 payload=05
[01:07:47] [SERIAL TX] cmd=0x19 len=0 frame=AA551900EA
[01:07:47] [SERIAL RX] Frame OK cmd=0x97 plen=207 payload=03000000C842CDCC...
[01:07:48] [SERIAL RX] Frame OK cmd=0x91 plen=125 payload=0001000101000004...
[01:07:48] [SERIAL RX] Frame OK cmd=0x94 plen=68 payload=0200000101000000...
[01:07:48] [SERIAL RX] Frame OK cmd=0x93 plen=50 payload=010101000000C843...
[01:07:49] [SERIAL RX] Frame OK cmd=0x91 plen=125 payload=0101000101000004...
[01:07:49] [SERIAL RX] Frame OK cmd=0x94 plen=68 payload=0200000101000000...
[01:07:49] [SERIAL RX] Frame OK cmd=0x93 plen=50 payload=010101000000C843...
[01:07:50] [SERIAL RX] Frame OK cmd=0x91 plen=125 payload=0201000101000004...
[01:07:50] [SERIAL RX] Frame OK cmd=0x94 plen=68 payload=0200000101000000...
[01:07:50] [SERIAL RX] Frame OK cmd=0x93 plen=50 payload=010101000000C843...
[01:07:50] [SERIAL TX] cmd=0x09 len=1 frame=AA5509010326
[01:07:50] [SERIAL RX] Frame OK cmd=0x82 plen=1 payload=09
[01:07:51] [SERIAL TX] cmd=0x05 len=2 frame=AA55050201008D
[01:07:51] [SERIAL RX] Frame OK cmd=0x82 plen=1 payload=05
[01:07:51] [SERIAL RX] Frame OK cmd=0x91 plen=125 payload=0301000301010000...
[01:07:51] [SERIAL RX] Frame OK cmd=0x94 plen=68 payload=0200000301010000...
[01:07:51] [SERIAL RX] Frame OK cmd=0x93 plen=50 payload=010101000000C843...
[01:07:52] [SERIAL RX] Frame OK cmd=0x91 plen=125 payload=0401000301010000...
[01:07:52] [SERIAL RX] Frame OK cmd=0x94 plen=68 payload=0200000301010000...
[01:07:52] [SERIAL RX] Frame OK cmd=0x93 plen=50 payload=010101000000C843...
[01:07:53] [SERIAL RX] Frame OK cmd=0x91 plen=125 payload=0501000301010000...
[01:07:53] [SERIAL RX] Frame OK cmd=0x94 plen=68 payload=0200000301010000...
[01:07:53] [SERIAL RX] Frame OK cmd=0x93 plen=50 payload=010101000000C843...
[01:07:54] [SERIAL RX] Frame OK cmd=0x91 plen=125 payload=0601000301010000...
[01:07:54] [SERIAL RX] Frame OK cmd=0x94 plen=68 payload=0200000301010000...
[01:07:54] [SERIAL RX] Frame OK cmd=0x93 plen=50 payload=010101000000C843...
[01:07:55] [SERIAL RX] Frame OK cmd=0x91 plen=125 payload=0701000301010000...
[01:07:55] [SERIAL RX] Frame OK cmd=0x94 plen=68 payload=0200000301010000...
[01:07:55] [SERIAL RX] Frame OK cmd=0x93 plen=50 payload=010101000000C843...
[01:07:56] [SERIAL RX] Frame OK cmd=0x91 plen=125 payload=0801000301010000...
[01:07:56] [SERIAL RX] Frame OK cmd=0x94 plen=68 payload=0200000301010000...
[01:07:56] [SERIAL RX] Frame OK cmd=0x93 plen=50 payload=010101000000C843...
[01:07:57] [SERIAL RX] Frame OK cmd=0x91 plen=125 payload=0901000301010000...
[01:07:57] [SERIAL RX] Frame OK cmd=0x94 plen=68 payload=0200000301010000...
[01:07:57] [SERIAL RX] Frame OK cmd=0x93 plen=50 payload=010101000000C843...
[01:07:58] [SERIAL RX] Frame OK cmd=0x91 plen=125 payload=0A01000301010000...
[01:07:58] [SERIAL RX] Frame OK cmd=0x94 plen=68 payload=0200000301010000...
[01:07:58] [SERIAL RX] Frame OK cmd=0x93 plen=50 payload=010101000000C843...
[01:07:59] [SERIAL RX] Frame OK cmd=0x91 plen=125 payload=0B01000301010000...
[01:07:59] [SERIAL RX] Frame OK cmd=0x94 plen=68 payload=0200000301010000...
[01:07:59] [SERIAL RX] Frame OK cmd=0x93 plen=50 payload=010101000000C843...
[01:08:00] [SERIAL RX] Frame OK cmd=0x91 plen=125 payload=0C01000301010000...
[01:08:00] [SERIAL RX] Frame OK cmd=0x94 plen=68 payload=0200000301010000...
[01:08:00] [SERIAL RX] Frame OK cmd=0x93 plen=50 payload=010101000000C843...
[01:08:01] [SERIAL RX] Frame OK cmd=0x91 plen=125 payload=0D01000301010000...
[01:08:01] [SERIAL RX] Frame OK cmd=0x94 plen=68 payload=0200000301010000...
[01:08:01] [SERIAL RX] Frame OK cmd=0x93 plen=50 payload=010101000000C843...
[01:08:02] [SERIAL RX] Frame OK cmd=0x91 plen=125 payload=0E01000301010000...
[01:08:02] [SERIAL RX] Frame OK cmd=0x94 plen=68 payload=0200000301010000...
[01:08:02] [SERIAL RX] Frame OK cmd=0x93 plen=50 payload=010101000000C843...
[01:08:03] [SERIAL RX] Frame OK cmd=0x91 plen=125 payload=0F01000301010000...
[01:08:03] [SERIAL RX] Frame OK cmd=0x94 plen=68 payload=0200000301010000...
[01:08:03] [SERIAL RX] Frame OK cmd=0x93 plen=50 payload=010101000000C843...
[01:08:04] [SERIAL RX] Frame OK cmd=0x91 plen=125 payload=1001000301010000...
[01:08:04] [SERIAL RX] Frame OK cmd=0x94 plen=68 payload=0200000301010000...
[01:08:04] [SERIAL RX] Frame OK cmd=0x93 plen=50 payload=010101000000C843...
[01:08:05] [SERIAL RX] Frame OK cmd=0x91 plen=125 payload=1101000301010000...
[01:08:05] [SERIAL RX] Frame OK cmd=0x94 plen=68 payload=0200000301010000...
[01:08:05] [SERIAL RX] Frame OK cmd=0x93 plen=50 payload=010101000000C843...
[01:08:06] [SERIAL RX] Frame OK cmd=0x91 plen=125 payload=1201000301010000...
[01:08:06] [SERIAL RX] Frame OK cmd=0x94 plen=68 payload=0200000301010000...
[01:08:06] [SERIAL RX] Frame OK cmd=0x93 plen=50 payload=010101000000C843...
[01:08:07] [SERIAL RX] Frame OK cmd=0x91 plen=125 payload=1301000301010000...
[01:08:07] [SERIAL RX] Frame OK cmd=0x94 plen=68 payload=0200000301010000...
[01:08:07] [SERIAL RX] Frame OK cmd=0x93 plen=50 payload=010101000000C843...
[01:08:08] [SERIAL RX] Frame OK cmd=0x91 plen=125 payload=1401000301010000...
[01:08:08] [SERIAL RX] Frame OK cmd=0x94 plen=68 payload=0200000301010000...
[01:08:08] [SERIAL RX] Frame OK cmd=0x93 plen=50 payload=010101000000C843...
[01:08:09] [SERIAL RX] Frame OK cmd=0x91 plen=125 payload=1501000301010000...
[01:08:09] [SERIAL RX] Frame OK cmd=0x94 plen=68 payload=0200000301010000...
[01:08:09] [SERIAL RX] Frame OK cmd=0x93 plen=50 payload=010101000000C843...
[01:08:10] [SERIAL RX] Frame OK cmd=0x91 plen=125 payload=1601000301010000...
[01:08:10] [SERIAL RX] Frame OK cmd=0x94 plen=68 payload=0200000301010000...
[01:08:10] [SERIAL RX] Frame OK cmd=0x93 plen=50 payload=010101000000C843...
[01:08:11] [SERIAL RX] Frame OK cmd=0x91 plen=125 payload=1701000301010000...
[01:08:11] [SERIAL RX] Frame OK cmd=0x94 plen=68 payload=0200000301010000...
[01:08:11] [SERIAL RX] Frame OK cmd=0x93 plen=50 payload=010101000000C843...
[01:08:12] [SERIAL RX] Frame OK cmd=0x91 plen=125 payload=1801000301010000...
[01:08:12] [SERIAL RX] Frame OK cmd=0x94 plen=68 payload=0200000301010000...
[01:08:12] [SERIAL RX] Frame OK cmd=0x93 plen=50 payload=010101000000C843...
[01:08:13] [SERIAL RX] Frame OK cmd=0x91 plen=125 payload=1901000301010000...
[01:08:13] [SERIAL RX] Frame OK cmd=0x94 plen=68 payload=0200000301010000...
[01:08:13] [SERIAL RX] Frame OK cmd=0x93 plen=50 payload=010101000000C843...
[01:08:14] [SERIAL RX] Frame OK cmd=0x91 plen=125 payload=1A01000301010000...
[01:08:14] [SERIAL RX] Frame OK cmd=0x94 plen=68 payload=0200000301010000...
[01:08:14] [SERIAL RX] Frame OK cmd=0x93 plen=50 payload=010101000000C843...
[01:08:15] [SERIAL RX] Frame OK cmd=0x91 plen=125 payload=1B01000301010000...
[01:08:15] [SERIAL RX] Frame OK cmd=0x94 plen=68 payload=0200000301010000...
[01:08:15] [SERIAL RX] Frame OK cmd=0x93 plen=50 payload=010101000000C843...
[01:08:16] [SERIAL RX] Frame OK cmd=0x91 plen=125 payload=1C01000301010000...
[01:08:16] [SERIAL RX] Frame OK cmd=0x94 plen=68 payload=0200000301010000...
[01:08:16] [SERIAL RX] Frame OK cmd=0x93 plen=50 payload=010101000000C843...
[01:08:17] [SERIAL RX] Frame OK cmd=0x91 plen=125 payload=1D01000301010000...
[01:08:17] [SERIAL RX] Frame OK cmd=0x94 plen=68 payload=0200000301010000...
[01:08:17] [SERIAL RX] Frame OK cmd=0x93 plen=50 payload=010101000000C843...
[01:08:18] [SERIAL RX] Frame OK cmd=0x91 plen=125 payload=1E01000301010000...
[01:08:18] [SERIAL RX] Frame OK cmd=0x94 plen=68 payload=0200000301010000...
[01:08:18] [SERIAL RX] Frame OK cmd=0x93 plen=50 payload=010101000000C843...
[01:08:19] [SERIAL RX] Frame OK cmd=0x91 plen=125 payload=1F01000301010000...
[01:08:19] [SERIAL RX] Frame OK cmd=0x94 plen=68 payload=0200000301010000...
[01:08:19] [SERIAL RX] Frame OK cmd=0x93 plen=50 payload=010101000000C843...
[01:08:20] [SERIAL RX] Frame OK cmd=0x91 plen=125 payload=2001000301010000...
[01:08:20] [SERIAL RX] Frame OK cmd=0x94 plen=68 payload=0200000301010000...
[01:08:20] [SERIAL RX] Frame OK cmd=0x93 plen=50 payload=010101000000C843...
[01:08:21] [SERIAL RX] Frame OK cmd=0x91 plen=125 payload=2101000301010000...
[01:08:21] [SERIAL RX] Frame OK cmd=0x94 plen=68 payload=0200000301010000...
[01:08:21] [SERIAL RX] Frame OK cmd=0x93 plen=50 payload=010101000000C843...
[01:08:22] [SERIAL RX] Frame OK cmd=0x91 plen=125 payload=2201000301010000...
[01:08:22] [SERIAL RX] Frame OK cmd=0x94 plen=68 payload=0200000301010000...
[01:08:22] [SERIAL RX] Frame OK cmd=0x93 plen=50 payload=010101000000C843...
[01:08:23] [SERIAL RX] Frame OK cmd=0x91 plen=125 payload=2301000301010000...
[01:08:23] [SERIAL RX] Frame OK cmd=0x94 plen=68 payload=0200000301010000...
[01:08:23] [SERIAL RX] Frame OK cmd=0x93 plen=50 payload=010101000000C843...
[01:08:24] [SERIAL RX] Frame OK cmd=0x91 plen=125 payload=2401000301010000...
[01:08:24] [SERIAL RX] Frame OK cmd=0x94 plen=68 payload=0200000301010000...
[01:08:24] [SERIAL RX] Frame OK cmd=0x93 plen=50 payload=010101000000C843...
[01:08:25] [SERIAL RX] Frame OK cmd=0x91 plen=125 payload=2501000301010000...
[01:08:25] [SERIAL RX] Frame OK cmd=0x94 plen=68 payload=0200000301010000...
[01:08:25] [SERIAL RX] Frame OK cmd=0x93 plen=50 payload=010101000000C843...
[01:08:26] [SERIAL RX] Frame OK cmd=0x91 plen=125 payload=2601000301010000...
[01:08:26] [SERIAL RX] Frame OK cmd=0x94 plen=68 payload=0200000301010000...
[01:08:26] [SERIAL RX] Frame OK cmd=0x93 plen=50 payload=010101000000C843...
[01:08:27] [SERIAL RX] Frame OK cmd=0x91 plen=125 payload=2701000301010000...
[01:08:27] [SERIAL RX] Frame OK cmd=0x94 plen=68 payload=0200000301010000...
[01:08:27] [SERIAL RX] Frame OK cmd=0x93 plen=50 payload=010101000000C843...
[01:08:28] [SERIAL RX] Frame OK cmd=0x91 plen=125 payload=2801000301010000...
[01:08:28] [SERIAL RX] Frame OK cmd=0x94 plen=68 payload=0200000301010000...
[01:08:28] [SERIAL RX] Frame OK cmd=0x93 plen=50 payload=010101000000C843...
[01:08:29] [SERIAL RX] Frame OK cmd=0x91 plen=125 payload=2901000301010000...
[01:08:29] [SERIAL RX] Frame OK cmd=0x94 plen=68 payload=0200000301010000...
[01:08:29] [SERIAL RX] Frame OK cmd=0x93 plen=50 payload=010101000000C843...
[01:08:30] [SERIAL RX] Frame OK cmd=0x91 plen=125 payload=2A01000301010000...
[01:08:30] [SERIAL RX] Frame OK cmd=0x94 plen=68 payload=0200000301010000...
[01:08:30] [SERIAL RX] Frame OK cmd=0x93 plen=50 payload=010101000000C843...
[01:08:31] [SERIAL RX] Frame OK cmd=0x91 plen=125 payload=2B01000301010000...
[01:08:31] [SERIAL RX] Frame OK cmd=0x94 plen=68 payload=0200000301010000...
[01:08:31] [SERIAL RX] Frame OK cmd=0x93 plen=50 payload=010101000000C843...
[01:08:32] [SERIAL RX] Frame OK cmd=0x91 plen=125 payload=2C01000301010000...
[01:08:32] [SERIAL RX] Frame OK cmd=0x94 plen=68 payload=0200000301010000...
[01:08:32] [SERIAL RX] Frame OK cmd=0x93 plen=50 payload=010101000000C843...
[01:08:33] [SERIAL RX] Frame OK cmd=0x91 plen=125 payload=2D01000301010000...
[01:08:33] [SERIAL RX] Frame OK cmd=0x94 plen=68 payload=0200000301010000...
[01:08:33] [SERIAL RX] Frame OK cmd=0x93 plen=50 payload=010101000000C843...
[01:08:34] [SERIAL RX] Frame OK cmd=0x91 plen=125 payload=2E01000301010000...
[01:08:34] [SERIAL RX] Frame OK cmd=0x94 plen=68 payload=0200000301010000...
[01:08:34] [SERIAL RX] Frame OK cmd=0x93 plen=50 payload=010101000000C843...
[01:08:35] [SERIAL RX] Frame OK cmd=0x91 plen=125 payload=2F01000301010000...
[01:08:35] [SERIAL RX] Frame OK cmd=0x94 plen=68 payload=0200000301010000...
[01:08:35] [SERIAL RX] Frame OK cmd=0x93 plen=50 payload=010101000000C843...
[01:08:36] [SERIAL RX] Frame OK cmd=0x91 plen=125 payload=3001000301010000...
[01:08:36] [SERIAL RX] Frame OK cmd=0x94 plen=68 payload=0200000301010000...
[01:08:36] [SERIAL RX] Frame OK cmd=0x93 plen=50 payload=010101000000C843...
[01:08:37] [SERIAL RX] Frame OK cmd=0x91 plen=125 payload=3101000301010000...
[01:08:37] [SERIAL RX] Frame OK cmd=0x94 plen=68 payload=0200000301010000...
[01:08:37] [SERIAL RX] Frame OK cmd=0x93 plen=50 payload=010101000000C843...
[01:08:38] [SERIAL RX] Frame OK cmd=0x91 plen=125 payload=3201000301010000...
[01:08:38] [SERIAL RX] Frame OK cmd=0x94 plen=68 payload=0200000301010000...
[01:08:38] [SERIAL RX] Frame OK cmd=0x93 plen=50 payload=010101000000C843...
[01:08:39] [SERIAL RX] Frame OK cmd=0x91 plen=125 payload=3301000301010000...
[01:08:39] [SERIAL RX] Frame OK cmd=0x94 plen=68 payload=0200000301010000...
[01:08:39] [SERIAL RX] Frame OK cmd=0x93 plen=50 payload=010101000000C843...
[01:08:40] [SERIAL RX] Frame OK cmd=0x91 plen=125 payload=3401000301010000...
[01:08:40] [SERIAL RX] Frame OK cmd=0x94 plen=68 payload=0200000301010000...
[01:08:40] [SERIAL RX] Frame OK cmd=0x93 plen=50 payload=010101000000C843...
[01:08:41] [SERIAL RX] Frame OK cmd=0x91 plen=125 payload=3501000301010000...
[01:08:41] [SERIAL RX] Frame OK cmd=0x94 plen=68 payload=0200000301010000...
[01:08:41] [SERIAL RX] Frame OK cmd=0x93 plen=50 payload=010101000000C843...
[01:08:42] [SERIAL RX] Frame OK cmd=0x91 plen=125 payload=3601000301010000...
[01:08:42] [SERIAL RX] Frame OK cmd=0x94 plen=68 payload=0200000301010000...
[01:08:42] [SERIAL RX] Frame OK cmd=0x93 plen=50 payload=010101000000C843...
[01:08:43] [SERIAL RX] Frame OK cmd=0x91 plen=125 payload=3701000301010000...
[01:08:43] [SERIAL RX] Frame OK cmd=0x94 plen=68 payload=0200000301010000...
[01:08:43] [SERIAL RX] Frame OK cmd=0x93 plen=50 payload=010101000000C843...
[01:08:44] [SERIAL RX] Frame OK cmd=0x91 plen=125 payload=3801000301010000...
[01:08:44] [SERIAL RX] Frame OK cmd=0x94 plen=68 payload=0200000301010000...
[01:08:44] [SERIAL RX] Frame OK cmd=0x93 plen=50 payload=010101000000C843...
[01:08:45] [SERIAL RX] Frame OK cmd=0x91 plen=125 payload=3901000301010000...
[01:08:45] [SERIAL RX] Frame OK cmd=0x94 plen=68 payload=0200000301010000...
[01:08:45] [SERIAL RX] Frame OK cmd=0x93 plen=50 payload=010101000000C843...
[01:08:46] [SERIAL RX] Frame OK cmd=0x91 plen=125 payload=3A01000301010000...
[01:08:46] [SERIAL RX] Frame OK cmd=0x94 plen=68 payload=0200000301010000...
[01:08:46] [SERIAL RX] Frame OK cmd=0x93 plen=50 payload=010101000000C843...
[01:08:47] [SERIAL RX] Frame OK cmd=0x91 plen=125 payload=3B01000301010000...
[01:08:47] [SERIAL RX] Frame OK cmd=0x94 plen=68 payload=0200000301010000...
[01:08:47] [SERIAL RX] Frame OK cmd=0x93 plen=50 payload=010101000000C843...
[01:08:48] [SERIAL RX] Frame OK cmd=0x91 plen=125 payload=3C01000301010000...
[01:08:48] [SERIAL RX] Frame OK cmd=0x94 plen=68 payload=0200000301010000...
[01:08:48] [SERIAL RX] Frame OK cmd=0x93 plen=50 payload=010101000000C843...
[01:08:49] [SERIAL RX] Frame OK cmd=0x91 plen=125 payload=3D01000301010000...
[01:08:49] [SERIAL RX] Frame OK cmd=0x94 plen=68 payload=0200000301010000...
[01:08:49] [SERIAL RX] Frame OK cmd=0x93 plen=50 payload=010101000000C843...
[01:08:50] [SERIAL RX] Frame OK cmd=0x91 plen=125 payload=3E01000301010000...
[01:08:50] [SERIAL RX] Frame OK cmd=0x94 plen=68 payload=0200000301010000...
[01:08:50] [SERIAL RX] Frame OK cmd=0x93 plen=50 payload=010101000000C843...
[01:08:51] [SERIAL RX] Frame OK cmd=0x91 plen=125 payload=3F01000301010000...
[01:08:51] [SERIAL RX] Frame OK cmd=0x94 plen=68 payload=0200000301010000...
[01:08:51] [SERIAL RX] Frame OK cmd=0x93 plen=50 payload=010101000000C843...
[01:08:52] [SERIAL RX] Frame OK cmd=0x91 plen=125 payload=4001000301010000...
[01:08:52] [SERIAL RX] Frame OK cmd=0x94 plen=68 payload=0200000301010000...
[01:08:52] [SERIAL RX] Frame OK cmd=0x93 plen=50 payload=010101000000C843...
[01:08:53] [SERIAL RX] Frame OK cmd=0x91 plen=125 payload=4101000301010000...
[01:08:53] [SERIAL RX] Frame OK cmd=0x94 plen=68 payload=0200000301010000...
[01:08:53] [SERIAL RX] Frame OK cmd=0x93 plen=50 payload=010101000000C843...
[01:08:54] [SERIAL RX] Frame OK cmd=0x91 plen=125 payload=4201000301010000...
[01:08:54] [SERIAL RX] Frame OK cmd=0x94 plen=68 payload=0200000301010000...
[01:08:54] [SERIAL RX] Frame OK cmd=0x93 plen=50 payload=010101000000C843...
[01:08:55] [SERIAL RX] Frame OK cmd=0x91 plen=125 payload=4301000301010000...
[01:08:55] [SERIAL RX] Frame OK cmd=0x94 plen=68 payload=0200000301010000...
[01:08:55] [SERIAL RX] Frame OK cmd=0x93 plen=50 payload=010101000000C843...
[01:08:56] [SERIAL RX] Frame OK cmd=0x91 plen=125 payload=4401000301010000...
[01:08:56] [SERIAL RX] Frame OK cmd=0x94 plen=68 payload=0200000301010000...
[01:08:56] [SERIAL RX] Frame OK cmd=0x93 plen=50 payload=010101000000C843...
[01:08:57] [SERIAL RX] Frame OK cmd=0x91 plen=125 payload=4501000301010000...
[01:08:57] [SERIAL RX] Frame OK cmd=0x94 plen=68 payload=0200000301010000...
[01:08:57] [SERIAL RX] Frame OK cmd=0x93 plen=50 payload=010101000000C843...
[01:08:58] [SERIAL RX] Frame OK cmd=0x91 plen=125 payload=4601000301010000...
[01:08:58] [SERIAL RX] Frame OK cmd=0x94 plen=68 payload=0200000301010000...
[01:08:58] [SERIAL RX] Frame OK cmd=0x93 plen=50 payload=010101000000C843...
[01:08:59] [SERIAL RX] Frame OK cmd=0x91 plen=125 payload=4701000301010000...
[01:08:59] [SERIAL RX] Frame OK cmd=0x94 plen=68 payload=0200000301010000...
[01:08:59] [SERIAL RX] Frame OK cmd=0x93 plen=50 payload=010101000000C843...
[01:09:00] [SERIAL RX] Frame OK cmd=0x91 plen=125 payload=4801000301010000...
[01:09:00] [SERIAL RX] Frame OK cmd=0x94 plen=68 payload=0200000301010000...
[01:09:00] [SERIAL RX] Frame OK cmd=0x93 plen=50 payload=010101000000C843...
[01:09:01] [SERIAL RX] Frame OK cmd=0x91 plen=125 payload=4901000301010000...
[01:09:01] [SERIAL RX] Frame OK cmd=0x94 plen=68 payload=0200000301010000...
[01:09:01] [SERIAL RX] Frame OK cmd=0x93 plen=50 payload=010101000000C843...
[01:09:02] [SERIAL RX] Frame OK cmd=0x91 plen=125 payload=4A01000301010000...
[01:09:02] [SERIAL RX] Frame OK cmd=0x94 plen=68 payload=0200000301010000...
[01:09:02] [SERIAL RX] Frame OK cmd=0x93 plen=50 payload=010101000000C843...
[01:09:03] [SERIAL RX] Frame OK cmd=0x91 plen=125 payload=4B01000301010000...
[01:09:03] [SERIAL RX] Frame OK cmd=0x94 plen=68 payload=0200000301010000...
[01:09:03] [SERIAL RX] Frame OK cmd=0x93 plen=50 payload=010101000000C843...
[01:09:04] [SERIAL RX] Frame OK cmd=0x91 plen=125 payload=4C01000301010000...
[01:09:04] [SERIAL RX] Frame OK cmd=0x94 plen=68 payload=0200000301010000...
[01:09:04] [SERIAL RX] Frame OK cmd=0x93 plen=50 payload=010101000000C843...
[01:09:05] [SERIAL RX] Frame OK cmd=0x91 plen=125 payload=4D01000301010000...
[01:09:05] [SERIAL RX] Frame OK cmd=0x94 plen=68 payload=0200000301010000...
[01:09:05] [SERIAL RX] Frame OK cmd=0x93 plen=50 payload=010101000000C843...
[01:09:06] [SERIAL RX] Frame OK cmd=0x91 plen=125 payload=4E01000301010000...
[01:09:06] [SERIAL RX] Frame OK cmd=0x94 plen=68 payload=0200000301010000...
[01:09:06] [SERIAL RX] Frame OK cmd=0x93 plen=50 payload=010101000000C843...
[01:09:07] [SERIAL RX] Frame OK cmd=0x91 plen=125 payload=4F01000301010000...
[01:09:07] [SERIAL RX] Frame OK cmd=0x94 plen=68 payload=0200000301010000...
[01:09:07] [SERIAL RX] Frame OK cmd=0x93 plen=50 payload=010101000000C843...
[01:09:08] [SERIAL RX] Frame OK cmd=0x91 plen=125 payload=5001000301010000...
[01:09:08] [SERIAL RX] Frame OK cmd=0x94 plen=68 payload=0200000301010000...
[01:09:08] [SERIAL RX] Frame OK cmd=0x93 plen=50 payload=010101000000C843...
[01:09:09] [SERIAL RX] Frame OK cmd=0x91 plen=125 payload=5101000301010000...
[01:09:09] [SERIAL RX] Frame OK cmd=0x94 plen=68 payload=0200000301010000...
[01:09:09] [SERIAL RX] Frame OK cmd=0x93 plen=50 payload=010101000000C843...
[01:09:10] [SERIAL RX] Frame OK cmd=0x91 plen=125 payload=5201000301010000...
[01:09:10] [SERIAL RX] Frame OK cmd=0x94 plen=68 payload=0200000301010000...
[01:09:10] [SERIAL RX] Frame OK cmd=0x93 plen=50 payload=010101000000C843...
[01:09:11] [SERIAL RX] Frame OK cmd=0x91 plen=125 payload=5301000301010000...
[01:09:11] [SERIAL RX] Frame OK cmd=0x94 plen=68 payload=0200000301010000...
[01:09:11] [SERIAL RX] Frame OK cmd=0x93 plen=50 payload=010101000000C843...
[01:09:12] [SERIAL RX] Frame OK cmd=0x91 plen=125 payload=5401000301010000...
[01:09:12] [SERIAL RX] Frame OK cmd=0x94 plen=68 payload=0200000301010000...
[01:09:12] [SERIAL RX] Frame OK cmd=0x93 plen=50 payload=010101000000C843...
[01:09:13] [SERIAL RX] Frame OK cmd=0x91 plen=125 payload=5501000301010000...
[01:09:13] [SERIAL RX] Frame OK cmd=0x94 plen=68 payload=0200000301010000...
[01:09:13] [SERIAL RX] Frame OK cmd=0x93 plen=50 payload=010101000000C843...
[01:09:14] [SERIAL RX] Frame OK cmd=0x91 plen=125 payload=5601000301010000...
[01:09:14] [SERIAL RX] Frame OK cmd=0x94 plen=68 payload=0200000301010000...
[01:09:14] [SERIAL RX] Frame OK cmd=0x93 plen=50 payload=010101000000C843...
[01:09:15] [SERIAL RX] Frame OK cmd=0x91 plen=125 payload=5701000301010000...
[01:09:15] [SERIAL RX] Frame OK cmd=0x94 plen=68 payload=0200000301010000...
[01:09:15] [SERIAL RX] Frame OK cmd=0x93 plen=50 payload=010101000000C843...
[01:09:16] [SERIAL RX] Frame OK cmd=0x91 plen=125 payload=5801000301010000...
[01:09:16] [SERIAL RX] Frame OK cmd=0x94 plen=68 payload=0200000301010000...
[01:09:16] [SERIAL RX] Frame OK cmd=0x93 plen=50 payload=010101000000C843...
[01:09:17] [SERIAL RX] Frame OK cmd=0x91 plen=125 payload=5901000301010000...
[01:09:17] [SERIAL RX] Frame OK cmd=0x94 plen=68 payload=0200000301010000...
[01:09:17] [SERIAL RX] Frame OK cmd=0x93 plen=50 payload=010101000000C843...
[01:09:18] [SERIAL RX] Frame OK cmd=0x91 plen=125 payload=5A01000301010000...
[01:09:18] [SERIAL RX] Frame OK cmd=0x94 plen=68 payload=0200000301010000...
[01:09:18] [SERIAL RX] Frame OK cmd=0x93 plen=50 payload=010101000000C843...
[01:09:19] [SERIAL RX] Frame OK cmd=0x91 plen=125 payload=5B01000301010000...
[01:09:19] [SERIAL RX] Frame OK cmd=0x94 plen=68 payload=0200000301010000...
[01:09:19] [SERIAL RX] Frame OK cmd=0x93 plen=50 payload=010101000000C843...
[01:09:20] [SERIAL RX] Frame OK cmd=0x91 plen=125 payload=5C01000301010000...
[01:09:20] [SERIAL RX] Frame OK cmd=0x94 plen=68 payload=0200000301010000...
[01:09:20] [SERIAL RX] Frame OK cmd=0x93 plen=50 payload=010101000000C843...
[01:09:21] [SERIAL RX] Frame OK cmd=0x91 plen=125 payload=5D01000301010000...
[01:09:21] [SERIAL RX] Frame OK cmd=0x94 plen=68 payload=0200000301010000...
[01:09:21] [SERIAL RX] Frame OK cmd=0x93 plen=50 payload=010101000000C843...
[01:09:22] [SERIAL RX] Frame OK cmd=0x91 plen=125 payload=5E01000301010000...
[01:09:22] [SERIAL RX] Frame OK cmd=0x94 plen=68 payload=0200000301010000...
[01:09:22] [SERIAL RX] Frame OK cmd=0x93 plen=50 payload=010101000000C843...
[01:09:23] [SERIAL RX] Frame OK cmd=0x91 plen=125 payload=5F01000301010000...
[01:09:23] [SERIAL RX] Frame OK cmd=0x94 plen=68 payload=0200000301010000...
[01:09:23] [SERIAL RX] Frame OK cmd=0x93 plen=50 payload=010101000000C843...
[01:09:24] [SERIAL RX] Frame OK cmd=0x91 plen=125 payload=6001000301010000...
[01:09:24] [SERIAL RX] Frame OK cmd=0x94 plen=68 payload=0200000301010000...
[01:09:24] [SERIAL RX] Frame OK cmd=0x93 plen=50 payload=010101000000C843...
[01:09:25] [SERIAL RX] Frame OK cmd=0x91 plen=125 payload=6101000301010000...
[01:09:25] [SERIAL RX] Frame OK cmd=0x94 plen=68 payload=0200000301010000...
[01:09:25] [SERIAL RX] Frame OK cmd=0x93 plen=50 payload=010101000000C843...
[01:09:26] [SERIAL RX] Frame OK cmd=0x91 plen=125 payload=6201000301010000...
[01:09:26] [SERIAL RX] Frame OK cmd=0x94 plen=68 payload=0200000301010000...
[01:09:26] [SERIAL RX] Frame OK cmd=0x93 plen=50 payload=010101000000C843...
[01:09:27] [SERIAL RX] Frame OK cmd=0x91 plen=125 payload=6301000301010000...
[01:09:27] [SERIAL RX] Frame OK cmd=0x94 plen=68 payload=0200000301010000...
[01:09:27] [SERIAL RX] Frame OK cmd=0x93 plen=50 payload=010101000000C843...
[01:09:28] [SERIAL RX] Frame OK cmd=0x91 plen=125 payload=6401000301010000...
[01:09:28] [SERIAL RX] Frame OK cmd=0x94 plen=68 payload=0200000301010000...
[01:09:28] [SERIAL RX] Frame OK cmd=0x93 plen=50 payload=010101000000C843...
[01:09:29] [SERIAL RX] Frame OK cmd=0x91 plen=125 payload=6501000301010000...
[01:09:29] [SERIAL RX] Frame OK cmd=0x94 plen=68 payload=0200000301010000...
[01:09:29] [SERIAL RX] Frame OK cmd=0x93 plen=50 payload=010101000000C843...
[01:09:30] [SERIAL RX] Frame OK cmd=0x91 plen=125 payload=6601000301010000...
[01:09:30] [SERIAL RX] Frame OK cmd=0x94 plen=68 payload=0200000301010000...
[01:09:30] [SERIAL RX] Frame OK cmd=0x93 plen=50 payload=010101000000C843...
[01:09:31] [SERIAL RX] Frame OK cmd=0x91 plen=125 payload=6701000301010000...
[01:09:31] [SERIAL RX] Frame OK cmd=0x94 plen=68 payload=0200000301010000...
[01:09:31] [SERIAL RX] Frame OK cmd=0x93 plen=50 payload=010101000000C843...
[01:09:32] [SERIAL RX] Frame OK cmd=0x91 plen=125 payload=6801000301010000...
[01:09:32] [SERIAL RX] Frame OK cmd=0x94 plen=68 payload=0200000301010000...
[01:09:32] [SERIAL RX] Frame OK cmd=0x93 plen=50 payload=010101000000C843...
[01:09:33] [SERIAL RX] Frame OK cmd=0x91 plen=125 payload=6901000301010000...
[01:09:33] [SERIAL RX] Frame OK cmd=0x94 plen=68 payload=0200000301010000...
[01:09:33] [SERIAL RX] Frame OK cmd=0x93 plen=50 payload=010101000000C843...
[01:09:34] [SERIAL RX] Frame OK cmd=0x91 plen=125 payload=6A01000301010000...
[01:09:34] [SERIAL RX] Frame OK cmd=0x94 plen=68 payload=0200000301010000...
[01:09:34] [SERIAL RX] Frame OK cmd=0x93 plen=50 payload=010101000000C843...
[01:09:35] [SERIAL RX] Frame OK cmd=0x91 plen=125 payload=6B01000301010000...
[01:09:35] [SERIAL RX] Frame OK cmd=0x94 plen=68 payload=0200000301010000...
[01:09:35] [SERIAL RX] Frame OK cmd=0x93 plen=50 payload=010101000000C843...
[01:09:36] [SERIAL RX] Frame OK cmd=0x91 plen=125 payload=6C01000301010000...
[01:09:36] [SERIAL RX] Frame OK cmd=0x94 plen=68 payload=0200000301010000...
[01:09:36] [SERIAL RX] Frame OK cmd=0x93 plen=50 payload=010101000000C843...
[01:09:37] [SERIAL RX] Frame OK cmd=0x91 plen=125 payload=6D01000301010000...
[01:09:37] [SERIAL RX] Frame OK cmd=0x94 plen=68 payload=0200000301010000...
[01:09:37] [SERIAL RX] Frame OK cmd=0x93 plen=50 payload=010101000000C843...
[01:09:38] [SERIAL RX] Frame OK cmd=0x91 plen=125 payload=6E01000301010000...
[01:09:38] [SERIAL RX] Frame OK cmd=0x94 plen=68 payload=0200000301010000...
[01:09:38] [SERIAL RX] Frame OK cmd=0x93 plen=50 payload=010101000000C843...
[01:09:39] [SERIAL RX] Frame OK cmd=0x91 plen=125 payload=6F01000301010000...
[01:09:39] [SERIAL RX] Frame OK cmd=0x94 plen=68 payload=0200000301010000...
[01:09:39] [SERIAL RX] Frame OK cmd=0x93 plen=50 payload=010101000000C843...
[01:09:40] [SERIAL RX] Frame OK cmd=0x91 plen=125 payload=7001000301010000...
[01:09:40] [SERIAL RX] Frame OK cmd=0x94 plen=68 payload=0200000301010000...
[01:09:40] [SERIAL RX] Frame OK cmd=0x93 plen=50 payload=010101000000C843...
[01:09:41] [SERIAL RX] Frame OK cmd=0x91 plen=125 payload=7101000301010000...
[01:09:41] [SERIAL RX] Frame OK cmd=0x94 plen=68 payload=0200000301010000...
[01:09:41] [SERIAL RX] Frame OK cmd=0x93 plen=50 payload=010101000000C843...
[01:09:42] [SERIAL RX] Frame OK cmd=0x91 plen=125 payload=7201000301010000...
[01:09:42] [SERIAL RX] Frame OK cmd=0x94 plen=68 payload=0200000301010000...
[01:09:42] [SERIAL RX] Frame OK cmd=0x93 plen=50 payload=010101000000C843...
[01:09:43] [SERIAL RX] Frame OK cmd=0x91 plen=125 payload=7301000301010000...
[01:09:43] [SERIAL RX] Frame OK cmd=0x94 plen=68 payload=0200000301010000...
[01:09:43] [SERIAL RX] Frame OK cmd=0x93 plen=50 payload=010101000000C843...
[01:09:44] [SERIAL RX] Frame OK cmd=0x91 plen=125 payload=7401000301010000...
[01:09:44] [SERIAL RX] Frame OK cmd=0x94 plen=68 payload=0200000301010000...
[01:09:44] [SERIAL RX] Frame OK cmd=0x93 plen=50 payload=010101000000C843...
[01:09:45] [SERIAL RX] Frame OK cmd=0x91 plen=125 payload=7501000301010000...
[01:09:45] [SERIAL RX] Frame OK cmd=0x94 plen=68 payload=0200000301010000...
[01:09:45] [SERIAL RX] Frame OK cmd=0x93 plen=50 payload=010101000000C843...
[01:09:46] [SERIAL RX] Frame OK cmd=0x91 plen=125 payload=7601000301010000...
[01:09:46] [SERIAL RX] Frame OK cmd=0x94 plen=68 payload=0200000301010000...
[01:09:46] [SERIAL RX] Frame OK cmd=0x93 plen=50 payload=010101000000C843...
[01:09:47] [SERIAL RX] Frame OK cmd=0x91 plen=125 payload=7701000301010000...
[01:09:47] [SERIAL RX] Frame OK cmd=0x94 plen=68 payload=0200000301010000...
[01:09:47] [SERIAL RX] Frame OK cmd=0x93 plen=50 payload=010101000000C843...
[01:09:48] [SERIAL RX] Frame OK cmd=0x91 plen=125 payload=7801000301010000...
[01:09:48] [SERIAL RX] Frame OK cmd=0x94 plen=68 payload=0200000301010000...
[01:09:48] [SERIAL RX] Frame OK cmd=0x93 plen=50 payload=010101000000C843...
[01:09:49] [SERIAL RX] Frame OK cmd=0x91 plen=125 payload=7901000301010000...
[01:09:49] [SERIAL RX] Frame OK cmd=0x94 plen=68 payload=0200000301010000...
[01:09:49] [SERIAL RX] Frame OK cmd=0x93 plen=50 payload=010101000000C843...
[01:09:50] [SERIAL RX] Frame OK cmd=0x91 plen=125 payload=7A01000301010000...
[01:09:50] [SERIAL RX] Frame OK cmd=0x94 plen=68 payload=0200000301010000...
[01:09:50] [SERIAL RX] Frame OK cmd=0x93 plen=50 payload=010101000000C843...
[01:09:51] [SERIAL RX] Frame OK cmd=0x91 plen=125 payload=7B01000301010000...
[01:09:51] [SERIAL RX] Frame OK cmd=0x94 plen=68 payload=0200000301010000...
[01:09:51] [SERIAL RX] Frame OK cmd=0x93 plen=50 payload=010101000000C843...
[01:09:52] [SERIAL RX] Frame OK cmd=0x91 plen=125 payload=7C01000301010000...
[01:09:52] [SERIAL RX] Frame OK cmd=0x94 plen=68 payload=0200000301010000...
[01:09:52] [SERIAL RX] Frame OK cmd=0x93 plen=50 payload=010101000000C843...
[01:09:53] [SERIAL RX] Frame OK cmd=0x91 plen=125 payload=7D01000301010000...
[01:09:53] [SERIAL RX] Frame OK cmd=0x94 plen=68 payload=0200000301010000...
[01:09:53] [SERIAL RX] Frame OK cmd=0x93 plen=50 payload=010101000000C843...
[01:09:54] [SERIAL RX] Frame OK cmd=0x91 plen=125 payload=7E01000301010000...
[01:09:54] [SERIAL RX] Frame OK cmd=0x94 plen=68 payload=0200000301010000...
[01:09:54] [SERIAL RX] Frame OK cmd=0x93 plen=50 payload=010101000000C843...
[01:09:55] [SERIAL RX] Frame OK cmd=0x91 plen=125 payload=7F01000301010000...
[01:09:55] [SERIAL RX] Frame OK cmd=0x94 plen=68 payload=0200000301010000...
[01:09:55] [SERIAL RX] Frame OK cmd=0x93 plen=50 payload=010101000000C843...
[01:09:56] [SERIAL RX] Frame OK cmd=0x91 plen=125 payload=8001000301010000...
[01:09:56] [SERIAL RX] Frame OK cmd=0x94 plen=68 payload=0200000301010000...
[01:09:56] [SERIAL RX] Frame OK cmd=0x93 plen=50 payload=010101000000C843...
[01:09:57] [SERIAL RX] Frame OK cmd=0x91 plen=125 payload=8101000301010000...
[01:09:57] [SERIAL RX] Frame OK cmd=0x94 plen=68 payload=0200000301010000...
[01:09:57] [SERIAL RX] Frame OK cmd=0x93 plen=50 payload=010101000000C843...
[01:09:58] [SERIAL RX] Frame OK cmd=0x91 plen=125 payload=8201000301010000...
[01:09:58] [SERIAL RX] Frame OK cmd=0x94 plen=68 payload=0200000301010000...
[01:09:58] [SERIAL RX] Frame OK cmd=0x93 plen=50 payload=010101000000C843...
[01:09:59] [SERIAL RX] Frame OK cmd=0x91 plen=125 payload=8301000301010000...
[01:09:59] [SERIAL RX] Frame OK cmd=0x94 plen=68 payload=0200000301010000...
[01:09:59] [SERIAL RX] Frame OK cmd=0x93 plen=50 payload=010101000000C843...
[01:10:00] [SERIAL RX] Frame OK cmd=0x91 plen=125 payload=8401000301010000...
[01:10:00] [SERIAL RX] Frame OK cmd=0x94 plen=68 payload=0200000301010000...
[01:10:00] [SERIAL RX] Frame OK cmd=0x93 plen=50 payload=010101000000C843...
[01:10:01] [SERIAL RX] Frame OK cmd=0x91 plen=125 payload=8501000301010000...
[01:10:01] [SERIAL RX] Frame OK cmd=0x94 plen=68 payload=0200000301010000...
[01:10:01] [SERIAL RX] Frame OK cmd=0x93 plen=50 payload=010101000000C843...
[01:10:02] [SERIAL RX] Frame OK cmd=0x91 plen=125 payload=8601000301010000...
[01:10:02] [SERIAL RX] Frame OK cmd=0x94 plen=68 payload=0200000301010000...
[01:10:02] [SERIAL RX] Frame OK cmd=0x93 plen=50 payload=010101000000C843...
[01:10:03] [SERIAL RX] Frame OK cmd=0x91 plen=125 payload=8701000301010000...
[01:10:03] [SERIAL RX] Frame OK cmd=0x94 plen=68 payload=0200000301010000...
[01:10:03] [SERIAL RX] Frame OK cmd=0x93 plen=50 payload=010101000000C843...
[01:10:04] [SERIAL RX] Frame OK cmd=0x91 plen=125 payload=8801000301010000...
[01:10:04] [SERIAL RX] Frame OK cmd=0x94 plen=68 payload=0200000301010000...
[01:10:04] [SERIAL RX] Frame OK cmd=0x93 plen=50 payload=010101000000C843...
[01:10:05] [SERIAL RX] Frame OK cmd=0x91 plen=125 payload=8901000301010000...
[01:10:05] [SERIAL RX] Frame OK cmd=0x94 plen=68 payload=0200000301010000...
[01:10:05] [SERIAL RX] Frame OK cmd=0x93 plen=50 payload=010101000000C843...
[01:10:06] [SERIAL RX] Frame OK cmd=0x91 plen=125 payload=8A01000301010000...
[01:10:06] [SERIAL RX] Frame OK cmd=0x94 plen=68 payload=0200000301010000...
[01:10:06] [SERIAL RX] Frame OK cmd=0x93 plen=50 payload=010101000000C843...
[01:10:07] [SERIAL RX] Frame OK cmd=0x91 plen=125 payload=8B01000301010000...
[01:10:07] [SERIAL RX] Frame OK cmd=0x94 plen=68 payload=0200000301010000...
[01:10:07] [SERIAL RX] Frame OK cmd=0x93 plen=50 payload=010101000000C843...
[01:10:08] [SERIAL RX] Frame OK cmd=0x91 plen=125 payload=8C01000301010000...
[01:10:08] [SERIAL RX] Frame OK cmd=0x94 plen=68 payload=0200000301010000...
[01:10:08] [SERIAL RX] Frame OK cmd=0x93 plen=50 payload=010101000000C843...
[01:10:09] [SERIAL RX] Frame OK cmd=0x91 plen=125 payload=8D01000301010000...
[01:10:09] [SERIAL RX] Frame OK cmd=0x94 plen=68 payload=0200000301010000...
[01:10:09] [SERIAL RX] Frame OK cmd=0x93 plen=50 payload=010101000000C843...
[01:10:10] [SERIAL RX] Frame OK cmd=0x91 plen=125 payload=8E01000301010000...
[01:10:10] [SERIAL RX] Frame OK cmd=0x94 plen=68 payload=0200000301010000...
[01:10:10] [SERIAL RX] Frame OK cmd=0x93 plen=50 payload=010101000000C843...
[01:10:11] [SERIAL RX] Frame OK cmd=0x91 plen=125 payload=8F01000301010000...
[01:10:11] [SERIAL RX] Frame OK cmd=0x94 plen=68 payload=0200000301010000...
[01:10:11] [SERIAL RX] Frame OK cmd=0x93 plen=50 payload=010101000000C843...
[01:10:12] [SERIAL RX] Frame OK cmd=0x91 plen=125 payload=9001000301010000...
[01:10:12] [SERIAL RX] Frame OK cmd=0x94 plen=68 payload=0200000301010000...
[01:10:12] [SERIAL RX] Frame OK cmd=0x93 plen=50 payload=010101000000C843...
[01:10:13] [SERIAL RX] Frame OK cmd=0x91 plen=125 payload=9101000301010000...
[01:10:13] [SERIAL RX] Frame OK cmd=0x94 plen=68 payload=0200000301010000...
[01:10:13] [SERIAL RX] Frame OK cmd=0x93 plen=50 payload=010101000000C843...
[01:10:14] [SERIAL RX] Frame OK cmd=0x91 plen=125 payload=9201000301010000...
[01:10:14] [SERIAL RX] Frame OK cmd=0x94 plen=68 payload=0200000301010000...
[01:10:14] [SERIAL RX] Frame OK cmd=0x93 plen=50 payload=010101000000C843...
[01:10:15] [SERIAL RX] Frame OK cmd=0x91 plen=125 payload=9301000301010000...
[01:10:15] [SERIAL RX] Frame OK cmd=0x94 plen=68 payload=0200000301010000...
[01:10:15] [SERIAL RX] Frame OK cmd=0x93 plen=50 payload=010101000000C843...
[01:10:16] [SERIAL RX] Frame OK cmd=0x91 plen=125 payload=9401000301010000...
[01:10:16] [SERIAL RX] Frame OK cmd=0x94 plen=68 payload=0200000301010000...
[01:10:16] [SERIAL RX] Frame OK cmd=0x93 plen=50 payload=010101000000C843...
[01:10:17] [SERIAL RX] Frame OK cmd=0x91 plen=125 payload=9501000301010000...
[01:10:17] [SERIAL RX] Frame OK cmd=0x94 plen=68 payload=0200000301010000...
[01:10:17] [SERIAL RX] Frame OK cmd=0x93 plen=50 payload=010101000000C843...
[01:10:18] [SERIAL RX] Frame OK cmd=0x91 plen=125 payload=9601000301010000...
[01:10:18] [SERIAL RX] Frame OK cmd=0x94 plen=68 payload=0200000301010000...
[01:10:18] [SERIAL RX] Frame OK cmd=0x93 plen=50 payload=010101000000C843...
[01:10:19] [SERIAL RX] Frame OK cmd=0x91 plen=125 payload=9701000301010000...
[01:10:19] [SERIAL RX] Frame OK cmd=0x94 plen=68 payload=0200000301010000...
[01:10:19] [SERIAL RX] Frame OK cmd=0x93 plen=50 payload=010101000000C843...
[01:10:20] [SERIAL RX] Frame OK cmd=0x91 plen=125 payload=9801000301010000...
[01:10:20] [SERIAL RX] Frame OK cmd=0x94 plen=68 payload=0200000301010000...
[01:10:20] [SERIAL RX] Frame OK cmd=0x93 plen=50 payload=010101000000C843...
[01:10:21] [SERIAL RX] Frame OK cmd=0x91 plen=125 payload=9901000301010000...
[01:10:21] [SERIAL RX] Frame OK cmd=0x94 plen=68 payload=0200000301010000...
[01:10:21] [SERIAL RX] Frame OK cmd=0x93 plen=50 payload=010101000000C843...
[01:10:22] [SERIAL RX] Frame OK cmd=0x91 plen=125 payload=9A01000301010000...
[01:10:22] [SERIAL RX] Frame OK cmd=0x94 plen=68 payload=0200000301010000...
[01:10:22] [SERIAL RX] Frame OK cmd=0x93 plen=50 payload=010101000000C843...
[01:10:23] [SERIAL RX] Frame OK cmd=0x91 plen=125 payload=9B01000301010000...
[01:10:23] [SERIAL RX] Frame OK cmd=0x94 plen=68 payload=0200000301010000...
[01:10:23] [SERIAL RX] Frame OK cmd=0x93 plen=50 payload=010101000000C843...
[01:10:24] [SERIAL RX] Frame OK cmd=0x91 plen=125 payload=9C01000301010000...
[01:10:24] [SERIAL RX] Frame OK cmd=0x94 plen=68 payload=0200000301010000...
[01:10:24] [SERIAL RX] Frame OK cmd=0x93 plen=50 payload=010101000000C843...
[01:10:25] [SERIAL RX] Frame OK cmd=0x91 plen=125 payload=9D01000301010000...
[01:10:25] [SERIAL RX] Frame OK cmd=0x94 plen=68 payload=0200000301010000...
[01:10:25] [SERIAL RX] Frame OK cmd=0x93 plen=50 payload=010101000000C843...
[01:10:26] [SERIAL RX] Frame OK cmd=0x91 plen=125 payload=9E01000301010000...
[01:10:26] [SERIAL RX] Frame OK cmd=0x94 plen=68 payload=0200000301010000...
[01:10:26] [SERIAL RX] Frame OK cmd=0x93 plen=50 payload=010101000000C843...
[01:10:27] [SERIAL RX] Frame OK cmd=0x91 plen=125 payload=9F01000301010000...
[01:10:27] [SERIAL RX] Frame OK cmd=0x94 plen=68 payload=0200000301010000...
[01:10:27] [SERIAL RX] Frame OK cmd=0x93 plen=50 payload=010101000000C843...
[01:10:28] [SERIAL RX] Frame OK cmd=0x91 plen=125 payload=A001000301010000...
[01:10:28] [SERIAL RX] Frame OK cmd=0x94 plen=68 payload=0200000301010000...
[01:10:28] [SERIAL RX] Frame OK cmd=0x93 plen=50 payload=010101000000C843...
[01:10:29] [SERIAL RX] Frame OK cmd=0x91 plen=125 payload=A101000301010000...
[01:10:29] [SERIAL RX] Frame OK cmd=0x94 plen=68 payload=0200000301010000...
[01:10:29] [SERIAL RX] Frame OK cmd=0x93 plen=50 payload=010101000000C843...
[01:10:30] [SERIAL RX] Frame OK cmd=0x91 plen=125 payload=A201000301010000...
[01:10:30] [SERIAL RX] Frame OK cmd=0x94 plen=68 payload=0200000301010000...
[01:10:30] [SERIAL RX] Frame OK cmd=0x93 plen=50 payload=010101000000C843...
[01:10:31] [SERIAL RX] Frame OK cmd=0x91 plen=125 payload=A301000301010000...
[01:10:31] [SERIAL RX] Frame OK cmd=0x94 plen=68 payload=0200000301010000...
[01:10:31] [SERIAL RX] Frame OK cmd=0x93 plen=50 payload=010101000000C843...
[01:10:32] [SERIAL RX] Frame OK cmd=0x91 plen=125 payload=A401000301010000...
[01:10:32] [SERIAL RX] Frame OK cmd=0x94 plen=68 payload=0200000301010000...
[01:10:32] [SERIAL RX] Frame OK cmd=0x93 plen=50 payload=010101000000C843...
[01:10:33] [SERIAL RX] Frame OK cmd=0x91 plen=125 payload=A501000301010000...
[01:10:33] [SERIAL RX] Frame OK cmd=0x94 plen=68 payload=0200000301010000...
[01:10:33] [SERIAL RX] Frame OK cmd=0x93 plen=50 payload=010101000000C843...
[01:10:34] [SERIAL RX] Frame OK cmd=0x91 plen=125 payload=A601000301010000...
[01:10:34] [SERIAL RX] Frame OK cmd=0x94 plen=68 payload=0200000301010000...
[01:10:34] [SERIAL RX] Frame OK cmd=0x93 plen=50 payload=010101000000C843...
[01:10:35] [SERIAL RX] Frame OK cmd=0x91 plen=125 payload=A701000301010000...
[01:10:35] [SERIAL RX] Frame OK cmd=0x94 plen=68 payload=0200000301010000...
[01:10:35] [SERIAL RX] Frame OK cmd=0x93 plen=50 payload=010101000000C843...
[01:10:36] [SERIAL RX] Frame OK cmd=0x91 plen=125 payload=A801000301010000...
[01:10:36] [SERIAL RX] Frame OK cmd=0x94 plen=68 payload=0200000301010000...
[01:10:36] [SERIAL RX] Frame OK cmd=0x93 plen=50 payload=010101000000C843...
[01:10:37] [SERIAL RX] Frame OK cmd=0x91 plen=125 payload=A901000301010000...
[01:10:37] [SERIAL RX] Frame OK cmd=0x94 plen=68 payload=0200000301010000...
[01:10:37] [SERIAL RX] Frame OK cmd=0x93 plen=50 payload=010101000000C843...
[01:10:38] [SERIAL RX] Frame OK cmd=0x91 plen=125 payload=AA01000301010000...
[01:10:38] [SERIAL RX] Frame OK cmd=0x94 plen=68 payload=0200000301010000...
[01:10:38] [SERIAL RX] Frame OK cmd=0x93 plen=50 payload=010101000000C843...
[01:10:39] [SERIAL RX] Frame OK cmd=0x91 plen=125 payload=AB01000301010000...
[01:10:39] [SERIAL RX] Frame OK cmd=0x94 plen=68 payload=0200000301010000...
[01:10:39] [SERIAL RX] Frame OK cmd=0x93 plen=50 payload=010101000000C843...
[01:10:40] [SERIAL RX] Frame OK cmd=0x91 plen=125 payload=AC01000301010000...
[01:10:40] [SERIAL RX] Frame OK cmd=0x94 plen=68 payload=0200000301010000...
[01:10:40] [SERIAL RX] Frame OK cmd=0x93 plen=50 payload=010101000000C843...
[01:10:41] [SERIAL RX] Frame OK cmd=0x91 plen=125 payload=AD01000301010000...
[01:10:41] [SERIAL RX] Frame OK cmd=0x94 plen=68 payload=0200000301010000...
[01:10:41] [SERIAL RX] Frame OK cmd=0x93 plen=50 payload=010101000000C843...
[01:10:42] [SERIAL RX] Frame OK cmd=0x91 plen=125 payload=AE01000301010000...
[01:10:42] [SERIAL RX] Frame OK cmd=0x94 plen=68 payload=0200000301010000...
[01:10:42] [SERIAL RX] Frame OK cmd=0x93 plen=50 payload=010101000000C843...
[01:10:43] [SERIAL RX] Frame OK cmd=0x91 plen=125 payload=AF01000301010000...
[01:10:43] [SERIAL RX] Frame OK cmd=0x94 plen=68 payload=0200000301010000...
[01:10:43] [SERIAL RX] Frame OK cmd=0x93 plen=50 payload=010101000000C843...
[01:10:44] [SERIAL RX] Frame OK cmd=0x91 plen=125 payload=B001000301010000...
[01:10:44] [SERIAL RX] Frame OK cmd=0x94 plen=68 payload=0200000301010000...
[01:10:44] [SERIAL RX] Frame OK cmd=0x93 plen=50 payload=010101000000C843...
[01:10:45] [SERIAL RX] Frame OK cmd=0x91 plen=125 payload=B101000301010000...
[01:10:45] [SERIAL RX] Frame OK cmd=0x94 plen=68 payload=0200000301010000...
[01:10:45] [SERIAL RX] Frame OK cmd=0x93 plen=50 payload=010101000000C843...
[01:10:46] [SERIAL RX] Frame OK cmd=0x91 plen=125 payload=B201000301010000...
[01:10:46] [SERIAL RX] Frame OK cmd=0x94 plen=68 payload=0200000301010000...
[01:10:46] [SERIAL RX] Frame OK cmd=0x93 plen=50 payload=010101000000C843...
[01:10:47] [SERIAL RX] Frame OK cmd=0x91 plen=125 payload=B301000301010000...
[01:10:47] [SERIAL RX] Frame OK cmd=0x94 plen=68 payload=0200000301010000...
[01:10:47] [SERIAL RX] Frame OK cmd=0x93 plen=50 payload=010101000000C843...
[01:10:48] [SERIAL RX] Frame OK cmd=0x91 plen=125 payload=B401000301010000...
[01:10:48] [SERIAL RX] Frame OK cmd=0x94 plen=68 payload=0200000301010000...
[01:10:48] [SERIAL RX] Frame OK cmd=0x93 plen=50 payload=010101000000C843...
[01:10:49] [SERIAL RX] Frame OK cmd=0x91 plen=125 payload=B501000301010000...
[01:10:49] [SERIAL RX] Frame OK cmd=0x94 plen=68 payload=0200000301010000...
[01:10:49] [SERIAL RX] Frame OK cmd=0x93 plen=50 payload=010101000000C843...
[01:10:50] [SERIAL RX] Frame OK cmd=0x91 plen=125 payload=B601000301010000...
[01:10:50] [SERIAL RX] Frame OK cmd=0x94 plen=68 payload=0200000301010000...
[01:10:50] [SERIAL RX] Frame OK cmd=0x93 plen=50 payload=010101000000C843...
[01:10:51] [SERIAL RX] Frame OK cmd=0x91 plen=125 payload=B701000301010000...
[01:10:51] [SERIAL RX] Frame OK cmd=0x94 plen=68 payload=0200000301010000...
[01:10:51] [SERIAL RX] Frame OK cmd=0x93 plen=50 payload=010101000000C843...
[01:10:52] [SERIAL RX] Frame OK cmd=0x91 plen=125 payload=B801000301010000...
[01:10:52] [SERIAL RX] Frame OK cmd=0x94 plen=68 payload=0200000301010000...
[01:10:52] [SERIAL RX] Frame OK cmd=0x93 plen=50 payload=010101000000C843...
[01:10:53] [SERIAL RX] Frame OK cmd=0x91 plen=125 payload=B901000301010000...
[01:10:53] [SERIAL RX] Frame OK cmd=0x94 plen=68 payload=0200000301010000...
[01:10:53] [SERIAL RX] Frame OK cmd=0x93 plen=50 payload=010101000000C843...
[01:10:54] [SERIAL RX] Frame OK cmd=0x91 plen=125 payload=BA01000301010000...
[01:10:54] [SERIAL RX] Frame OK cmd=0x94 plen=68 payload=0200000301010000...
[01:10:54] [SERIAL RX] Frame OK cmd=0x93 plen=50 payload=010101000000C843...
[01:10:55] [SERIAL RX] Frame OK cmd=0x91 plen=125 payload=BB01000301010000...
[01:10:55] [SERIAL RX] Frame OK cmd=0x94 plen=68 payload=0200000301010000...
[01:10:55] [SERIAL RX] Frame OK cmd=0x93 plen=50 payload=010101000000C843...
[01:10:56] [SERIAL RX] Frame OK cmd=0x91 plen=125 payload=BC01000301010000...
[01:10:56] [SERIAL RX] Frame OK cmd=0x94 plen=68 payload=0200000301010000...
[01:10:56] [SERIAL RX] Frame OK cmd=0x93 plen=50 payload=010101000000C843...
[01:10:57] [SERIAL RX] Frame OK cmd=0x91 plen=125 payload=BD01000301010000...
[01:10:57] [SERIAL RX] Frame OK cmd=0x94 plen=68 payload=0200000301010000...
[01:10:57] [SERIAL RX] Frame OK cmd=0x93 plen=50 payload=010101000000C843...
[01:10:58] [SERIAL RX] Frame OK cmd=0x91 plen=125 payload=BE01000301010000...
[01:10:58] [SERIAL RX] Frame OK cmd=0x94 plen=68 payload=0200000301010000...
[01:10:58] [SERIAL RX] Frame OK cmd=0x93 plen=50 payload=010101000000C843...
[01:10:59] [SERIAL RX] Frame OK cmd=0x91 plen=125 payload=BF01000301010000...
[01:10:59] [SERIAL RX] Frame OK cmd=0x94 plen=68 payload=0200000301010000...
[01:10:59] [SERIAL RX] Frame OK cmd=0x93 plen=50 payload=010101000000C843...
[01:11:00] [SERIAL RX] Frame OK cmd=0x91 plen=125 payload=C001000301010000...
[01:11:00] [SERIAL RX] Frame OK cmd=0x94 plen=68 payload=0200000301010000...
[01:11:00] [SERIAL RX] Frame OK cmd=0x93 plen=50 payload=010101000000C843...
[01:11:01] [SERIAL RX] Frame OK cmd=0x91 plen=125 payload=C101000301010000...
[01:11:01] [SERIAL RX] Frame OK cmd=0x94 plen=68 payload=0200000301010000...
[01:11:01] [SERIAL RX] Frame OK cmd=0x93 plen=50 payload=010101000000C843...
[01:11:02] [SERIAL RX] Frame OK cmd=0x91 plen=125 payload=C201000301010000...
[01:11:02] [SERIAL RX] Frame OK cmd=0x94 plen=68 payload=0200000301010000...
[01:11:02] [SERIAL RX] Frame OK cmd=0x93 plen=50 payload=010101000000C843...
[01:11:03] [SERIAL RX] Frame OK cmd=0x91 plen=125 payload=C301000301010000...
[01:11:03] [SERIAL RX] Frame OK cmd=0x94 plen=68 payload=0200000301010000...
[01:11:03] [SERIAL RX] Frame OK cmd=0x93 plen=50 payload=010101000000C843...
[01:11:04] [SERIAL RX] Frame OK cmd=0x91 plen=125 payload=C401000301010000...
[01:11:04] [SERIAL RX] Frame OK cmd=0x94 plen=68 payload=0200000301010000...
[01:11:04] [SERIAL RX] Frame OK cmd=0x93 plen=50 payload=010101000000C843...
[01:11:05] [SERIAL RX] Frame OK cmd=0x91 plen=125 payload=C501000301010000...
[01:11:05] [SERIAL RX] Frame OK cmd=0x94 plen=68 payload=0200000301010000...
[01:11:05] [SERIAL RX] Frame OK cmd=0x93 plen=50 payload=010101000000C843...
[01:11:06] [SERIAL RX] Frame OK cmd=0x91 plen=125 payload=C601000301010000...
[01:11:06] [SERIAL RX] Frame OK cmd=0x94 plen=68 payload=0200000301010000...
[01:11:06] [SERIAL RX] Frame OK cmd=0x93 plen=50 payload=010101000000C843...
[01:11:07] [SERIAL RX] Frame OK cmd=0x91 plen=125 payload=C701000301010000...
[01:11:07] [SERIAL RX] Frame OK cmd=0x94 plen=68 payload=0200000301010000...
[01:11:07] [SERIAL RX] Frame OK cmd=0x93 plen=50 payload=010101000000C843...
[01:11:08] [SERIAL RX] Frame OK cmd=0x91 plen=125 payload=C801000301010000...
[01:11:08] [SERIAL RX] Frame OK cmd=0x94 plen=68 payload=0200000301010000...
[01:11:08] [SERIAL RX] Frame OK cmd=0x93 plen=50 payload=010101000000C843...
[01:11:09] [SERIAL RX] Frame OK cmd=0x91 plen=125 payload=C901000301010000...
[01:11:09] [SERIAL RX] Frame OK cmd=0x94 plen=68 payload=0200000301010000...
[01:11:09] [SERIAL RX] Frame OK cmd=0x93 plen=50 payload=010101000000C843...
[01:11:10] [SERIAL RX] Frame OK cmd=0x91 plen=125 payload=CA01000301010000...
[01:11:10] [SERIAL RX] Frame OK cmd=0x94 plen=68 payload=0200000301010000...
[01:11:10] [SERIAL RX] Frame OK cmd=0x93 plen=50 payload=010101000000C843...
[01:11:11] [SERIAL RX] Frame OK cmd=0x91 plen=125 payload=CB01000301010000...
[01:11:11] [SERIAL RX] Frame OK cmd=0x94 plen=68 payload=0200000301010000...
[01:11:11] [SERIAL RX] Frame OK cmd=0x93 plen=50 payload=010101000000C843...
[01:11:12] [SERIAL RX] Frame OK cmd=0x91 plen=125 payload=CC01000301010000...
[01:11:12] [SERIAL RX] Frame OK cmd=0x94 plen=68 payload=0200000301010000...
[01:11:12] [SERIAL RX] Frame OK cmd=0x93 plen=50 payload=010101000000C843...
[01:11:13] [SERIAL RX] Frame OK cmd=0x91 plen=125 payload=CD01000301010000...
[01:11:13] [SERIAL RX] Frame OK cmd=0x94 plen=68 payload=0200000301010000...
[01:11:13] [SERIAL RX] Frame OK cmd=0x93 plen=50 payload=010101000000C843...
[01:11:14] [SERIAL RX] Frame OK cmd=0x91 plen=125 payload=CE01000301010000...
[01:11:14] [SERIAL RX] Frame OK cmd=0x94 plen=68 payload=0200000301010000...
[01:11:14] [SERIAL RX] Frame OK cmd=0x93 plen=50 payload=010101000000C843...
[01:11:15] [SERIAL RX] Frame OK cmd=0x91 plen=125 payload=CF01000301010000...
[01:11:15] [SERIAL RX] Frame OK cmd=0x94 plen=68 payload=0200000301010000...
[01:11:15] [SERIAL RX] Frame OK cmd=0x93 plen=50 payload=010101000000C843...
[01:11:16] [SERIAL RX] Frame OK cmd=0x91 plen=125 payload=D001000301010000...
[01:11:16] [SERIAL RX] Frame OK cmd=0x94 plen=68 payload=0200000301010000...
[01:11:16] [SERIAL RX] Frame OK cmd=0x93 plen=50 payload=010101000000C843...
[01:11:17] [SERIAL RX] Frame OK cmd=0x91 plen=125 payload=D101000301010000...
[01:11:17] [SERIAL RX] Frame OK cmd=0x94 plen=68 payload=0200000301010000...
[01:11:17] [SERIAL RX] Frame OK cmd=0x93 plen=50 payload=010101000000C843...
[01:11:18] [SERIAL RX] Frame OK cmd=0x91 plen=125 payload=D201000301010000...
[01:11:18] [SERIAL RX] Frame OK cmd=0x94 plen=68 payload=0200000301010000...
[01:11:18] [SERIAL RX] Frame OK cmd=0x93 plen=50 payload=010101000000C843...
[01:11:19] [SERIAL RX] Frame OK cmd=0x91 plen=125 payload=D301000301010000...
[01:11:19] [SERIAL RX] Frame OK cmd=0x94 plen=68 payload=0200000301010000...
[01:11:19] [SERIAL RX] Frame OK cmd=0x93 plen=50 payload=010101000000C843...
[01:11:20] [SERIAL RX] Frame OK cmd=0x91 plen=125 payload=D401000301010000...
[01:11:20] [SERIAL RX] Frame OK cmd=0x94 plen=68 payload=0200000301010000...
[01:11:20] [SERIAL RX] Frame OK cmd=0x93 plen=50 payload=010101000000C843...
[01:11:21] [SERIAL RX] Frame OK cmd=0x91 plen=125 payload=D501000301010000...
[01:11:21] [SERIAL RX] Frame OK cmd=0x94 plen=68 payload=0200000301010000...
[01:11:21] [SERIAL RX] Frame OK cmd=0x93 plen=50 payload=010101000000C843...
[01:11:22] [SERIAL RX] Frame OK cmd=0x91 plen=125 payload=D601000301010000...
[01:11:22] [SERIAL RX] Frame OK cmd=0x94 plen=68 payload=0200000301010000...
[01:11:22] [SERIAL RX] Frame OK cmd=0x93 plen=50 payload=010101000000C843...
[01:11:23] [SERIAL RX] Frame OK cmd=0x91 plen=125 payload=D701000301010000...
[01:11:23] [SERIAL RX] Frame OK cmd=0x94 plen=68 payload=0200000301010000...
[01:11:23] [SERIAL RX] Frame OK cmd=0x93 plen=50 payload=010101000000C843...
[01:11:24] [SERIAL RX] Frame OK cmd=0x91 plen=125 payload=D801000301010000...
[01:11:24] [SERIAL RX] Frame OK cmd=0x94 plen=68 payload=0200000301010000...
[01:11:24] [SERIAL RX] Frame OK cmd=0x93 plen=50 payload=010101000000C843...
[01:11:25] [SERIAL RX] Frame OK cmd=0x91 plen=125 payload=D901000301010000...
[01:11:25] [SERIAL RX] Frame OK cmd=0x94 plen=68 payload=0200000301010000...
[01:11:25] [SERIAL RX] Frame OK cmd=0x93 plen=50 payload=010101000000C843...
[01:11:26] [SERIAL RX] Frame OK cmd=0x91 plen=125 payload=DA01000301010000...
[01:11:26] [SERIAL RX] Frame OK cmd=0x94 plen=68 payload=0200000301010000...
[01:11:26] [SERIAL RX] Frame OK cmd=0x93 plen=50 payload=010101000000C843...
[01:11:27] [SERIAL RX] Frame OK cmd=0x91 plen=125 payload=DB01000301010000...
[01:11:27] [SERIAL RX] Frame OK cmd=0x94 plen=68 payload=0200000301010000...
[01:11:27] [SERIAL RX] Frame OK cmd=0x93 plen=50 payload=010101000000C843...
[01:11:28] [SERIAL RX] Frame OK cmd=0x91 plen=125 payload=DC01000301010000...
[01:11:28] [SERIAL RX] Frame OK cmd=0x94 plen=68 payload=0200000301010000...
[01:11:28] [SERIAL RX] Frame OK cmd=0x93 plen=50 payload=010101000000C843...
[01:11:29] [SERIAL RX] Frame OK cmd=0x91 plen=125 payload=DD01000301010000...
[01:11:29] [SERIAL RX] Frame OK cmd=0x94 plen=68 payload=0200000301010000...
[01:11:29] [SERIAL RX] Frame OK cmd=0x93 plen=50 payload=010101000000C843...
[01:11:30] [SERIAL RX] Frame OK cmd=0x91 plen=125 payload=DE01000301010000...
[01:11:30] [SERIAL RX] Frame OK cmd=0x94 plen=68 payload=0200000301010000...
[01:11:30] [SERIAL RX] Frame OK cmd=0x93 plen=50 payload=010101000000C843...
[01:11:31] [SERIAL RX] Frame OK cmd=0x91 plen=125 payload=DF01000301010000...
[01:11:31] [SERIAL RX] Frame OK cmd=0x94 plen=68 payload=0200000301010000...
[01:11:31] [SERIAL RX] Frame OK cmd=0x93 plen=50 payload=010101000000C843...
[01:11:32] [SERIAL RX] Frame OK cmd=0x91 plen=125 payload=E001000301010000...
[01:11:32] [SERIAL RX] Frame OK cmd=0x94 plen=68 payload=0200000301010000...
[01:11:32] [SERIAL RX] Frame OK cmd=0x93 plen=50 payload=010101000000C843...
[01:11:33] [SERIAL RX] Frame OK cmd=0x91 plen=125 payload=E101000301010000...
[01:11:33] [SERIAL RX] Frame OK cmd=0x94 plen=68 payload=0200000301010000...
[01:11:33] [SERIAL RX] Frame OK cmd=0x93 plen=50 payload=010101000000C843...
[01:11:34] [SERIAL RX] Frame OK cmd=0x91 plen=125 payload=E201000301010000...
[01:11:34] [SERIAL RX] Frame OK cmd=0x94 plen=68 payload=0200000301010000...
[01:11:34] [SERIAL RX] Frame OK cmd=0x93 plen=50 payload=010101000000C843...
[01:11:35] [SERIAL RX] Frame OK cmd=0x91 plen=125 payload=E301000301010000...
[01:11:35] [SERIAL RX] Frame OK cmd=0x94 plen=68 payload=0200000301010000...
[01:11:35] [SERIAL RX] Frame OK cmd=0x93 plen=50 payload=010101000000C843...
[01:11:36] [SERIAL RX] Frame OK cmd=0x91 plen=125 payload=E401000301010000...
[01:11:36] [SERIAL RX] Frame OK cmd=0x94 plen=68 payload=0200000301010000...
[01:11:36] [SERIAL RX] Frame OK cmd=0x93 plen=50 payload=010101000000C843...
[01:11:37] [SERIAL RX] Frame OK cmd=0x91 plen=125 payload=E501000301010000...
[01:11:37] [SERIAL RX] Frame OK cmd=0x94 plen=68 payload=0200000301010000...
[01:11:37] [SERIAL RX] Frame OK cmd=0x93 plen=50 payload=010101000000C843...
[01:11:38] [SERIAL RX] Frame OK cmd=0x91 plen=125 payload=E601000301010000...
[01:11:38] [SERIAL RX] Frame OK cmd=0x94 plen=68 payload=0200000301010000...
[01:11:38] [SERIAL RX] Frame OK cmd=0x93 plen=50 payload=010101000000C843...
[01:11:39] [SERIAL RX] Frame OK cmd=0x91 plen=125 payload=E701000301010000...
[01:11:39] [SERIAL RX] Frame OK cmd=0x94 plen=68 payload=0200000301010000...
[01:11:39] [SERIAL RX] Frame OK cmd=0x93 plen=50 payload=010101000000C843...
[01:11:40] [SERIAL RX] Frame OK cmd=0x91 plen=125 payload=E801000301010000...
[01:11:40] [SERIAL RX] Frame OK cmd=0x94 plen=68 payload=0200000301010000...
[01:11:40] [SERIAL RX] Frame OK cmd=0x93 plen=50 payload=010101000000C843...
[01:11:41] [SERIAL RX] Frame OK cmd=0x91 plen=125 payload=E901000301010000...
[01:11:41] [SERIAL RX] Frame OK cmd=0x94 plen=68 payload=0200000301010000...
[01:11:41] [SERIAL RX] Frame OK cmd=0x93 plen=50 payload=010101000000C843...
[01:11:42] [SERIAL RX] Frame OK cmd=0x91 plen=125 payload=EA01000301010000...
[01:11:42] [SERIAL RX] Frame OK cmd=0x94 plen=68 payload=0200000301010000...
[01:11:42] [SERIAL RX] Frame OK cmd=0x93 plen=50 payload=010101000000C843...
[01:11:43] [SERIAL RX] Frame OK cmd=0x91 plen=125 payload=EB01000301010000...
[01:11:43] [SERIAL RX] Frame OK cmd=0x94 plen=68 payload=0200000301010000...
[01:11:43] [SERIAL RX] Frame OK cmd=0x93 plen=50 payload=010101000000C843...
[01:11:44] [SERIAL RX] Frame OK cmd=0x91 plen=125 payload=EC01000301010000...
[01:11:44] [SERIAL RX] Frame OK cmd=0x94 plen=68 payload=0200000301010000...
[01:11:44] [SERIAL RX] Frame OK cmd=0x93 plen=50 payload=010101000000C843...
[01:11:45] [SERIAL RX] Frame OK cmd=0x91 plen=125 payload=ED01000301010000...
[01:11:45] [SERIAL RX] Frame OK cmd=0x94 plen=68 payload=0200000301010000...
[01:11:45] [SERIAL RX] Frame OK cmd=0x93 plen=50 payload=010101000000C843...
[01:11:46] [SERIAL RX] Frame OK cmd=0x91 plen=125 payload=EE01000301010000...
[01:11:46] [SERIAL RX] Frame OK cmd=0x94 plen=68 payload=0200000301010000...
[01:11:46] [SERIAL RX] Frame OK cmd=0x93 plen=50 payload=010101000000C843...
[01:11:47] [SERIAL RX] Frame OK cmd=0x91 plen=125 payload=EF01000301010000...
[01:11:47] [SERIAL RX] Frame OK cmd=0x94 plen=68 payload=0200000301010000...
[01:11:47] [SERIAL RX] Frame OK cmd=0x93 plen=50 payload=010101000000C843...
[01:11:48] [SERIAL RX] Frame OK cmd=0x91 plen=125 payload=F001000301010000...
[01:11:48] [SERIAL RX] Frame OK cmd=0x94 plen=68 payload=0200000301010000...
[01:11:48] [SERIAL RX] Frame OK cmd=0x93 plen=50 payload=010101000000C843...
[01:11:49] [SERIAL RX] Frame OK cmd=0x91 plen=125 payload=F101000301010000...
[01:11:49] [SERIAL RX] Frame OK cmd=0x94 plen=68 payload=0200000301010000...
[01:11:49] [SERIAL RX] Frame OK cmd=0x93 plen=50 payload=010101000000C843...
[01:11:50] [SERIAL RX] Frame OK cmd=0x91 plen=125 payload=F201000301010000...
[01:11:50] [SERIAL RX] Frame OK cmd=0x94 plen=68 payload=0200000301010000...
[01:11:50] [SERIAL RX] Frame OK cmd=0x93 plen=50 payload=010101000000C843...
[01:11:51] [SERIAL RX] Frame OK cmd=0x91 plen=125 payload=F301000301010000...
[01:11:51] [SERIAL RX] Frame OK cmd=0x94 plen=68 payload=0200000301010000...
[01:11:51] [SERIAL RX] Frame OK cmd=0x93 plen=50 payload=010101000000C843...
[01:11:52] [SERIAL RX] Frame OK cmd=0x91 plen=125 payload=F401000301010000...
[01:11:52] [SERIAL RX] Frame OK cmd=0x94 plen=68 payload=0200000301010000...
[01:11:52] [SERIAL RX] Frame OK cmd=0x93 plen=50 payload=010101000000C843...
[01:11:53] [SERIAL RX] Frame OK cmd=0x91 plen=125 payload=F501000301010000...
[01:11:53] [SERIAL RX] Frame OK cmd=0x94 plen=68 payload=0200000301010000...
[01:11:53] [SERIAL RX] Frame OK cmd=0x93 plen=50 payload=010101000000C843...
[01:11:54] [SERIAL RX] Frame OK cmd=0x91 plen=125 payload=F601000301010000...
[01:11:54] [SERIAL RX] Frame OK cmd=0x94 plen=68 payload=0200000301010000...
[01:11:54] [SERIAL RX] Frame OK cmd=0x93 plen=50 payload=010101000000C843...
[01:11:55] [SERIAL RX] Frame OK cmd=0x91 plen=125 payload=F701000301010000...
[01:11:55] [SERIAL RX] Frame OK cmd=0x94 plen=68 payload=0200000301010000...
[01:11:55] [SERIAL RX] Frame OK cmd=0x93 plen=50 payload=010101000000C843...
[01:11:56] [SERIAL RX] Frame OK cmd=0x91 plen=125 payload=F801000301010000...
[01:11:56] [SERIAL RX] Frame OK cmd=0x94 plen=68 payload=0200000301010000...
[01:11:56] [SERIAL RX] Frame OK cmd=0x93 plen=50 payload=010101000000C843...
[01:11:57] [SERIAL RX] Frame OK cmd=0x91 plen=125 payload=F901000301010000...
[01:11:57] [SERIAL RX] Frame OK cmd=0x94 plen=68 payload=0200000301010000...
[01:11:57] [SERIAL RX] Frame OK cmd=0x93 plen=50 payload=010101000000C843...
[01:11:58] [SERIAL RX] Frame OK cmd=0x91 plen=125 payload=FA01000301010000...
[01:11:58] [SERIAL RX] Frame OK cmd=0x94 plen=68 payload=0200000301010000...
[01:11:58] [SERIAL RX] Frame OK cmd=0x93 plen=50 payload=010101000000C843...
[01:11:59] [SERIAL RX] Frame OK cmd=0x91 plen=125 payload=FB01000301010000...
[01:11:59] [SERIAL RX] Frame OK cmd=0x94 plen=68 payload=0200000301010000...
[01:11:59] [SERIAL RX] Frame OK cmd=0x93 plen=50 payload=010101000000C843...
[01:12:00] [SERIAL RX] Frame OK cmd=0x91 plen=125 payload=FC01000301010000...
[01:12:00] [SERIAL RX] Frame OK cmd=0x94 plen=68 payload=0200000301010000...
[01:12:00] [SERIAL RX] Frame OK cmd=0x93 plen=50 payload=010101000000C843...
[01:12:01] [SERIAL RX] Frame OK cmd=0x91 plen=125 payload=FD01000301010000...
[01:12:01] [SERIAL RX] Frame OK cmd=0x94 plen=68 payload=0200000301010000...
[01:12:01] [SERIAL RX] Frame OK cmd=0x93 plen=50 payload=010101000000C843...
[01:12:02] [SERIAL RX] Frame OK cmd=0x91 plen=125 payload=FE01000301010000...
[01:12:02] [SERIAL RX] Frame OK cmd=0x94 plen=68 payload=0200000301010000...
[01:12:02] [SERIAL RX] Frame OK cmd=0x93 plen=50 payload=010101000000C843...
[01:12:03] [SERIAL RX] Frame OK cmd=0x91 plen=125 payload=FF01000301010000...
[01:12:03] [SERIAL RX] Frame OK cmd=0x94 plen=68 payload=0200000301010000...
[01:12:03] [SERIAL RX] Frame OK cmd=0x93 plen=50 payload=010101000000C843...
[01:12:04] [SERIAL RX] Frame OK cmd=0x91 plen=125 payload=0001000301010000...
[01:12:04] [SERIAL RX] Frame OK cmd=0x94 plen=68 payload=0200000301010000...
[01:12:04] [SERIAL RX] Frame OK cmd=0x93 plen=50 payload=010101000000C843...
[01:12:05] [SERIAL RX] Frame OK cmd=0x91 plen=125 payload=0101000301010000...
[01:12:05] [SERIAL RX] Frame OK cmd=0x94 plen=68 payload=0200000301010000...
[01:12:05] [SERIAL RX] Frame OK cmd=0x93 plen=50 payload=010101000000C843...
[01:12:06] [SERIAL RX] Frame OK cmd=0x91 plen=125 payload=0201000301010000...
[01:12:06] [SERIAL RX] Frame OK cmd=0x94 plen=68 payload=0200000301010000...
[01:12:06] [SERIAL RX] Frame OK cmd=0x93 plen=50 payload=010101000000C843...
[01:12:07] [SERIAL RX] Frame OK cmd=0x91 plen=125 payload=0301000301010000...
[01:12:07] [SERIAL RX] Frame OK cmd=0x94 plen=68 payload=0200000301010000...
[01:12:07] [SERIAL RX] Frame OK cmd=0x93 plen=50 payload=010101000000C843...
[01:12:08] [SERIAL RX] Frame OK cmd=0x91 plen=125 payload=0401000301010000...
[01:12:08] [SERIAL RX] Frame OK cmd=0x94 plen=68 payload=0200000301010000...
[01:12:08] [SERIAL RX] Frame OK cmd=0x93 plen=50 payload=010101000000C843...
[01:12:09] [SERIAL RX] Frame OK cmd=0x91 plen=125 payload=0501000301010000...
[01:12:09] [SERIAL RX] Frame OK cmd=0x94 plen=68 payload=0200000301010000...
[01:12:09] [SERIAL RX] Frame OK cmd=0x93 plen=50 payload=010101000000C843...
[01:12:10] [SERIAL RX] Frame OK cmd=0x91 plen=125 payload=0601000301010000...
[01:12:10] [SERIAL RX] Frame OK cmd=0x94 plen=68 payload=0200000301010000...
[01:12:10] [SERIAL RX] Frame OK cmd=0x93 plen=50 payload=010101000000C843...
[01:12:11] [SERIAL RX] Frame OK cmd=0x91 plen=125 payload=0701000301010000...
[01:12:11] [SERIAL RX] Frame OK cmd=0x94 plen=68 payload=0200000301010000...
[01:12:11] [SERIAL RX] Frame OK cmd=0x93 plen=50 payload=010101000000C843...
[01:12:12] [SERIAL RX] Frame OK cmd=0x91 plen=125 payload=0801000301010000...
[01:12:12] [SERIAL RX] Frame OK cmd=0x94 plen=68 payload=0200000301010000...
[01:12:12] [SERIAL RX] Frame OK cmd=0x93 plen=50 payload=010101000000C843...
[01:12:13] [SERIAL RX] Frame OK cmd=0x91 plen=125 payload=0901000301010000...
[01:12:13] [SERIAL RX] Frame OK cmd=0x94 plen=68 payload=0200000301010000...
[01:12:13] [SERIAL RX] Frame OK cmd=0x93 plen=50 payload=010101000000C843...
[01:12:14] [SERIAL RX] Frame OK cmd=0x91 plen=125 payload=0A01000301010000...
[01:12:14] [SERIAL RX] Frame OK cmd=0x94 plen=68 payload=0200000301010000...
[01:12:14] [SERIAL RX] Frame OK cmd=0x93 plen=50 payload=010101000000C843...
[01:12:15] [SERIAL RX] Frame OK cmd=0x91 plen=125 payload=0B01000301010000...
[01:12:15] [SERIAL RX] Frame OK cmd=0x94 plen=68 payload=0200000301010000...
[01:12:15] [SERIAL RX] Frame OK cmd=0x93 plen=50 payload=010101000000C843...
[01:12:16] [SERIAL RX] Frame OK cmd=0x91 plen=125 payload=0C01000301010000...
[01:12:16] [SERIAL RX] Frame OK cmd=0x94 plen=68 payload=0200000301010000...
[01:12:16] [SERIAL RX] Frame OK cmd=0x93 plen=50 payload=010101000000C843...
[01:12:17] [SERIAL RX] Frame OK cmd=0x91 plen=125 payload=0D01000301010000...
[01:12:17] [SERIAL RX] Frame OK cmd=0x94 plen=68 payload=0200000301010000...
[01:12:17] [SERIAL RX] Frame OK cmd=0x93 plen=50 payload=010101000000C843...
[01:12:18] [SERIAL RX] Frame OK cmd=0x91 plen=125 payload=0E01000301010000...
[01:12:18] [SERIAL RX] Frame OK cmd=0x94 plen=68 payload=0200000301010000...
[01:12:18] [SERIAL RX] Frame OK cmd=0x93 plen=50 payload=010101000000C843...
[01:12:19] [SERIAL RX] Frame OK cmd=0x91 plen=125 payload=0F01000301010000...
[01:12:19] [SERIAL RX] Frame OK cmd=0x94 plen=68 payload=0200000301010000...
[01:12:19] [SERIAL RX] Frame OK cmd=0x93 plen=50 payload=010101000000C843...
[01:12:20] [SERIAL RX] Frame OK cmd=0x91 plen=125 payload=1001000301010000...
[01:12:20] [SERIAL RX] Frame OK cmd=0x94 plen=68 payload=0200000301010000...
[01:12:20] [SERIAL RX] Frame OK cmd=0x93 plen=50 payload=010101000000C843...
[01:12:21] [SERIAL RX] Frame OK cmd=0x91 plen=125 payload=1101000301010000...
[01:12:21] [SERIAL RX] Frame OK cmd=0x94 plen=68 payload=0200000301010000...
[01:12:21] [SERIAL RX] Frame OK cmd=0x93 plen=50 payload=010101000000C843...
[01:12:22] [SERIAL RX] Frame OK cmd=0x91 plen=125 payload=1201000301010000...
[01:12:22] [SERIAL RX] Frame OK cmd=0x94 plen=68 payload=0200000301010000...
[01:12:22] [SERIAL RX] Frame OK cmd=0x93 plen=50 payload=010101000000C843...
[01:12:23] [SERIAL RX] Frame OK cmd=0x91 plen=125 payload=1301000301010000...
[01:12:23] [SERIAL RX] Frame OK cmd=0x94 plen=68 payload=0200000301010000...
[01:12:23] [SERIAL RX] Frame OK cmd=0x93 plen=50 payload=010101000000C843...
[01:12:24] [SERIAL RX] Frame OK cmd=0x91 plen=125 payload=1401000301010000...
[01:12:24] [SERIAL RX] Frame OK cmd=0x94 plen=68 payload=0200000301010000...
[01:12:24] [SERIAL RX] Frame OK cmd=0x93 plen=50 payload=010101000000C843...
[01:12:25] [SERIAL RX] Frame OK cmd=0x91 plen=125 payload=1501000301010000...
[01:12:25] [SERIAL RX] Frame OK cmd=0x94 plen=68 payload=0200000301010000...
[01:12:25] [SERIAL RX] Frame OK cmd=0x93 plen=50 payload=010101000000C843...
[01:12:26] [SERIAL RX] Frame OK cmd=0x91 plen=125 payload=1601000301010000...
[01:12:26] [SERIAL RX] Frame OK cmd=0x94 plen=68 payload=0200000301010000...
[01:12:26] [SERIAL RX] Frame OK cmd=0x93 plen=50 payload=010101000000C843...
[01:12:27] [SERIAL RX] Frame OK cmd=0x91 plen=125 payload=1701000301010000...
[01:12:27] [SERIAL RX] Frame OK cmd=0x94 plen=68 payload=0200000301010000...
[01:12:27] [SERIAL RX] Frame OK cmd=0x93 plen=50 payload=010101000000C843...
[01:12:28] [SERIAL RX] Frame OK cmd=0x91 plen=125 payload=1801000301010000...
[01:12:28] [SERIAL RX] Frame OK cmd=0x94 plen=68 payload=0200000301010000...
[01:12:28] [SERIAL RX] Frame OK cmd=0x93 plen=50 payload=010101000000C843...
[01:12:29] [SERIAL RX] Frame OK cmd=0x91 plen=125 payload=1901000301010000...
[01:12:29] [SERIAL RX] Frame OK cmd=0x94 plen=68 payload=0200000301010000...
[01:12:29] [SERIAL RX] Frame OK cmd=0x93 plen=50 payload=010101000000C843...
[01:12:30] [SERIAL RX] Frame OK cmd=0x91 plen=125 payload=1A01000301010000...
[01:12:30] [SERIAL RX] Frame OK cmd=0x94 plen=68 payload=0200000301010000...
[01:12:30] [SERIAL RX] Frame OK cmd=0x93 plen=50 payload=010101000000C843...
[01:12:31] [SERIAL RX] Frame OK cmd=0x91 plen=125 payload=1B01000301010000...
[01:12:31] [SERIAL RX] Frame OK cmd=0x94 plen=68 payload=0200000301010000...
[01:12:31] [SERIAL RX] Frame OK cmd=0x93 plen=50 payload=010101000000C843...
[01:12:32] [SERIAL RX] Frame OK cmd=0x91 plen=125 payload=1C01000301010000...
[01:12:32] [SERIAL RX] Frame OK cmd=0x94 plen=68 payload=0200000301010000...
[01:12:32] [SERIAL RX] Frame OK cmd=0x93 plen=50 payload=010101000000C843...
[01:12:33] [SERIAL RX] Frame OK cmd=0x91 plen=125 payload=1D01000301010000...
[01:12:33] [SERIAL RX] Frame OK cmd=0x94 plen=68 payload=0200000301010000...
[01:12:33] [SERIAL RX] Frame OK cmd=0x93 plen=50 payload=010101000000C843...
[01:12:34] [SERIAL RX] Frame OK cmd=0x91 plen=125 payload=1E01000301010000...
[01:12:34] [SERIAL RX] Frame OK cmd=0x94 plen=68 payload=0200000301010000...
[01:12:34] [SERIAL RX] Frame OK cmd=0x93 plen=50 payload=010101000000C843...
[01:12:35] [SERIAL RX] Frame OK cmd=0x91 plen=125 payload=1F01000301010000...
[01:12:35] [SERIAL RX] Frame OK cmd=0x94 plen=68 payload=0200000301010000...
[01:12:35] [SERIAL RX] Frame OK cmd=0x93 plen=50 payload=010101000000C843...
[01:12:36] [SERIAL RX] Frame OK cmd=0x91 plen=125 payload=2001000301010000...
[01:12:36] [SERIAL RX] Frame OK cmd=0x94 plen=68 payload=0200000301010000...
[01:12:36] [SERIAL RX] Frame OK cmd=0x93 plen=50 payload=010101000000C843...
[01:12:37] [SERIAL RX] Frame OK cmd=0x91 plen=125 payload=2101000301010000...
[01:12:37] [SERIAL RX] Frame OK cmd=0x94 plen=68 payload=0200000301010000...
[01:12:37] [SERIAL RX] Frame OK cmd=0x93 plen=50 payload=010101000000C843...
[01:12:38] [SERIAL RX] Frame OK cmd=0x91 plen=125 payload=2201000301010000...
[01:12:38] [SERIAL RX] Frame OK cmd=0x94 plen=68 payload=0200000301010000...
[01:12:38] [SERIAL RX] Frame OK cmd=0x93 plen=50 payload=010101000000C843...
[01:12:39] [SERIAL RX] Frame OK cmd=0x91 plen=125 payload=2301000301010000...
[01:12:39] [SERIAL RX] Frame OK cmd=0x94 plen=68 payload=0200000301010000...
[01:12:39] [SERIAL RX] Frame OK cmd=0x93 plen=50 payload=010101000000C843...
[01:12:40] [SERIAL RX] Frame OK cmd=0x91 plen=125 payload=2401000301010000...
[01:12:40] [SERIAL RX] Frame OK cmd=0x94 plen=68 payload=0200000301010000...
[01:12:40] [SERIAL RX] Frame OK cmd=0x93 plen=50 payload=010101000000C843...
[01:12:41] [SERIAL RX] Frame OK cmd=0x91 plen=125 payload=2501000301010000...
[01:12:41] [SERIAL RX] Frame OK cmd=0x94 plen=68 payload=0200000301010000...
[01:12:41] [SERIAL RX] Frame OK cmd=0x93 plen=50 payload=010101000000C843...
[01:12:42] [SERIAL RX] Frame OK cmd=0x91 plen=125 payload=2601000301010000...
[01:12:42] [SERIAL RX] Frame OK cmd=0x94 plen=68 payload=0200000301010000...
[01:12:42] [SERIAL RX] Frame OK cmd=0x93 plen=50 payload=010101000000C843...
[01:12:43] [SERIAL RX] Frame OK cmd=0x91 plen=125 payload=2701000301010000...
[01:12:43] [SERIAL RX] Frame OK cmd=0x94 plen=68 payload=0200000301010000...
[01:12:43] [SERIAL RX] Frame OK cmd=0x93 plen=50 payload=010101000000C843...
[01:12:44] [SERIAL RX] Frame OK cmd=0x91 plen=125 payload=2801000301010000...
[01:12:44] [SERIAL RX] Frame OK cmd=0x94 plen=68 payload=0200000301010000...
[01:12:44] [SERIAL RX] Frame OK cmd=0x93 plen=50 payload=010101000000C843...
[01:12:45] [SERIAL RX] Frame OK cmd=0x91 plen=125 payload=2901000301010000...
[01:12:45] [SERIAL RX] Frame OK cmd=0x94 plen=68 payload=0200000301010000...
[01:12:45] [SERIAL RX] Frame OK cmd=0x93 plen=50 payload=010101000000C843...
[01:12:46] [SERIAL RX] Frame OK cmd=0x91 plen=125 payload=2A01000301010000...
[01:12:46] [SERIAL RX] Frame OK cmd=0x94 plen=68 payload=0200000301010000...
[01:12:46] [SERIAL RX] Frame OK cmd=0x93 plen=50 payload=010101000000C843...
[01:12:47] [SERIAL RX] Frame OK cmd=0x91 plen=125 payload=2B01000301010000...
[01:12:47] [SERIAL RX] Frame OK cmd=0x94 plen=68 payload=0200000301010000...
[01:12:47] [SERIAL RX] Frame OK cmd=0x93 plen=50 payload=010101000000C843...
[01:12:48] [SERIAL RX] Frame OK cmd=0x91 plen=125 payload=2C01000301010000...
[01:12:48] [SERIAL RX] Frame OK cmd=0x94 plen=68 payload=0200000301010000...
[01:12:48] [SERIAL RX] Frame OK cmd=0x93 plen=50 payload=010101000000C843...
[01:12:49] [SERIAL RX] Frame OK cmd=0x91 plen=125 payload=2D01000301010000...
[01:12:49] [SERIAL RX] Frame OK cmd=0x94 plen=68 payload=0200000301010000...
[01:12:49] [SERIAL RX] Frame OK cmd=0x93 plen=50 payload=010101000000C843...
[01:12:50] [SERIAL RX] Frame OK cmd=0x91 plen=125 payload=2E01000301010000...
[01:12:50] [SERIAL RX] Frame OK cmd=0x94 plen=68 payload=0200000301010000...
[01:12:50] [SERIAL RX] Frame OK cmd=0x93 plen=50 payload=010101000000C843...
[01:12:51] [SERIAL RX] Frame OK cmd=0x91 plen=125 payload=2F01000301010000...
[01:12:51] [SERIAL RX] Frame OK cmd=0x94 plen=68 payload=0200000301010000...
[01:12:51] [SERIAL RX] Frame OK cmd=0x93 plen=50 payload=010101000000C843...
[01:12:52] [SERIAL RX] Frame OK cmd=0x91 plen=125 payload=3001000301010000...
[01:12:52] [SERIAL RX] Frame OK cmd=0x94 plen=68 payload=0200000301010000...
[01:12:52] [SERIAL RX] Frame OK cmd=0x93 plen=50 payload=010101000000C843...
[01:12:52] [SERIAL TX] cmd=0x11 len=0 frame=AA55110042
[01:12:52] [SERIAL RX] Frame OK cmd=0x82 plen=1 payload=11
[01:17:02] [SERIAL TX] cmd=0x10 len=0 frame=AA55100057
[01:17:02] [SERIAL RX] Frame OK cmd=0x82 plen=1 payload=10
[01:17:02] [SERIAL TX] cmd=0x09 len=1 frame=AA5509010326
[01:17:02] [SERIAL RX] Frame OK cmd=0x82 plen=1 payload=09
[01:17:02] [SERIAL TX] cmd=0x05 len=2 frame=AA55050201008D
[01:17:02] [SERIAL RX] Frame OK cmd=0x82 plen=1 payload=05
[01:17:02] [SERIAL TX] cmd=0x19 len=0 frame=AA551900EA
[01:17:02] [SERIAL RX] Frame OK cmd=0x97 plen=207 payload=03000000C842CDCC...
[01:17:03] [SERIAL RX] Frame OK cmd=0x91 plen=125 payload=0001000301010000...
[01:17:03] [SERIAL RX] Frame OK cmd=0x94 plen=68 payload=0200000301010000...
[01:17:03] [SERIAL RX] Frame OK cmd=0x93 plen=50 payload=010101000000C843...
[01:17:04] [SERIAL RX] Frame OK cmd=0x91 plen=125 payload=0101000301010000...
[01:17:04] [SERIAL RX] Frame OK cmd=0x94 plen=68 payload=0200000301010000...
[01:17:04] [SERIAL RX] Frame OK cmd=0x93 plen=50 payload=010101000000C843...
[01:17:05] [SERIAL RX] Frame OK cmd=0x91 plen=125 payload=0201000301010000...
[01:17:05] [SERIAL RX] Frame OK cmd=0x94 plen=68 payload=0200000301010000...
[01:17:05] [SERIAL RX] Frame OK cmd=0x93 plen=50 payload=010101000000C843...
[01:17:06] [SERIAL RX] Frame OK cmd=0x91 plen=125 payload=0301000301010000...
[01:17:06] [SERIAL RX] Frame OK cmd=0x94 plen=68 payload=0200000301010000...
[01:17:06] [SERIAL RX] Frame OK cmd=0x93 plen=50 payload=010101000000C843...
[01:17:07] [SERIAL RX] Frame OK cmd=0x91 plen=125 payload=0401000301010000...
[01:17:07] [SERIAL RX] Frame OK cmd=0x94 plen=68 payload=0200000301010000...
[01:17:07] [SERIAL RX] Frame OK cmd=0x93 plen=50 payload=010101000000C843...
[01:17:08] [SERIAL RX] Frame OK cmd=0x91 plen=125 payload=0501000301010000...
[01:17:08] [SERIAL RX] Frame OK cmd=0x94 plen=68 payload=0200000301010000...
[01:17:08] [SERIAL RX] Frame OK cmd=0x93 plen=50 payload=010101000000C843...
[01:17:09] [SERIAL RX] Frame OK cmd=0x91 plen=125 payload=0601000301010000...
[01:17:09] [SERIAL RX] Frame OK cmd=0x94 plen=68 payload=0200000301010000...
[01:17:09] [SERIAL RX] Frame OK cmd=0x93 plen=50 payload=010101000000C843...
[01:17:10] [SERIAL RX] Frame OK cmd=0x91 plen=125 payload=0701000301010000...
[01:17:10] [SERIAL RX] Frame OK cmd=0x94 plen=68 payload=0200000301010000...
[01:17:10] [SERIAL RX] Frame OK cmd=0x93 plen=50 payload=010101000000C843...
[01:17:11] [SERIAL RX] Frame OK cmd=0x91 plen=125 payload=0801000301010000...
[01:17:11] [SERIAL RX] Frame OK cmd=0x94 plen=68 payload=0200000301010000...
[01:17:11] [SERIAL RX] Frame OK cmd=0x93 plen=50 payload=010101000000C843...
[01:17:12] [SERIAL RX] Frame OK cmd=0x91 plen=125 payload=0901000301010000...
[01:17:12] [SERIAL RX] Frame OK cmd=0x94 plen=68 payload=0200000301010000...
[01:17:12] [SERIAL RX] Frame OK cmd=0x93 plen=50 payload=010101000000C843...
[01:17:13] [SERIAL RX] Frame OK cmd=0x91 plen=125 payload=0A01000301010000...
[01:17:13] [SERIAL RX] Frame OK cmd=0x94 plen=68 payload=0200000301010000...
[01:17:13] [SERIAL RX] Frame OK cmd=0x93 plen=50 payload=010101000000C843...
[01:17:14] [SERIAL RX] Frame OK cmd=0x91 plen=125 payload=0B01000301010000...
[01:17:14] [SERIAL RX] Frame OK cmd=0x94 plen=68 payload=0200000301010000...
[01:17:14] [SERIAL RX] Frame OK cmd=0x93 plen=50 payload=010101000000C843...
[01:17:15] [SERIAL RX] Frame OK cmd=0x91 plen=125 payload=0C01000301010000...
[01:17:15] [SERIAL RX] Frame OK cmd=0x94 plen=68 payload=0200000301010000...
[01:17:15] [SERIAL RX] Frame OK cmd=0x93 plen=50 payload=010101000000C843...
[01:17:16] [SERIAL RX] Frame OK cmd=0x91 plen=125 payload=0D01000301010000...
[01:17:16] [SERIAL RX] Frame OK cmd=0x94 plen=68 payload=0200000301010000...
[01:17:16] [SERIAL RX] Frame OK cmd=0x93 plen=50 payload=010101000000C843...
[01:17:17] [SERIAL RX] Frame OK cmd=0x91 plen=125 payload=0E01000301010000...
[01:17:17] [SERIAL RX] Frame OK cmd=0x94 plen=68 payload=0200000301010000...
[01:17:17] [SERIAL RX] Frame OK cmd=0x93 plen=50 payload=010101000000C843...
[01:17:18] [SERIAL RX] Frame OK cmd=0x91 plen=125 payload=0F01000301010000...
[01:17:18] [SERIAL RX] Frame OK cmd=0x94 plen=68 payload=0200000301010000...
[01:17:18] [SERIAL RX] Frame OK cmd=0x93 plen=50 payload=010101000000C843...
[01:17:19] [SERIAL RX] Frame OK cmd=0x91 plen=125 payload=1001000301010000...
[01:17:19] [SERIAL RX] Frame OK cmd=0x94 plen=68 payload=0200000301010000...
[01:17:19] [SERIAL RX] Frame OK cmd=0x93 plen=50 payload=010101000000C843...
[01:17:20] [SERIAL RX] Frame OK cmd=0x91 plen=125 payload=1101000301010000...
[01:17:20] [SERIAL RX] Frame OK cmd=0x94 plen=68 payload=0200000301010000...
[01:17:20] [SERIAL RX] Frame OK cmd=0x93 plen=50 payload=010101000000C843...
[01:17:21] [SERIAL RX] Frame OK cmd=0x91 plen=125 payload=1201000301010000...
[01:17:21] [SERIAL RX] Frame OK cmd=0x94 plen=68 payload=0200000301010000...
[01:17:21] [SERIAL RX] Frame OK cmd=0x93 plen=50 payload=010101000000C843...
[01:17:22] [SERIAL RX] Frame OK cmd=0x91 plen=125 payload=1301000301010000...
[01:17:22] [SERIAL RX] Frame OK cmd=0x94 plen=68 payload=0200000301010000...
[01:17:22] [SERIAL RX] Frame OK cmd=0x93 plen=50 payload=010101000000C843...
[01:17:23] [SERIAL RX] Frame OK cmd=0x91 plen=125 payload=1401000301010000...
[01:17:23] [SERIAL RX] Frame OK cmd=0x94 plen=68 payload=0200000301010000...
[01:17:23] [SERIAL RX] Frame OK cmd=0x93 plen=50 payload=010101000000C843...
[01:17:24] [SERIAL RX] Frame OK cmd=0x91 plen=125 payload=1501000301010000...
[01:17:24] [SERIAL RX] Frame OK cmd=0x94 plen=68 payload=0200000301010000...
[01:17:24] [SERIAL RX] Frame OK cmd=0x93 plen=50 payload=010101000000C843...
[01:17:25] [SERIAL RX] Frame OK cmd=0x91 plen=125 payload=1601000301010000...
[01:17:25] [SERIAL RX] Frame OK cmd=0x94 plen=68 payload=0200000301010000...
[01:17:25] [SERIAL RX] Frame OK cmd=0x93 plen=50 payload=010101000000C843...
[01:17:26] [SERIAL RX] Frame OK cmd=0x91 plen=125 payload=1701000301010000...
[01:17:26] [SERIAL RX] Frame OK cmd=0x94 plen=68 payload=0200000301010000...
[01:17:26] [SERIAL RX] Frame OK cmd=0x93 plen=50 payload=010101000000C843...
[01:17:27] [SERIAL RX] Frame OK cmd=0x91 plen=125 payload=1801000301010000...
[01:17:27] [SERIAL RX] Frame OK cmd=0x94 plen=68 payload=0200000301010000...
[01:17:27] [SERIAL RX] Frame OK cmd=0x93 plen=50 payload=010101000000C843...
[01:17:28] [SERIAL RX] Frame OK cmd=0x91 plen=125 payload=1901000301010000...
[01:17:28] [SERIAL RX] Frame OK cmd=0x94 plen=68 payload=0200000301010000...
[01:17:28] [SERIAL RX] Frame OK cmd=0x93 plen=50 payload=010101000000C843...
[01:17:29] [SERIAL RX] Frame OK cmd=0x91 plen=125 payload=1A01000301010000...
[01:17:29] [SERIAL RX] Frame OK cmd=0x94 plen=68 payload=0200000301010000...
[01:17:29] [SERIAL RX] Frame OK cmd=0x93 plen=50 payload=010101000000C843...
[01:17:30] [SERIAL RX] Frame OK cmd=0x91 plen=125 payload=1B01000301010000...
[01:17:30] [SERIAL RX] Frame OK cmd=0x94 plen=68 payload=0200000301010000...
[01:17:30] [SERIAL RX] Frame OK cmd=0x93 plen=50 payload=010101000000C843...
[01:17:31] [SERIAL RX] Frame OK cmd=0x91 plen=125 payload=1C01000301010000...
[01:17:31] [SERIAL RX] Frame OK cmd=0x94 plen=68 payload=0200000301010000...
[01:17:31] [SERIAL RX] Frame OK cmd=0x93 plen=50 payload=010101000000C843...
[01:17:32] [SERIAL RX] Frame OK cmd=0x91 plen=125 payload=1D01000301010000...
[01:17:32] [SERIAL RX] Frame OK cmd=0x94 plen=68 payload=0200000301010000...
[01:17:32] [SERIAL RX] Frame OK cmd=0x93 plen=50 payload=010101000000C843...
[01:17:33] [SERIAL RX] Frame OK cmd=0x91 plen=125 payload=1E01000301010000...
[01:17:33] [SERIAL RX] Frame OK cmd=0x94 plen=68 payload=0200000301010000...
[01:17:33] [SERIAL RX] Frame OK cmd=0x93 plen=50 payload=010101000000C843...
[01:17:34] [SERIAL RX] Frame OK cmd=0x91 plen=125 payload=1F01000301010000...
[01:17:34] [SERIAL RX] Frame OK cmd=0x94 plen=68 payload=0200000301010000...
[01:17:34] [SERIAL RX] Frame OK cmd=0x93 plen=50 payload=010101000000C843...
[01:17:35] [SERIAL RX] Frame OK cmd=0x91 plen=125 payload=2001000301010000...
[01:17:35] [SERIAL RX] Frame OK cmd=0x94 plen=68 payload=0200000301010000...
[01:17:35] [SERIAL RX] Frame OK cmd=0x93 plen=50 payload=010101000000C843...
[01:17:36] [SERIAL RX] Frame OK cmd=0x91 plen=125 payload=2101000301010000...
[01:17:36] [SERIAL RX] Frame OK cmd=0x94 plen=68 payload=0200000301010000...
[01:17:36] [SERIAL RX] Frame OK cmd=0x93 plen=50 payload=010101000000C843...
[01:17:37] [SERIAL RX] Frame OK cmd=0x91 plen=125 payload=2201000301010000...
[01:17:37] [SERIAL RX] Frame OK cmd=0x94 plen=68 payload=0200000301010000...
[01:17:37] [SERIAL RX] Frame OK cmd=0x93 plen=50 payload=010101000000C843...
[01:17:38] [SERIAL RX] Frame OK cmd=0x91 plen=125 payload=2301000301010000...
[01:17:38] [SERIAL RX] Frame OK cmd=0x94 plen=68 payload=0200000301010000...
[01:17:38] [SERIAL RX] Frame OK cmd=0x93 plen=50 payload=010101000000C843...
[01:17:39] [SERIAL RX] Frame OK cmd=0x91 plen=125 payload=2401000301010000...
[01:17:39] [SERIAL RX] Frame OK cmd=0x94 plen=68 payload=0200000301010000...
[01:17:39] [SERIAL RX] Frame OK cmd=0x93 plen=50 payload=010101000000C843...
[01:17:40] [SERIAL RX] Frame OK cmd=0x91 plen=125 payload=2501000301010000...
[01:17:40] [SERIAL RX] Frame OK cmd=0x94 plen=68 payload=0200000301010000...
[01:17:40] [SERIAL RX] Frame OK cmd=0x93 plen=50 payload=010101000000C843...
[01:17:41] [SERIAL RX] Frame OK cmd=0x91 plen=125 payload=2601000301010000...
[01:17:41] [SERIAL RX] Frame OK cmd=0x94 plen=68 payload=0200000301010000...
[01:17:41] [SERIAL RX] Frame OK cmd=0x93 plen=50 payload=010101000000C843...
[01:17:42] [SERIAL RX] Frame OK cmd=0x91 plen=125 payload=2701000301010000...
[01:17:42] [SERIAL RX] Frame OK cmd=0x94 plen=68 payload=0200000301010000...
[01:17:42] [SERIAL RX] Frame OK cmd=0x93 plen=50 payload=010101000000C843...
[01:17:43] [SERIAL RX] Frame OK cmd=0x91 plen=125 payload=2801000301010000...
[01:17:43] [SERIAL RX] Frame OK cmd=0x94 plen=68 payload=0200000301010000...
[01:17:43] [SERIAL RX] Frame OK cmd=0x93 plen=50 payload=010101000000C843...
[01:17:44] [SERIAL RX] Frame OK cmd=0x91 plen=125 payload=2901000301010000...
[01:17:44] [SERIAL RX] Frame OK cmd=0x94 plen=68 payload=0200000301010000...
[01:17:44] [SERIAL RX] Frame OK cmd=0x93 plen=50 payload=010101000000C843...
[01:17:45] [SERIAL RX] Frame OK cmd=0x91 plen=125 payload=2A01000301010000...
[01:17:45] [SERIAL RX] Frame OK cmd=0x94 plen=68 payload=0200000301010000...
[01:17:45] [SERIAL RX] Frame OK cmd=0x93 plen=50 payload=010101000000C843...
[01:17:46] [SERIAL RX] Frame OK cmd=0x91 plen=125 payload=2B01000301010000...
[01:17:46] [SERIAL RX] Frame OK cmd=0x94 plen=68 payload=0200000301010000...
[01:17:46] [SERIAL RX] Frame OK cmd=0x93 plen=50 payload=010101000000C843...
[01:17:47] [SERIAL RX] Frame OK cmd=0x91 plen=125 payload=2C01000301010000...
[01:17:47] [SERIAL RX] Frame OK cmd=0x94 plen=68 payload=0200000301010000...
[01:17:47] [SERIAL RX] Frame OK cmd=0x93 plen=50 payload=010101000000C843...
[01:17:48] [SERIAL RX] Frame OK cmd=0x91 plen=125 payload=2D01000301010000...
[01:17:48] [SERIAL RX] Frame OK cmd=0x94 plen=68 payload=0200000301010000...
[01:17:48] [SERIAL RX] Frame OK cmd=0x93 plen=50 payload=010101000000C843...
[01:17:49] [SERIAL RX] Frame OK cmd=0x91 plen=125 payload=2E01000301010000...
[01:17:49] [SERIAL RX] Frame OK cmd=0x94 plen=68 payload=0200000301010000...
[01:17:49] [SERIAL RX] Frame OK cmd=0x93 plen=50 payload=010101000000C843...
[01:17:50] [SERIAL RX] Frame OK cmd=0x91 plen=125 payload=2F01000301010000...
[01:17:50] [SERIAL RX] Frame OK cmd=0x94 plen=68 payload=0200000301010000...
[01:17:50] [SERIAL RX] Frame OK cmd=0x93 plen=50 payload=010101000000C843...
[01:17:51] [SERIAL RX] Frame OK cmd=0x91 plen=125 payload=3001000301010000...
[01:17:51] [SERIAL RX] Frame OK cmd=0x94 plen=68 payload=0200000301010000...
[01:17:51] [SERIAL RX] Frame OK cmd=0x93 plen=50 payload=010101000000C843...
[01:17:52] [SERIAL RX] Frame OK cmd=0x91 plen=125 payload=3101000301010000...
[01:17:52] [SERIAL RX] Frame OK cmd=0x94 plen=68 payload=0200000301010000...
[01:17:52] [SERIAL RX] Frame OK cmd=0x93 plen=50 payload=010101000000C843...
[01:17:53] [SERIAL RX] Frame OK cmd=0x91 plen=125 payload=3201000301010000...
[01:17:53] [SERIAL RX] Frame OK cmd=0x94 plen=68 payload=0200000301010000...
[01:17:53] [SERIAL RX] Frame OK cmd=0x93 plen=50 payload=010101000000C843...
[01:17:54] [SERIAL RX] Frame OK cmd=0x91 plen=125 payload=3301000301010000...
[01:17:54] [SERIAL RX] Frame OK cmd=0x94 plen=68 payload=0200000301010000...
[01:17:54] [SERIAL RX] Frame OK cmd=0x93 plen=50 payload=010101000000C843...
[01:17:55] [SERIAL RX] Frame OK cmd=0x91 plen=125 payload=3401000301010000...
[01:17:55] [SERIAL RX] Frame OK cmd=0x94 plen=68 payload=0200000301010000...
[01:17:55] [SERIAL RX] Frame OK cmd=0x93 plen=50 payload=010101000000C843...
[01:17:56] [SERIAL RX] Frame OK cmd=0x91 plen=125 payload=3501000301010000...
[01:17:56] [SERIAL RX] Frame OK cmd=0x94 plen=68 payload=0200000301010000...
[01:17:56] [SERIAL RX] Frame OK cmd=0x93 plen=50 payload=010101000000C843...
[01:17:57] [SERIAL RX] Frame OK cmd=0x91 plen=125 payload=3601000301010000...
[01:17:57] [SERIAL RX] Frame OK cmd=0x94 plen=68 payload=0200000301010000...
[01:17:57] [SERIAL RX] Frame OK cmd=0x93 plen=50 payload=010101000000C843...
[01:17:58] [SERIAL RX] Frame OK cmd=0x91 plen=125 payload=3701000301010000...
[01:17:58] [SERIAL RX] Frame OK cmd=0x94 plen=68 payload=0200000301010000...
[01:17:58] [SERIAL RX] Frame OK cmd=0x93 plen=50 payload=010101000000C843...
[01:17:59] [SERIAL RX] Frame OK cmd=0x91 plen=125 payload=3801000301010000...
[01:17:59] [SERIAL RX] Frame OK cmd=0x94 plen=68 payload=0200000301010000...
[01:17:59] [SERIAL RX] Frame OK cmd=0x93 plen=50 payload=010101000000C843...
[01:18:00] [SERIAL RX] Frame OK cmd=0x91 plen=125 payload=3901000301010000...
[01:18:00] [SERIAL RX] Frame OK cmd=0x94 plen=68 payload=0200000301010000...
[01:18:00] [SERIAL RX] Frame OK cmd=0x93 plen=50 payload=010101000000C843...
[01:18:01] [SERIAL RX] Frame OK cmd=0x91 plen=125 payload=3A01000301010000...
[01:18:01] [SERIAL RX] Frame OK cmd=0x94 plen=68 payload=0200000301010000...
[01:18:01] [SERIAL RX] Frame OK cmd=0x93 plen=50 payload=010101000000C843...
[01:18:02] [SERIAL RX] Frame OK cmd=0x91 plen=125 payload=3B01000301010000...
[01:18:02] [SERIAL RX] Frame OK cmd=0x94 plen=68 payload=0200000301010000...
[01:18:02] [SERIAL RX] Frame OK cmd=0x93 plen=50 payload=010101000000C843...
[01:18:03] [SERIAL RX] Frame OK cmd=0x91 plen=125 payload=3C01000301010000...
[01:18:03] [SERIAL RX] Frame OK cmd=0x94 plen=68 payload=0200000301010000...
[01:18:03] [SERIAL RX] Frame OK cmd=0x93 plen=50 payload=010101000000C843...
[01:18:04] [SERIAL RX] Frame OK cmd=0x91 plen=125 payload=3D01000301010000...
[01:18:04] [SERIAL RX] Frame OK cmd=0x94 plen=68 payload=0200000301010000...
[01:18:04] [SERIAL RX] Frame OK cmd=0x93 plen=50 payload=010101000000C843...
[01:18:05] [SERIAL RX] Frame OK cmd=0x91 plen=125 payload=3E01000301010000...
[01:18:05] [SERIAL RX] Frame OK cmd=0x94 plen=68 payload=0200000301010000...
[01:18:05] [SERIAL RX] Frame OK cmd=0x93 plen=50 payload=010101000000C843...
[01:18:06] [SERIAL RX] Frame OK cmd=0x91 plen=125 payload=3F01000301010000...
[01:18:06] [SERIAL RX] Frame OK cmd=0x94 plen=68 payload=0200000301010000...
[01:18:06] [SERIAL RX] Frame OK cmd=0x93 plen=50 payload=010101000000C843...
[01:18:07] [SERIAL RX] Frame OK cmd=0x91 plen=125 payload=4001000301010000...
[01:18:07] [SERIAL RX] Frame OK cmd=0x94 plen=68 payload=0200000301010000...
[01:18:07] [SERIAL RX] Frame OK cmd=0x93 plen=50 payload=010101000000C843...
[01:18:08] [SERIAL RX] Frame OK cmd=0x91 plen=125 payload=4101000301010000...
[01:18:08] [SERIAL RX] Frame OK cmd=0x94 plen=68 payload=0200000301010000...
[01:18:08] [SERIAL RX] Frame OK cmd=0x93 plen=50 payload=010101000000C843...
[01:18:09] [SERIAL RX] Frame OK cmd=0x91 plen=125 payload=4201000301010000...
[01:18:09] [SERIAL RX] Frame OK cmd=0x94 plen=68 payload=0200000301010000...
[01:18:09] [SERIAL RX] Frame OK cmd=0x93 plen=50 payload=010101000000C843...
[01:18:10] [SERIAL RX] Frame OK cmd=0x91 plen=125 payload=4301000301010000...
[01:18:10] [SERIAL RX] Frame OK cmd=0x94 plen=68 payload=0200000301010000...
[01:18:10] [SERIAL RX] Frame OK cmd=0x93 plen=50 payload=010101000000C843...
[01:18:11] [SERIAL RX] Frame OK cmd=0x91 plen=125 payload=4401000301010000...
[01:18:11] [SERIAL RX] Frame OK cmd=0x94 plen=68 payload=0200000301010000...
[01:18:11] [SERIAL RX] Frame OK cmd=0x93 plen=50 payload=010101000000C843...
[01:18:12] [SERIAL RX] Frame OK cmd=0x91 plen=125 payload=4501000301010000...
[01:18:12] [SERIAL RX] Frame OK cmd=0x94 plen=68 payload=0200000301010000...
[01:18:12] [SERIAL RX] Frame OK cmd=0x93 plen=50 payload=010101000000C843...
[01:18:13] [SERIAL RX] Frame OK cmd=0x91 plen=125 payload=4601000301010000...
[01:18:13] [SERIAL RX] Frame OK cmd=0x94 plen=68 payload=0200000301010000...
[01:18:13] [SERIAL RX] Frame OK cmd=0x93 plen=50 payload=010101000000C843...
[01:18:14] [SERIAL RX] Frame OK cmd=0x91 plen=125 payload=4701000301010000...
[01:18:14] [SERIAL RX] Frame OK cmd=0x94 plen=68 payload=0200000301010000...
[01:18:14] [SERIAL RX] Frame OK cmd=0x93 plen=50 payload=010101000000C843...
[01:18:15] [SERIAL RX] Frame OK cmd=0x91 plen=125 payload=4801000301010000...
[01:18:15] [SERIAL RX] Frame OK cmd=0x94 plen=68 payload=0200000301010000...
[01:18:15] [SERIAL RX] Frame OK cmd=0x93 plen=50 payload=010101000000C843...
[01:18:16] [SERIAL RX] Frame OK cmd=0x91 plen=125 payload=4901000301010000...
[01:18:16] [SERIAL RX] Frame OK cmd=0x94 plen=68 payload=0200000301010000...
[01:18:16] [SERIAL RX] Frame OK cmd=0x93 plen=50 payload=010101000000C843...
[01:18:17] [SERIAL RX] Frame OK cmd=0x91 plen=125 payload=4A01000301010000...
[01:18:17] [SERIAL RX] Frame OK cmd=0x94 plen=68 payload=0200000301010000...
[01:18:17] [SERIAL RX] Frame OK cmd=0x93 plen=50 payload=010101000000C843...
[01:18:18] [SERIAL RX] Frame OK cmd=0x91 plen=125 payload=4B01000301010000...
[01:18:18] [SERIAL RX] Frame OK cmd=0x94 plen=68 payload=0200000301010000...
[01:18:18] [SERIAL RX] Frame OK cmd=0x93 plen=50 payload=010101000000C843...
[01:18:19] [SERIAL RX] Frame OK cmd=0x91 plen=125 payload=4C01000301010000...
[01:18:19] [SERIAL RX] Frame OK cmd=0x94 plen=68 payload=0200000301010000...
[01:18:19] [SERIAL RX] Frame OK cmd=0x93 plen=50 payload=010101000000C843...
[01:18:20] [SERIAL RX] Frame OK cmd=0x91 plen=125 payload=4D01000301010000...
[01:18:20] [SERIAL RX] Frame OK cmd=0x94 plen=68 payload=0200000301010000...
[01:18:20] [SERIAL RX] Frame OK cmd=0x93 plen=50 payload=010101000000C843...
[01:18:21] [SERIAL RX] Frame OK cmd=0x91 plen=125 payload=4E01000301010000...
[01:18:21] [SERIAL RX] Frame OK cmd=0x94 plen=68 payload=0200000301010000...
[01:18:21] [SERIAL RX] Frame OK cmd=0x93 plen=50 payload=010101000000C843...
[01:18:22] [SERIAL RX] Frame OK cmd=0x91 plen=125 payload=4F01000301010000...
[01:18:22] [SERIAL RX] Frame OK cmd=0x94 plen=68 payload=0200000301010000...
[01:18:22] [SERIAL RX] Frame OK cmd=0x93 plen=50 payload=010101000000C843...
[01:18:23] [SERIAL RX] Frame OK cmd=0x91 plen=125 payload=5001000301010000...
[01:18:23] [SERIAL RX] Frame OK cmd=0x94 plen=68 payload=0200000301010000...
[01:18:23] [SERIAL RX] Frame OK cmd=0x93 plen=50 payload=010101000000C843...
[01:18:24] [SERIAL RX] Frame OK cmd=0x91 plen=125 payload=5101000301010000...
[01:18:24] [SERIAL RX] Frame OK cmd=0x94 plen=68 payload=0200000301010000...
[01:18:24] [SERIAL RX] Frame OK cmd=0x93 plen=50 payload=010101000000C843...
[01:18:25] [SERIAL RX] Frame OK cmd=0x91 plen=125 payload=5201000301010000...
[01:18:25] [SERIAL RX] Frame OK cmd=0x94 plen=68 payload=0200000301010000...
[01:18:25] [SERIAL RX] Frame OK cmd=0x93 plen=50 payload=010101000000C843...
[01:18:26] [SERIAL RX] Frame OK cmd=0x91 plen=125 payload=5301000301010000...
[01:18:26] [SERIAL RX] Frame OK cmd=0x94 plen=68 payload=0200000301010000...
[01:18:26] [SERIAL RX] Frame OK cmd=0x93 plen=50 payload=010101000000C843...
[01:18:27] [SERIAL RX] Frame OK cmd=0x91 plen=125 payload=5401000301010000...
[01:18:27] [SERIAL RX] Frame OK cmd=0x94 plen=68 payload=0200000301010000...
[01:18:27] [SERIAL RX] Frame OK cmd=0x93 plen=50 payload=010101000000C843...
[01:18:28] [SERIAL RX] Frame OK cmd=0x91 plen=125 payload=5501000301010000...
[01:18:28] [SERIAL RX] Frame OK cmd=0x94 plen=68 payload=0200000301010000...
[01:18:28] [SERIAL RX] Frame OK cmd=0x93 plen=50 payload=010101000000C843...
[01:18:29] [SERIAL RX] Frame OK cmd=0x91 plen=125 payload=5601000301010000...
[01:18:29] [SERIAL RX] Frame OK cmd=0x94 plen=68 payload=0200000301010000...
[01:18:29] [SERIAL RX] Frame OK cmd=0x93 plen=50 payload=010101000000C843...
[01:18:30] [SERIAL RX] Frame OK cmd=0x91 plen=125 payload=5701000301010000...
[01:18:30] [SERIAL RX] Frame OK cmd=0x94 plen=68 payload=0200000301010000...
[01:18:30] [SERIAL RX] Frame OK cmd=0x93 plen=50 payload=010101000000C843...
[01:18:31] [SERIAL RX] Frame OK cmd=0x91 plen=125 payload=5801000301010000...
[01:18:31] [SERIAL RX] Frame OK cmd=0x94 plen=68 payload=0200000301010000...
[01:18:31] [SERIAL RX] Frame OK cmd=0x93 plen=50 payload=010101000000C843...
[01:18:32] [SERIAL RX] Frame OK cmd=0x91 plen=125 payload=5901000301010000...
[01:18:32] [SERIAL RX] Frame OK cmd=0x94 plen=68 payload=0200000301010000...
[01:18:32] [SERIAL RX] Frame OK cmd=0x93 plen=50 payload=010101000000C843...
[01:18:33] [SERIAL RX] Frame OK cmd=0x91 plen=125 payload=5A01000301010000...
[01:18:33] [SERIAL RX] Frame OK cmd=0x94 plen=68 payload=0200000301010000...
[01:18:33] [SERIAL RX] Frame OK cmd=0x93 plen=50 payload=010101000000C843...
[01:18:34] [SERIAL RX] Frame OK cmd=0x91 plen=125 payload=5B01000301010000...
[01:18:34] [SERIAL RX] Frame OK cmd=0x94 plen=68 payload=0200000301010000...
[01:18:34] [SERIAL RX] Frame OK cmd=0x93 plen=50 payload=010101000000C843...
[01:18:35] [SERIAL RX] Frame OK cmd=0x91 plen=125 payload=5C01000301010000...
[01:18:35] [SERIAL RX] Frame OK cmd=0x94 plen=68 payload=0200000301010000...
[01:18:35] [SERIAL RX] Frame OK cmd=0x93 plen=50 payload=010101000000C843...
[01:18:36] [SERIAL RX] Frame OK cmd=0x91 plen=125 payload=5D01000301010000...
[01:18:36] [SERIAL RX] Frame OK cmd=0x94 plen=68 payload=0200000301010000...
[01:18:36] [SERIAL RX] Frame OK cmd=0x93 plen=50 payload=010101000000C843...
[01:18:37] [SERIAL RX] Frame OK cmd=0x91 plen=125 payload=5E01000301010000...
[01:18:37] [SERIAL RX] Frame OK cmd=0x94 plen=68 payload=0200000301010000...
[01:18:37] [SERIAL RX] Frame OK cmd=0x93 plen=50 payload=010101000000C843...
[01:18:38] [SERIAL RX] Frame OK cmd=0x91 plen=125 payload=5F01000301010000...
[01:18:38] [SERIAL RX] Frame OK cmd=0x94 plen=68 payload=0200000301010000...
[01:18:38] [SERIAL RX] Frame OK cmd=0x93 plen=50 payload=010101000000C843...
[01:18:39] [SERIAL RX] Frame OK cmd=0x91 plen=125 payload=6001000301010000...
[01:18:39] [SERIAL RX] Frame OK cmd=0x94 plen=68 payload=0200000301010000...
[01:18:39] [SERIAL RX] Frame OK cmd=0x93 plen=50 payload=010101000000C843...
[01:18:40] [SERIAL RX] Frame OK cmd=0x91 plen=125 payload=6101000301010000...
[01:18:40] [SERIAL RX] Frame OK cmd=0x94 plen=68 payload=0200000301010000...
[01:18:40] [SERIAL RX] Frame OK cmd=0x93 plen=50 payload=010101000000C843...
[01:18:41] [SERIAL RX] Frame OK cmd=0x91 plen=125 payload=6201000301010000...
[01:18:41] [SERIAL RX] Frame OK cmd=0x94 plen=68 payload=0200000301010000...
[01:18:41] [SERIAL RX] Frame OK cmd=0x93 plen=50 payload=010101000000C843...
[01:18:42] [SERIAL RX] Frame OK cmd=0x91 plen=125 payload=6301000301010000...
[01:18:42] [SERIAL RX] Frame OK cmd=0x94 plen=68 payload=0200000301010000...
[01:18:42] [SERIAL RX] Frame OK cmd=0x93 plen=50 payload=010101000000C843...
[01:18:43] [SERIAL RX] Frame OK cmd=0x91 plen=125 payload=6401000301010000...
[01:18:43] [SERIAL RX] Frame OK cmd=0x94 plen=68 payload=0200000301010000...
[01:18:43] [SERIAL RX] Frame OK cmd=0x93 plen=50 payload=010101000000C843...
[01:18:44] [SERIAL RX] Frame OK cmd=0x91 plen=125 payload=6501000301010000...
[01:18:44] [SERIAL RX] Frame OK cmd=0x94 plen=68 payload=0200000301010000...
[01:18:44] [SERIAL RX] Frame OK cmd=0x93 plen=50 payload=010101000000C843...
[01:18:45] [SERIAL RX] Frame OK cmd=0x91 plen=125 payload=6601000301010000...
[01:18:45] [SERIAL RX] Frame OK cmd=0x94 plen=68 payload=0200000301010000...
[01:18:45] [SERIAL RX] Frame OK cmd=0x93 plen=50 payload=010101000000C843...
[01:18:46] [SERIAL RX] Frame OK cmd=0x91 plen=125 payload=6701000301010000...
[01:18:46] [SERIAL RX] Frame OK cmd=0x94 plen=68 payload=0200000301010000...
[01:18:46] [SERIAL RX] Frame OK cmd=0x93 plen=50 payload=010101000000C843...
[01:18:47] [SERIAL RX] Frame OK cmd=0x91 plen=125 payload=6801000301010000...
[01:18:47] [SERIAL RX] Frame OK cmd=0x94 plen=68 payload=0200000301010000...
[01:18:47] [SERIAL RX] Frame OK cmd=0x93 plen=50 payload=010101000000C843...
[01:18:48] [SERIAL RX] Frame OK cmd=0x91 plen=125 payload=6901000301010000...
[01:18:48] [SERIAL RX] Frame OK cmd=0x94 plen=68 payload=0200000301010000...
[01:18:48] [SERIAL RX] Frame OK cmd=0x93 plen=50 payload=010101000000C843...
[01:18:49] [SERIAL RX] Frame OK cmd=0x91 plen=125 payload=6A01000301010000...
[01:18:49] [SERIAL RX] Frame OK cmd=0x94 plen=68 payload=0200000301010000...
[01:18:49] [SERIAL RX] Frame OK cmd=0x93 plen=50 payload=010101000000C843...
[01:18:50] [SERIAL RX] Frame OK cmd=0x91 plen=125 payload=6B01000301010000...
[01:18:50] [SERIAL RX] Frame OK cmd=0x94 plen=68 payload=0200000301010000...
[01:18:50] [SERIAL RX] Frame OK cmd=0x93 plen=50 payload=010101000000C843...
[01:18:51] [SERIAL RX] Frame OK cmd=0x91 plen=125 payload=6C01000301010000...
[01:18:51] [SERIAL RX] Frame OK cmd=0x94 plen=68 payload=0200000301010000...
[01:18:51] [SERIAL RX] Frame OK cmd=0x93 plen=50 payload=010101000000C843...
[01:18:52] [SERIAL RX] Frame OK cmd=0x91 plen=125 payload=6D01000301010000...
[01:18:52] [SERIAL RX] Frame OK cmd=0x94 plen=68 payload=0200000301010000...
[01:18:52] [SERIAL RX] Frame OK cmd=0x93 plen=50 payload=010101000000C843...
[01:18:53] [SERIAL RX] Frame OK cmd=0x91 plen=125 payload=6E01000301010000...
[01:18:53] [SERIAL RX] Frame OK cmd=0x94 plen=68 payload=0200000301010000...
[01:18:53] [SERIAL RX] Frame OK cmd=0x93 plen=50 payload=010101000000C843...
[01:18:54] [SERIAL RX] Frame OK cmd=0x91 plen=125 payload=6F01000301010000...
[01:18:54] [SERIAL RX] Frame OK cmd=0x94 plen=68 payload=0200000301010000...
[01:18:54] [SERIAL RX] Frame OK cmd=0x93 plen=50 payload=010101000000C843...
[01:18:55] [SERIAL RX] Frame OK cmd=0x91 plen=125 payload=7001000301010000...
[01:18:55] [SERIAL RX] Frame OK cmd=0x94 plen=68 payload=0200000301010000...
[01:18:55] [SERIAL RX] Frame OK cmd=0x93 plen=50 payload=010101000000C843...
[01:18:56] [SERIAL RX] Frame OK cmd=0x91 plen=125 payload=7101000301010000...
[01:18:56] [SERIAL RX] Frame OK cmd=0x94 plen=68 payload=0200000301010000...
[01:18:56] [SERIAL RX] Frame OK cmd=0x93 plen=50 payload=010101000000C843...
[01:18:57] [SERIAL RX] Frame OK cmd=0x91 plen=125 payload=7201000301010000...
[01:18:57] [SERIAL RX] Frame OK cmd=0x94 plen=68 payload=0200000301010000...
[01:18:57] [SERIAL RX] Frame OK cmd=0x93 plen=50 payload=010101000000C843...
[01:18:58] [SERIAL RX] Frame OK cmd=0x91 plen=125 payload=7301000301010000...
[01:18:58] [SERIAL RX] Frame OK cmd=0x94 plen=68 payload=0200000301010000...
[01:18:58] [SERIAL RX] Frame OK cmd=0x93 plen=50 payload=010101000000C843...
[01:18:59] [SERIAL RX] Frame OK cmd=0x91 plen=125 payload=7401000301010000...
[01:18:59] [SERIAL RX] Frame OK cmd=0x94 plen=68 payload=0200000301010000...
[01:18:59] [SERIAL RX] Frame OK cmd=0x93 plen=50 payload=010101000000C843...
[01:19:00] [SERIAL RX] Frame OK cmd=0x91 plen=125 payload=7501000301010000...
[01:19:00] [SERIAL RX] Frame OK cmd=0x94 plen=68 payload=0200000301010000...
[01:19:00] [SERIAL RX] Frame OK cmd=0x93 plen=50 payload=010101000000C843...
[01:19:01] [SERIAL RX] Frame OK cmd=0x91 plen=125 payload=7601000301010000...
[01:19:01] [SERIAL RX] Frame OK cmd=0x94 plen=68 payload=0200000301010000...
[01:19:01] [SERIAL RX] Frame OK cmd=0x93 plen=50 payload=010101000000C843...
[01:19:02] [SERIAL RX] Frame OK cmd=0x91 plen=125 payload=7701000301010000...
[01:19:02] [SERIAL RX] Frame OK cmd=0x94 plen=68 payload=0200000301010000...
[01:19:02] [SERIAL RX] Frame OK cmd=0x93 plen=50 payload=010101000000C843...
[01:19:03] [SERIAL RX] Frame OK cmd=0x91 plen=125 payload=7801000301010000...
[01:19:03] [SERIAL RX] Frame OK cmd=0x94 plen=68 payload=0200000301010000...
[01:19:03] [SERIAL RX] Frame OK cmd=0x93 plen=50 payload=010101000000C843...
[01:19:04] [SERIAL RX] Frame OK cmd=0x91 plen=125 payload=7901000301010000...
[01:19:04] [SERIAL RX] Frame OK cmd=0x94 plen=68 payload=0200000301010000...
[01:19:04] [SERIAL RX] Frame OK cmd=0x93 plen=50 payload=010101000000C843...
[01:19:05] [SERIAL RX] Frame OK cmd=0x91 plen=125 payload=7A01000301010000...
[01:19:05] [SERIAL RX] Frame OK cmd=0x94 plen=68 payload=0200000301010000...
[01:19:05] [SERIAL RX] Frame OK cmd=0x93 plen=50 payload=010101000000C843...
[01:19:06] [SERIAL RX] Frame OK cmd=0x91 plen=125 payload=7B01000301010000...
[01:19:06] [SERIAL RX] Frame OK cmd=0x94 plen=68 payload=0200000301010000...
[01:19:06] [SERIAL RX] Frame OK cmd=0x93 plen=50 payload=010101000000C843...
[01:19:07] [SERIAL RX] Frame OK cmd=0x91 plen=125 payload=7C01000301010000...
[01:19:07] [SERIAL RX] Frame OK cmd=0x94 plen=68 payload=0200000301010000...
[01:19:07] [SERIAL RX] Frame OK cmd=0x93 plen=50 payload=010101000000C843...
[01:19:08] [SERIAL RX] Frame OK cmd=0x91 plen=125 payload=7D01000301010000...
[01:19:08] [SERIAL RX] Frame OK cmd=0x94 plen=68 payload=0200000301010000...
[01:19:08] [SERIAL RX] Frame OK cmd=0x93 plen=50 payload=010101000000C843...
[01:19:09] [SERIAL RX] Frame OK cmd=0x91 plen=125 payload=7E01000301010000...
[01:19:09] [SERIAL RX] Frame OK cmd=0x94 plen=68 payload=0200000301010000...
[01:19:09] [SERIAL RX] Frame OK cmd=0x93 plen=50 payload=010101000000C843...
[01:19:10] [SERIAL RX] Frame OK cmd=0x91 plen=125 payload=7F01000301010000...
[01:19:10] [SERIAL RX] Frame OK cmd=0x94 plen=68 payload=0200000301010000...
[01:19:10] [SERIAL RX] Frame OK cmd=0x93 plen=50 payload=010101000000C843...
[01:19:11] [SERIAL RX] Frame OK cmd=0x91 plen=125 payload=8001000301010000...
[01:19:11] [SERIAL RX] Frame OK cmd=0x94 plen=68 payload=0200000301010000...
[01:19:11] [SERIAL RX] Frame OK cmd=0x93 plen=50 payload=010101000000C843...
[01:19:12] [SERIAL RX] Frame OK cmd=0x91 plen=125 payload=8101000301010000...
[01:19:12] [SERIAL RX] Frame OK cmd=0x94 plen=68 payload=0200000301010000...
[01:19:12] [SERIAL RX] Frame OK cmd=0x93 plen=50 payload=010101000000C843...
[01:19:13] [SERIAL RX] Frame OK cmd=0x91 plen=125 payload=8201000301010000...
[01:19:13] [SERIAL RX] Frame OK cmd=0x94 plen=68 payload=0200000301010000...
[01:19:13] [SERIAL RX] Frame OK cmd=0x93 plen=50 payload=010101000000C843...
[01:19:14] [SERIAL RX] Frame OK cmd=0x91 plen=125 payload=8301000301010000...
[01:19:14] [SERIAL RX] Frame OK cmd=0x94 plen=68 payload=0200000301010000...
[01:19:14] [SERIAL RX] Frame OK cmd=0x93 plen=50 payload=010101000000C843...
[01:19:15] [SERIAL RX] Frame OK cmd=0x91 plen=125 payload=8401000301010000...
[01:19:15] [SERIAL RX] Frame OK cmd=0x94 plen=68 payload=0200000301010000...
[01:19:15] [SERIAL RX] Frame OK cmd=0x93 plen=50 payload=010101000000C843...
[01:19:16] [SERIAL RX] Frame OK cmd=0x91 plen=125 payload=8501000301010000...
[01:19:16] [SERIAL RX] Frame OK cmd=0x94 plen=68 payload=0200000301010000...
[01:19:16] [SERIAL RX] Frame OK cmd=0x93 plen=50 payload=010101000000C843...
[01:19:17] [SERIAL RX] Frame OK cmd=0x91 plen=125 payload=8601000301010000...
[01:19:17] [SERIAL RX] Frame OK cmd=0x94 plen=68 payload=0200000301010000...
[01:19:17] [SERIAL RX] Frame OK cmd=0x93 plen=50 payload=010101000000C843...
[01:19:18] [SERIAL RX] Frame OK cmd=0x91 plen=125 payload=8701000301010000...
[01:19:18] [SERIAL RX] Frame OK cmd=0x94 plen=68 payload=0200000301010000...
[01:19:18] [SERIAL RX] Frame OK cmd=0x93 plen=50 payload=010101000000C843...
[01:19:19] [SERIAL RX] Frame OK cmd=0x91 plen=125 payload=8801000301010000...
[01:19:19] [SERIAL RX] Frame OK cmd=0x94 plen=68 payload=0200000301010000...
[01:19:19] [SERIAL RX] Frame OK cmd=0x93 plen=50 payload=010101000000C843...
[01:19:20] [SERIAL RX] Frame OK cmd=0x91 plen=125 payload=8901000301010000...
[01:19:20] [SERIAL RX] Frame OK cmd=0x94 plen=68 payload=0200000301010000...
[01:19:20] [SERIAL RX] Frame OK cmd=0x93 plen=50 payload=010101000000C843...
[01:19:21] [SERIAL RX] Frame OK cmd=0x91 plen=125 payload=8A01000301010000...
[01:19:21] [SERIAL RX] Frame OK cmd=0x94 plen=68 payload=0200000301010000...
[01:19:21] [SERIAL RX] Frame OK cmd=0x93 plen=50 payload=010101000000C843...
[01:19:22] [SERIAL RX] Frame OK cmd=0x91 plen=125 payload=8B01000301010000...
[01:19:22] [SERIAL RX] Frame OK cmd=0x94 plen=68 payload=0200000301010000...
[01:19:22] [SERIAL RX] Frame OK cmd=0x93 plen=50 payload=010101000000C843...
[01:19:23] [SERIAL RX] Frame OK cmd=0x91 plen=125 payload=8C01000301010000...
[01:19:23] [SERIAL RX] Frame OK cmd=0x94 plen=68 payload=0200000301010000...
[01:19:23] [SERIAL RX] Frame OK cmd=0x93 plen=50 payload=010101000000C843...
[01:19:24] [SERIAL RX] Frame OK cmd=0x91 plen=125 payload=8D01000301010000...
[01:19:24] [SERIAL RX] Frame OK cmd=0x94 plen=68 payload=0200000301010000...
[01:19:24] [SERIAL RX] Frame OK cmd=0x93 plen=50 payload=010101000000C843...
[01:19:25] [SERIAL RX] Frame OK cmd=0x91 plen=125 payload=8E01000301010000...
[01:19:25] [SERIAL RX] Frame OK cmd=0x94 plen=68 payload=0200000301010000...
[01:19:25] [SERIAL RX] Frame OK cmd=0x93 plen=50 payload=010101000000C843...
[01:19:26] [SERIAL RX] Frame OK cmd=0x91 plen=125 payload=8F01000301010000...
[01:19:26] [SERIAL RX] Frame OK cmd=0x94 plen=68 payload=0200000301010000...
[01:19:26] [SERIAL RX] Frame OK cmd=0x93 plen=50 payload=010101000000C843...
[01:19:27] [SERIAL RX] Frame OK cmd=0x91 plen=125 payload=9001000301010000...
[01:19:27] [SERIAL RX] Frame OK cmd=0x94 plen=68 payload=0200000301010000...
[01:19:27] [SERIAL RX] Frame OK cmd=0x93 plen=50 payload=010101000000C843...
[01:19:28] [SERIAL RX] Frame OK cmd=0x91 plen=125 payload=9101000301010000...
[01:19:28] [SERIAL RX] Frame OK cmd=0x94 plen=68 payload=0200000301010000...
[01:19:28] [SERIAL RX] Frame OK cmd=0x93 plen=50 payload=010101000000C843...
[01:19:29] [SERIAL RX] Frame OK cmd=0x91 plen=125 payload=9201000301010000...
[01:19:29] [SERIAL RX] Frame OK cmd=0x94 plen=68 payload=0200000301010000...
[01:19:29] [SERIAL RX] Frame OK cmd=0x93 plen=50 payload=010101000000C843...
[01:19:30] [SERIAL RX] Frame OK cmd=0x91 plen=125 payload=9301000301010000...
[01:19:30] [SERIAL RX] Frame OK cmd=0x94 plen=68 payload=0200000301010000...
[01:19:30] [SERIAL RX] Frame OK cmd=0x93 plen=50 payload=010101000000C843...
[01:19:31] [SERIAL RX] Frame OK cmd=0x91 plen=125 payload=9401000301010000...
[01:19:31] [SERIAL RX] Frame OK cmd=0x94 plen=68 payload=0200000301010000...
[01:19:31] [SERIAL RX] Frame OK cmd=0x93 plen=50 payload=010101000000C843...
[01:19:32] [SERIAL RX] Frame OK cmd=0x91 plen=125 payload=9501000301010000...
[01:19:32] [SERIAL RX] Frame OK cmd=0x94 plen=68 payload=0200000301010000...
[01:19:32] [SERIAL RX] Frame OK cmd=0x93 plen=50 payload=010101000000C843...
[01:19:33] [SERIAL RX] Frame OK cmd=0x91 plen=125 payload=9601000301010000...
[01:19:33] [SERIAL RX] Frame OK cmd=0x94 plen=68 payload=0200000301010000...
[01:19:33] [SERIAL RX] Frame OK cmd=0x93 plen=50 payload=010101000000C843...
[01:19:34] [SERIAL RX] Frame OK cmd=0x91 plen=125 payload=9701000301010000...
[01:19:34] [SERIAL RX] Frame OK cmd=0x94 plen=68 payload=0200000301010000...
[01:19:34] [SERIAL RX] Frame OK cmd=0x93 plen=50 payload=010101000000C843...
[01:19:35] [SERIAL RX] Frame OK cmd=0x91 plen=125 payload=9801000301010000...
[01:19:35] [SERIAL RX] Frame OK cmd=0x94 plen=68 payload=0200000301010000...
[01:19:35] [SERIAL RX] Frame OK cmd=0x93 plen=50 payload=010101000000C843...
[01:19:36] [SERIAL RX] Frame OK cmd=0x91 plen=125 payload=9901000301010000...
[01:19:36] [SERIAL RX] Frame OK cmd=0x94 plen=68 payload=0200000301010000...
[01:19:36] [SERIAL RX] Frame OK cmd=0x93 plen=50 payload=010101000000C843...
[01:19:37] [SERIAL RX] Frame OK cmd=0x91 plen=125 payload=9A01000301010000...
[01:19:37] [SERIAL RX] Frame OK cmd=0x94 plen=68 payload=0200000301010000...
[01:19:37] [SERIAL RX] Frame OK cmd=0x93 plen=50 payload=010101000000C843...
[01:19:38] [SERIAL RX] Frame OK cmd=0x91 plen=125 payload=9B01000301010000...
[01:19:38] [SERIAL RX] Frame OK cmd=0x94 plen=68 payload=0200000301010000...
[01:19:38] [SERIAL RX] Frame OK cmd=0x93 plen=50 payload=010101000000C843...
[01:19:39] [SERIAL RX] Frame OK cmd=0x91 plen=125 payload=9C01000301010000...
[01:19:39] [SERIAL RX] Frame OK cmd=0x94 plen=68 payload=0200000301010000...
[01:19:39] [SERIAL RX] Frame OK cmd=0x93 plen=50 payload=010101000000C843...
[01:19:40] [SERIAL RX] Frame OK cmd=0x91 plen=125 payload=9D01000301010000...
[01:19:40] [SERIAL RX] Frame OK cmd=0x94 plen=68 payload=0200000301010000...
[01:19:40] [SERIAL RX] Frame OK cmd=0x93 plen=50 payload=010101000000C843...
[01:19:41] [SERIAL RX] Frame OK cmd=0x91 plen=125 payload=9E01000301010000...
[01:19:41] [SERIAL RX] Frame OK cmd=0x94 plen=68 payload=0200000301010000...
[01:19:41] [SERIAL RX] Frame OK cmd=0x93 plen=50 payload=010101000000C843...
[01:19:42] [SERIAL RX] Frame OK cmd=0x91 plen=125 payload=9F01000301010000...
[01:19:42] [SERIAL RX] Frame OK cmd=0x94 plen=68 payload=0200000301010000...
[01:19:42] [SERIAL RX] Frame OK cmd=0x93 plen=50 payload=010101000000C843...
[01:19:43] [SERIAL RX] Frame OK cmd=0x91 plen=125 payload=A001000301010000...
[01:19:43] [SERIAL RX] Frame OK cmd=0x94 plen=68 payload=0200000301010000...
[01:19:43] [SERIAL RX] Frame OK cmd=0x93 plen=50 payload=010101000000C843...
[01:19:44] [SERIAL RX] Frame OK cmd=0x91 plen=125 payload=A101000301010000...
[01:19:44] [SERIAL RX] Frame OK cmd=0x94 plen=68 payload=0200000301010000...
[01:19:44] [SERIAL RX] Frame OK cmd=0x93 plen=50 payload=010101000000C843...
[01:19:45] [SERIAL RX] Frame OK cmd=0x91 plen=125 payload=A201000301010000...
[01:19:45] [SERIAL RX] Frame OK cmd=0x94 plen=68 payload=0200000301010000...
[01:19:45] [SERIAL RX] Frame OK cmd=0x93 plen=50 payload=010101000000C843...
[01:19:46] [SERIAL RX] Frame OK cmd=0x91 plen=125 payload=A301000301010000...
[01:19:46] [SERIAL RX] Frame OK cmd=0x94 plen=68 payload=0200000301010000...
[01:19:46] [SERIAL RX] Frame OK cmd=0x93 plen=50 payload=010101000000C843...
[01:19:47] [SERIAL RX] Frame OK cmd=0x91 plen=125 payload=A401000301010000...
[01:19:47] [SERIAL RX] Frame OK cmd=0x94 plen=68 payload=0200000301010000...
[01:19:47] [SERIAL RX] Frame OK cmd=0x93 plen=50 payload=010101000000C843...
[01:19:48] [SERIAL RX] Frame OK cmd=0x91 plen=125 payload=A501000301010000...
[01:19:48] [SERIAL RX] Frame OK cmd=0x94 plen=68 payload=0200000301010000...
[01:19:48] [SERIAL RX] Frame OK cmd=0x93 plen=50 payload=010101000000C843...
[01:19:49] [SERIAL RX] Frame OK cmd=0x91 plen=125 payload=A601000301010000...
[01:19:49] [SERIAL RX] Frame OK cmd=0x94 plen=68 payload=0200000301010000...
[01:19:49] [SERIAL RX] Frame OK cmd=0x93 plen=50 payload=010101000000C843...
[01:19:50] [SERIAL RX] Frame OK cmd=0x91 plen=125 payload=A701000301010000...
[01:19:50] [SERIAL RX] Frame OK cmd=0x94 plen=68 payload=0200000301010000...
[01:19:50] [SERIAL RX] Frame OK cmd=0x93 plen=50 payload=010101000000C843...
[01:19:51] [SERIAL RX] Frame OK cmd=0x91 plen=125 payload=A801000301010000...
[01:19:51] [SERIAL RX] Frame OK cmd=0x94 plen=68 payload=0200000301010000...
[01:19:51] [SERIAL RX] Frame OK cmd=0x93 plen=50 payload=010101000000C843...
[01:19:52] [SERIAL RX] Frame OK cmd=0x91 plen=125 payload=A901000301010000...
[01:19:52] [SERIAL RX] Frame OK cmd=0x94 plen=68 payload=0200000301010000...
[01:19:52] [SERIAL RX] Frame OK cmd=0x93 plen=50 payload=010101000000C843...
[01:19:53] [SERIAL RX] Frame OK cmd=0x91 plen=125 payload=AA01000301010000...
[01:19:53] [SERIAL RX] Frame OK cmd=0x94 plen=68 payload=0200000301010000...
[01:19:53] [SERIAL RX] Frame OK cmd=0x93 plen=50 payload=010101000000C843...
[01:19:54] [SERIAL RX] Frame OK cmd=0x91 plen=125 payload=AB01000301010000...
[01:19:54] [SERIAL RX] Frame OK cmd=0x94 plen=68 payload=0200000301010000...
[01:19:54] [SERIAL RX] Frame OK cmd=0x93 plen=50 payload=010101000000C843...
[01:19:55] [SERIAL RX] Frame OK cmd=0x91 plen=125 payload=AC01000301010000...
[01:19:55] [SERIAL RX] Frame OK cmd=0x94 plen=68 payload=0200000301010000...
[01:19:55] [SERIAL RX] Frame OK cmd=0x93 plen=50 payload=010101000000C843...
[01:19:56] [SERIAL RX] Frame OK cmd=0x91 plen=125 payload=AD01000301010000...
[01:19:56] [SERIAL RX] Frame OK cmd=0x94 plen=68 payload=0200000301010000...
[01:19:56] [SERIAL RX] Frame OK cmd=0x93 plen=50 payload=010101000000C843...
[01:19:57] [SERIAL RX] Frame OK cmd=0x91 plen=125 payload=AE01000301010000...
[01:19:57] [SERIAL RX] Frame OK cmd=0x94 plen=68 payload=0200000301010000...
[01:19:57] [SERIAL RX] Frame OK cmd=0x93 plen=50 payload=010101000000C843...
[01:19:58] [SERIAL RX] Frame OK cmd=0x91 plen=125 payload=AF01000301010000...
[01:19:58] [SERIAL RX] Frame OK cmd=0x94 plen=68 payload=0200000301010000...
[01:19:58] [SERIAL RX] Frame OK cmd=0x93 plen=50 payload=010101000000C843...
[01:19:59] [SERIAL RX] Frame OK cmd=0x91 plen=125 payload=B001000301010000...
[01:19:59] [SERIAL RX] Frame OK cmd=0x94 plen=68 payload=0200000301010000...
[01:19:59] [SERIAL RX] Frame OK cmd=0x93 plen=50 payload=010101000000C843...
[01:20:00] [SERIAL RX] Frame OK cmd=0x91 plen=125 payload=B101000301010000...
[01:20:00] [SERIAL RX] Frame OK cmd=0x94 plen=68 payload=0200000301010000...
[01:20:00] [SERIAL RX] Frame OK cmd=0x93 plen=50 payload=010101000000C843...
[01:20:01] [SERIAL RX] Frame OK cmd=0x91 plen=125 payload=B201000301010000...
[01:20:01] [SERIAL RX] Frame OK cmd=0x94 plen=68 payload=0200000301010000...
[01:20:01] [SERIAL RX] Frame OK cmd=0x93 plen=50 payload=010101000000C843...
[01:20:02] [SERIAL RX] Frame OK cmd=0x91 plen=125 payload=B301000301010000...
[01:20:02] [SERIAL RX] Frame OK cmd=0x94 plen=68 payload=0200000301010000...
[01:20:02] [SERIAL RX] Frame OK cmd=0x93 plen=50 payload=010101000000C843...
[01:20:03] [SERIAL RX] Frame OK cmd=0x91 plen=125 payload=B401000301010000...
[01:20:03] [SERIAL RX] Frame OK cmd=0x94 plen=68 payload=0200000301010000...
[01:20:03] [SERIAL RX] Frame OK cmd=0x93 plen=50 payload=010101000000C843...
[01:20:04] [SERIAL RX] Frame OK cmd=0x91 plen=125 payload=B501000301010000...
[01:20:04] [SERIAL RX] Frame OK cmd=0x94 plen=68 payload=0200000301010000...
[01:20:04] [SERIAL RX] Frame OK cmd=0x93 plen=50 payload=010101000000C843...
[01:20:05] [SERIAL RX] Frame OK cmd=0x91 plen=125 payload=B601000301010000...
[01:20:05] [SERIAL RX] Frame OK cmd=0x94 plen=68 payload=0200000301010000...
[01:20:05] [SERIAL RX] Frame OK cmd=0x93 plen=50 payload=010101000000C843...
[01:20:06] [SERIAL RX] Frame OK cmd=0x91 plen=125 payload=B701000301010000...
[01:20:06] [SERIAL RX] Frame OK cmd=0x94 plen=68 payload=0200000301010000...
[01:20:06] [SERIAL RX] Frame OK cmd=0x93 plen=50 payload=010101000000C843...
[01:20:07] [SERIAL RX] Frame OK cmd=0x91 plen=125 payload=B801000301010000...
[01:20:07] [SERIAL RX] Frame OK cmd=0x94 plen=68 payload=0200000301010000...
[01:20:07] [SERIAL RX] Frame OK cmd=0x93 plen=50 payload=010101000000C843...
[01:20:08] [SERIAL RX] Frame OK cmd=0x91 plen=125 payload=B901000301010000...
[01:20:08] [SERIAL RX] Frame OK cmd=0x94 plen=68 payload=0200000301010000...
[01:20:08] [SERIAL RX] Frame OK cmd=0x93 plen=50 payload=010101000000C843...
[01:20:09] [SERIAL RX] Frame OK cmd=0x91 plen=125 payload=BA01000301010000...
[01:20:09] [SERIAL RX] Frame OK cmd=0x94 plen=68 payload=0200000301010000...
[01:20:09] [SERIAL RX] Frame OK cmd=0x93 plen=50 payload=010101000000C843...
[01:20:10] [SERIAL RX] Frame OK cmd=0x91 plen=125 payload=BB01000301010000...
[01:20:10] [SERIAL RX] Frame OK cmd=0x94 plen=68 payload=0200000301010000...
[01:20:10] [SERIAL RX] Frame OK cmd=0x93 plen=50 payload=010101000000C843...
[01:20:11] [SERIAL RX] Frame OK cmd=0x91 plen=125 payload=BC01000301010000...
[01:20:11] [SERIAL RX] Frame OK cmd=0x94 plen=68 payload=0200000301010000...
[01:20:11] [SERIAL RX] Frame OK cmd=0x93 plen=50 payload=010101000000C843...
[01:20:12] [SERIAL RX] Frame OK cmd=0x91 plen=125 payload=BD01000301010000...
[01:20:12] [SERIAL RX] Frame OK cmd=0x94 plen=68 payload=0200000301010000...
[01:20:12] [SERIAL RX] Frame OK cmd=0x93 plen=50 payload=010101000000C843...
[01:20:13] [SERIAL RX] Frame OK cmd=0x91 plen=125 payload=BE01000301010000...
[01:20:13] [SERIAL RX] Frame OK cmd=0x94 plen=68 payload=0200000301010000...
[01:20:13] [SERIAL RX] Frame OK cmd=0x93 plen=50 payload=010101000000C843...
[01:20:14] [SERIAL RX] Frame OK cmd=0x91 plen=125 payload=BF01000301010000...
[01:20:14] [SERIAL RX] Frame OK cmd=0x94 plen=68 payload=0200000301010000...
[01:20:14] [SERIAL RX] Frame OK cmd=0x93 plen=50 payload=010101000000C843...
[01:20:15] [SERIAL RX] Frame OK cmd=0x91 plen=125 payload=C001000301010000...
[01:20:15] [SERIAL RX] Frame OK cmd=0x94 plen=68 payload=0200000301010000...
[01:20:15] [SERIAL RX] Frame OK cmd=0x93 plen=50 payload=010101000000C843...
[01:20:16] [SERIAL RX] Frame OK cmd=0x91 plen=125 payload=C101000301010000...
[01:20:16] [SERIAL RX] Frame OK cmd=0x94 plen=68 payload=0200000301010000...
[01:20:16] [SERIAL RX] Frame OK cmd=0x93 plen=50 payload=010101000000C843...
[01:20:17] [SERIAL RX] Frame OK cmd=0x91 plen=125 payload=C201000301010000...
[01:20:17] [SERIAL RX] Frame OK cmd=0x94 plen=68 payload=0200000301010000...
[01:20:17] [SERIAL RX] Frame OK cmd=0x93 plen=50 payload=010101000000C843...
[01:20:18] [SERIAL RX] Frame OK cmd=0x91 plen=125 payload=C301000301010000...
[01:20:18] [SERIAL RX] Frame OK cmd=0x94 plen=68 payload=0200000301010000...
[01:20:18] [SERIAL RX] Frame OK cmd=0x93 plen=50 payload=010101000000C843...
[01:20:19] [SERIAL RX] Frame OK cmd=0x91 plen=125 payload=C401000301010000...
[01:20:19] [SERIAL RX] Frame OK cmd=0x94 plen=68 payload=0200000301010000...
[01:20:19] [SERIAL RX] Frame OK cmd=0x93 plen=50 payload=010101000000C843...
[01:20:20] [SERIAL RX] Frame OK cmd=0x91 plen=125 payload=C501000301010000...
[01:20:20] [SERIAL RX] Frame OK cmd=0x94 plen=68 payload=0200000301010000...
[01:20:20] [SERIAL RX] Frame OK cmd=0x93 plen=50 payload=010101000000C843...
[01:20:21] [SERIAL RX] Frame OK cmd=0x91 plen=125 payload=C601000301010000...
[01:20:21] [SERIAL RX] Frame OK cmd=0x94 plen=68 payload=0200000301010000...
[01:20:21] [SERIAL RX] Frame OK cmd=0x93 plen=50 payload=010101000000C843...
[01:20:22] [SERIAL RX] Frame OK cmd=0x91 plen=125 payload=C701000301010000...
[01:20:22] [SERIAL RX] Frame OK cmd=0x94 plen=68 payload=0200000301010000...
[01:20:22] [SERIAL RX] Frame OK cmd=0x93 plen=50 payload=010101000000C843...
[01:20:23] [SERIAL RX] Frame OK cmd=0x91 plen=125 payload=C801000301010000...
[01:20:23] [SERIAL RX] Frame OK cmd=0x94 plen=68 payload=0200000301010000...
[01:20:23] [SERIAL RX] Frame OK cmd=0x93 plen=50 payload=010101000000C843...
[01:20:24] [SERIAL RX] Frame OK cmd=0x91 plen=125 payload=C901000301010000...
[01:20:24] [SERIAL RX] Frame OK cmd=0x94 plen=68 payload=0200000301010000...
[01:20:24] [SERIAL RX] Frame OK cmd=0x93 plen=50 payload=010101000000C843...
[01:20:25] [SERIAL RX] Frame OK cmd=0x91 plen=125 payload=CA01000301010000...
[01:20:25] [SERIAL RX] Frame OK cmd=0x94 plen=68 payload=0200000301010000...
[01:20:25] [SERIAL RX] Frame OK cmd=0x93 plen=50 payload=010101000000C843...
[01:20:26] [SERIAL RX] Frame OK cmd=0x91 plen=125 payload=CB01000301010000...
[01:20:26] [SERIAL RX] Frame OK cmd=0x94 plen=68 payload=0200000301010000...
[01:20:26] [SERIAL RX] Frame OK cmd=0x93 plen=50 payload=010101000000C843...
[01:20:27] [SERIAL RX] Frame OK cmd=0x91 plen=125 payload=CC01000301010000...
[01:20:27] [SERIAL RX] Frame OK cmd=0x94 plen=68 payload=0200000301010000...
[01:20:27] [SERIAL RX] Frame OK cmd=0x93 plen=50 payload=010101000000C843...
[01:20:28] [SERIAL RX] Frame OK cmd=0x91 plen=125 payload=CD01000301010000...
[01:20:28] [SERIAL RX] Frame OK cmd=0x94 plen=68 payload=0200000301010000...
[01:20:28] [SERIAL RX] Frame OK cmd=0x93 plen=50 payload=010101000000C843...
[01:20:29] [SERIAL RX] Frame OK cmd=0x91 plen=125 payload=CE01000301010000...
[01:20:29] [SERIAL RX] Frame OK cmd=0x94 plen=68 payload=0200000301010000...
[01:20:29] [SERIAL RX] Frame OK cmd=0x93 plen=50 payload=010101000000C843...
[01:20:30] [SERIAL RX] Frame OK cmd=0x91 plen=125 payload=CF01000301010000...
[01:20:30] [SERIAL RX] Frame OK cmd=0x94 plen=68 payload=0200000301010000...
[01:20:30] [SERIAL RX] Frame OK cmd=0x93 plen=50 payload=010101000000C843...
[01:20:31] [SERIAL RX] Frame OK cmd=0x91 plen=125 payload=D001000301010000...
[01:20:31] [SERIAL RX] Frame OK cmd=0x94 plen=68 payload=0200000301010000...
[01:20:31] [SERIAL RX] Frame OK cmd=0x93 plen=50 payload=010101000000C843...
[01:20:32] [SERIAL RX] Frame OK cmd=0x91 plen=125 payload=D101000301010000...
[01:20:32] [SERIAL RX] Frame OK cmd=0x94 plen=68 payload=0200000301010000...
[01:20:32] [SERIAL RX] Frame OK cmd=0x93 plen=50 payload=010101000000C843...
[01:20:33] [SERIAL RX] Frame OK cmd=0x91 plen=125 payload=D201000301010000...
[01:20:33] [SERIAL RX] Frame OK cmd=0x94 plen=68 payload=0200000301010000...
[01:20:33] [SERIAL RX] Frame OK cmd=0x93 plen=50 payload=010101000000C843...
[01:20:34] [SERIAL RX] Frame OK cmd=0x91 plen=125 payload=D301000301010000...
[01:20:34] [SERIAL RX] Frame OK cmd=0x94 plen=68 payload=0200000301010000...
[01:20:34] [SERIAL RX] Frame OK cmd=0x93 plen=50 payload=010101000000C843...
[01:20:35] [SERIAL RX] Frame OK cmd=0x91 plen=125 payload=D401000301010000...
[01:20:35] [SERIAL RX] Frame OK cmd=0x94 plen=68 payload=0200000301010000...
[01:20:35] [SERIAL RX] Frame OK cmd=0x93 plen=50 payload=010101000000C843...
[01:20:36] [SERIAL RX] Frame OK cmd=0x91 plen=125 payload=D501000301010000...
[01:20:36] [SERIAL RX] Frame OK cmd=0x94 plen=68 payload=0200000301010000...
[01:20:36] [SERIAL RX] Frame OK cmd=0x93 plen=50 payload=010101000000C843...
[01:20:37] [SERIAL RX] Frame OK cmd=0x91 plen=125 payload=D601000301010000...
[01:20:37] [SERIAL RX] Frame OK cmd=0x94 plen=68 payload=0200000301010000...
[01:20:37] [SERIAL RX] Frame OK cmd=0x93 plen=50 payload=010101000000C843...
[01:20:38] [SERIAL RX] Frame OK cmd=0x91 plen=125 payload=D701000301010000...
[01:20:38] [SERIAL RX] Frame OK cmd=0x94 plen=68 payload=0200000301010000...
[01:20:38] [SERIAL RX] Frame OK cmd=0x93 plen=50 payload=010101000000C843...
[01:20:39] [SERIAL RX] Frame OK cmd=0x91 plen=125 payload=D801000301010000...
[01:20:39] [SERIAL RX] Frame OK cmd=0x94 plen=68 payload=0200000301010000...
[01:20:39] [SERIAL RX] Frame OK cmd=0x93 plen=50 payload=010101000000C843...
[01:20:40] [SERIAL RX] Frame OK cmd=0x91 plen=125 payload=D901000301010000...
[01:20:40] [SERIAL RX] Frame OK cmd=0x94 plen=68 payload=0200000301010000...
[01:20:40] [SERIAL RX] Frame OK cmd=0x93 plen=50 payload=010101000000C843...
[01:20:41] [SERIAL RX] Frame OK cmd=0x91 plen=125 payload=DA01000301010000...
[01:20:41] [SERIAL RX] Frame OK cmd=0x94 plen=68 payload=0200000301010000...
[01:20:41] [SERIAL RX] Frame OK cmd=0x93 plen=50 payload=010101000000C843...
[01:20:42] [SERIAL RX] Frame OK cmd=0x91 plen=125 payload=DB01000301010000...
[01:20:42] [SERIAL RX] Frame OK cmd=0x94 plen=68 payload=0200000301010000...
[01:20:42] [SERIAL RX] Frame OK cmd=0x93 plen=50 payload=010101000000C843...
[01:20:43] [SERIAL RX] Frame OK cmd=0x91 plen=125 payload=DC01000301010000...
[01:20:43] [SERIAL RX] Frame OK cmd=0x94 plen=68 payload=0200000301010000...
[01:20:43] [SERIAL RX] Frame OK cmd=0x93 plen=50 payload=010101000000C843...
[01:20:44] [SERIAL RX] Frame OK cmd=0x91 plen=125 payload=DD01000301010000...
[01:20:44] [SERIAL RX] Frame OK cmd=0x94 plen=68 payload=0200000301010000...
[01:20:44] [SERIAL RX] Frame OK cmd=0x93 plen=50 payload=010101000000C843...
[01:20:45] [SERIAL RX] Frame OK cmd=0x91 plen=125 payload=DE01000301010000...
[01:20:45] [SERIAL RX] Frame OK cmd=0x94 plen=68 payload=0200000301010000...
[01:20:45] [SERIAL RX] Frame OK cmd=0x93 plen=50 payload=010101000000C843...
[01:20:46] [SERIAL RX] Frame OK cmd=0x91 plen=125 payload=DF01000301010000...
[01:20:46] [SERIAL RX] Frame OK cmd=0x94 plen=68 payload=0200000301010000...
[01:20:46] [SERIAL RX] Frame OK cmd=0x93 plen=50 payload=010101000000C843...
[01:20:47] [SERIAL RX] Frame OK cmd=0x91 plen=125 payload=E001000301010000...
[01:20:47] [SERIAL RX] Frame OK cmd=0x94 plen=68 payload=0200000301010000...
[01:20:47] [SERIAL RX] Frame OK cmd=0x93 plen=50 payload=010101000000C843...
[01:20:48] [SERIAL RX] Frame OK cmd=0x91 plen=125 payload=E101000301010000...
[01:20:48] [SERIAL RX] Frame OK cmd=0x94 plen=68 payload=0200000301010000...
[01:20:48] [SERIAL RX] Frame OK cmd=0x93 plen=50 payload=010101000000C843...
[01:20:49] [SERIAL RX] Frame OK cmd=0x91 plen=125 payload=E201000301010000...
[01:20:49] [SERIAL RX] Frame OK cmd=0x94 plen=68 payload=0200000301010000...
[01:20:49] [SERIAL RX] Frame OK cmd=0x93 plen=50 payload=010101000000C843...
[01:20:50] [SERIAL RX] Frame OK cmd=0x91 plen=125 payload=E301000301010000...
[01:20:50] [SERIAL RX] Frame OK cmd=0x94 plen=68 payload=0200000301010000...
[01:20:50] [SERIAL RX] Frame OK cmd=0x93 plen=50 payload=010101000000C843...
[01:20:51] [SERIAL RX] Frame OK cmd=0x91 plen=125 payload=E401000301010000...
[01:20:51] [SERIAL RX] Frame OK cmd=0x94 plen=68 payload=0200000301010000...
[01:20:51] [SERIAL RX] Frame OK cmd=0x93 plen=50 payload=010101000000C843...
[01:20:52] [SERIAL RX] Frame OK cmd=0x91 plen=125 payload=E501000301010000...
[01:20:52] [SERIAL RX] Frame OK cmd=0x94 plen=68 payload=0200000301010000...
[01:20:52] [SERIAL RX] Frame OK cmd=0x93 plen=50 payload=010101000000C843...
[01:20:53] [SERIAL RX] Frame OK cmd=0x91 plen=125 payload=E601000301010000...
[01:20:53] [SERIAL RX] Frame OK cmd=0x94 plen=68 payload=0200000301010000...
[01:20:53] [SERIAL RX] Frame OK cmd=0x93 plen=50 payload=010101000000C843...
[01:20:54] [SERIAL RX] Frame OK cmd=0x91 plen=125 payload=E701000301010000...
[01:20:54] [SERIAL RX] Frame OK cmd=0x94 plen=68 payload=0200000301010000...
[01:20:54] [SERIAL RX] Frame OK cmd=0x93 plen=50 payload=010101000000C843...
[01:20:55] [SERIAL RX] Frame OK cmd=0x91 plen=125 payload=E801000301010000...
[01:20:55] [SERIAL RX] Frame OK cmd=0x94 plen=68 payload=0200000301010000...
[01:20:55] [SERIAL RX] Frame OK cmd=0x93 plen=50 payload=010101000000C843...
[01:20:56] [SERIAL RX] Frame OK cmd=0x91 plen=125 payload=E901000301010000...
[01:20:56] [SERIAL RX] Frame OK cmd=0x94 plen=68 payload=0200000301010000...
[01:20:56] [SERIAL RX] Frame OK cmd=0x93 plen=50 payload=010101000000C843...
[01:20:57] [SERIAL RX] Frame OK cmd=0x91 plen=125 payload=EA01000301010000...
[01:20:57] [SERIAL RX] Frame OK cmd=0x94 plen=68 payload=0200000301010000...
[01:20:57] [SERIAL RX] Frame OK cmd=0x93 plen=50 payload=010101000000C843...
[01:20:58] [SERIAL RX] Frame OK cmd=0x91 plen=125 payload=EB01000301010000...
[01:20:58] [SERIAL RX] Frame OK cmd=0x94 plen=68 payload=0200000301010000...
[01:20:58] [SERIAL RX] Frame OK cmd=0x93 plen=50 payload=010101000000C843...
[01:20:59] [SERIAL RX] Frame OK cmd=0x91 plen=125 payload=EC01000301010000...
[01:20:59] [SERIAL RX] Frame OK cmd=0x94 plen=68 payload=0200000301010000...
[01:20:59] [SERIAL RX] Frame OK cmd=0x93 plen=50 payload=010101000000C843...
[01:21:00] [SERIAL RX] Frame OK cmd=0x91 plen=125 payload=ED01000301010000...
[01:21:00] [SERIAL RX] Frame OK cmd=0x94 plen=68 payload=0200000301010000...
[01:21:00] [SERIAL RX] Frame OK cmd=0x93 plen=50 payload=010101000000C843...
[01:21:01] [SERIAL RX] Frame OK cmd=0x91 plen=125 payload=EE01000301010000...
[01:21:01] [SERIAL RX] Frame OK cmd=0x94 plen=68 payload=0200000301010000...
[01:21:01] [SERIAL RX] Frame OK cmd=0x93 plen=50 payload=010101000000C843...
[01:21:02] [SERIAL RX] Frame OK cmd=0x91 plen=125 payload=EF01000301010000...
[01:21:02] [SERIAL RX] Frame OK cmd=0x94 plen=68 payload=0200000301010000...
[01:21:02] [SERIAL RX] Frame OK cmd=0x93 plen=50 payload=010101000000C843...
[01:21:03] [SERIAL RX] Frame OK cmd=0x91 plen=125 payload=F001000301010000...
[01:21:03] [SERIAL RX] Frame OK cmd=0x94 plen=68 payload=0200000301010000...
[01:21:03] [SERIAL RX] Frame OK cmd=0x93 plen=50 payload=010101000000C843...
[01:21:04] [SERIAL RX] Frame OK cmd=0x91 plen=125 payload=F101000301010000...
[01:21:04] [SERIAL RX] Frame OK cmd=0x94 plen=68 payload=0200000301010000...
[01:21:04] [SERIAL RX] Frame OK cmd=0x93 plen=50 payload=010101000000C843...
[01:21:05] [SERIAL RX] Frame OK cmd=0x91 plen=125 payload=F201000301010000...
[01:21:05] [SERIAL RX] Frame OK cmd=0x94 plen=68 payload=0200000301010000...
[01:21:05] [SERIAL RX] Frame OK cmd=0x93 plen=50 payload=010101000000C843...
[01:21:06] [SERIAL RX] Frame OK cmd=0x91 plen=125 payload=F301000301010000...
[01:21:06] [SERIAL RX] Frame OK cmd=0x94 plen=68 payload=0200000301010000...
[01:21:06] [SERIAL RX] Frame OK cmd=0x93 plen=50 payload=010101000000C843...
[01:21:07] [SERIAL RX] Frame OK cmd=0x91 plen=125 payload=F401000301010000...
[01:21:07] [SERIAL RX] Frame OK cmd=0x94 plen=68 payload=0200000301010000...
[01:21:07] [SERIAL RX] Frame OK cmd=0x93 plen=50 payload=010101000000C843...
[01:21:08] [SERIAL RX] Frame OK cmd=0x91 plen=125 payload=F501000301010000...
[01:21:08] [SERIAL RX] Frame OK cmd=0x94 plen=68 payload=0200000301010000...
[01:21:08] [SERIAL RX] Frame OK cmd=0x93 plen=50 payload=010101000000C843...
[01:21:09] [SERIAL RX] Frame OK cmd=0x91 plen=125 payload=F601000301010000...
[01:21:09] [SERIAL RX] Frame OK cmd=0x94 plen=68 payload=0200000301010000...
[01:21:09] [SERIAL RX] Frame OK cmd=0x93 plen=50 payload=010101000000C843...
[01:21:10] [SERIAL RX] Frame OK cmd=0x91 plen=125 payload=F701000301010000...
[01:21:10] [SERIAL RX] Frame OK cmd=0x94 plen=68 payload=0200000301010000...
[01:21:10] [SERIAL RX] Frame OK cmd=0x93 plen=50 payload=010101000000C843...
[01:21:11] [SERIAL RX] Frame OK cmd=0x91 plen=125 payload=F801000301010000...
[01:21:11] [SERIAL RX] Frame OK cmd=0x94 plen=68 payload=0200000301010000...
[01:21:11] [SERIAL RX] Frame OK cmd=0x93 plen=50 payload=010101000000C843...
[01:21:12] [SERIAL RX] Frame OK cmd=0x91 plen=125 payload=F901000301010000...
[01:21:12] [SERIAL RX] Frame OK cmd=0x94 plen=68 payload=0200000301010000...
[01:21:12] [SERIAL RX] Frame OK cmd=0x93 plen=50 payload=010101000000C843...
