:020000040800F2
:10000000004002208DFB000891F8000899F80008D4
:1000100000000000000000000000000000000000E0
:1000200000000000000000000000000069F9000866
:10003000000000000000000073F900087DF90008CE
:10004000DDFB0008DDFB0008DDFB0008DDFB000830
:10005000DDFB0008DDFB0008DDFB0008DDFB000820
:100060008DF90008A5F90008BDF90008E1F90008BC
:1000700005FA0008DDFB0008DDFB0008DDFB0008D9
:10008000DDFB00081DFA000835FA0008DDFB00085A
:10009000DDFB00084DFA000871FA0008DDFB0008DE
:1000A000DDFB0008DDFB0008DDFB000895FA000819
:0C00B000DDFB0008ADFA0008DDFB0008D5
:1000C00010B5064C2378002B07D1054B002B02D02E
:1000D000044800E000BF0123237010BDDC010020B4
:1000E00000000000D4E20108044B10B5002B03D03F
:1000F0000349044800E000BF10BDC04600000000F6
:10010000E0010020D4E20108002243088B4274D3AE
:1001100003098B425FD3030A8B4244D3030B8B4208
:1001200028D3030C8B420DD3FF22090212BA030C11
:100130008B4202D31212090265D0030B8B4219D3F2
:1001400000E0090AC30B8B4201D3CB03C01A524112
:10015000830B8B4201D38B03C01A5241430B8B425A
:1001600001D34B03C01A5241030B8B4201D30B0343
:10017000C01A5241C30A8B4201D3CB02C01A52416A
:10018000830A8B4201D38B02C01A5241430A8B422D
:1001900001D34B02C01A5241030A8B4201D30B0216
:1001A000C01A5241CDD2C3098B4201D3CB01C01A30
:1001B000524183098B4201D38B01C01A524143093A
:1001C0008B4201D34B01C01A524103098B4201D328
:1001D0000B01C01A5241C3088B4201D3CB00C01A95
:1001E000524183088B4201D38B00C01A524143080D
:1001F0008B4201D34B00C01A5241411A00D2014632
:10020000524110467047FFE701B5002000F0F0F8BA
:1002100002BDC0460029F7D076E7704703460B437E
:100220007FD4002243088B4274D303098B425FD3EF
:10023000030A8B4244D3030B8B4228D3030C8B421B
:100240000DD3FF22090212BA030C8B4202D3121201
:10025000090265D0030B8B4219D300E0090AC30BD6
:100260008B4201D3CB03C01A5241830B8B4201D383
:100270008B03C01A5241430B8B4201D34B03C01A6C
:100280005241030B8B4201D30B03C01A5241C30AE4
:100290008B4201D3CB02C01A5241830A8B4201D355
:1002A0008B02C01A5241430A8B4201D34B02C01A3F
:1002B0005241030A8B4201D30B02C01A5241CDD2E4
:1002C000C3098B4201D3CB01C01A524183098B422F
:1002D00001D38B01C01A524143098B4201D34B0118
:1002E000C01A524103098B4201D30B01C01A52417B
:1002F000C3088B4201D3CB00C01A524183088B4202
:1003000001D38B00C01A524143088B4201D34B00EA
:10031000C01A5241411A00D201465241104670475C
:100320005DE0CA0F00D04942031000D34042534061
:1003300000229C4603098B422DD3030A8B4212D321
:10034000FC22890112BA030A8B420CD38901921153
:100350008B4208D3890192118B4204D389013AD090
:10036000921100E08909C3098B4201D3CB01C01A65
:10037000524183098B4201D38B01C01A5241430978
:100380008B4201D34B01C01A524103098B4201D366
:100390000B01C01A5241C3088B4201D3CB00C01AD3
:1003A000524183088B4201D38B00C01A5241D9D2EB
:1003B00043088B4201D34B00C01A5241411A00D26C
:1003C0000146634652415B10104601D34042002B68
:1003D00000D54942704763465B1000D3404201B5E7
:1003E000002000F005F802BD0029F8D016E770479C
:1003F0007047C046844608006146FFE71FB500F01D
:1004000059FC002801D40021C8421FBD10B500F0DE
:10041000D9FB4042013010BD10B500F04BFC002864
:1004200001DB002010BD012010BDC04610B500F05A
:1004300041FC002801DD002010BD012010BDC04698
:1004400010B500F0E7FB002801DC002010BD012002
:1004500010BDC04610B500F0DDFB002801DA002019
:1004600010BD012010BDC046002B11D1002A0FD1B4
:10047000002900D1002802D00021C943080007B498
:10048000024802A14018029003BDC04665FFFFFF6D
:1004900003B4684601B5029800F01EF8019B9E4621
:1004A00002B00CBC7047C0469E2110B5C905041CA3
:1004B000FFF7D0FF002803D1201C00F041FF10BD42
:1004C0009E21201CC90500F081FD00F039FF80232A
:1004D0001B069C466044F2E7F0B557464E4645463B
:1004E000DE46E0B504000D009246994683B08B428B
:1004F00030D82DD04946504600F0EEFF29000600C6
:10050000200000F0E9FF331A9846203B34D49B4684
:1005100053465A46934042461F00534693401E009E
:10052000AF423BD8AF4200D179E05B46A41BBD414E
:10053000002B00DA76E000220023009201930123D1
:100540005A4693400193012342469340009329E089
:100550008242CFD900220023009201930C9B002BF2
:1005600001D01C605D600098019903B0F0BCBB46EF
:10057000B246A946A046F0BD42469B4620239B1AA0
:100580005246DA40414613004A468A401700424626
:100590001F43534693401E00AF42C3D9002200239D
:1005A000009201934346002BD8D0FB0772081A43F0
:1005B00046467B080EE0AB4201D1A2420CD8A41AF9
:1005C0009D41012024196D410021013E24184D4117
:1005D000002E06D0AB42EED9013E24196D41002E0B
:1005E000F8D1009801995B4600196941002B24DB82
:1005F0002B005A464446D3402A00E2401C005B468A
:100600001500002B2ADB26009E40330026004746BB
:10061000BE403200801A9941009001919EE7A342AA
:10062000BCD882E74246202300219B1A0022009179
:1006300001920122DA40019285E7424620239B1A6B
:100640002A0046469A402300F340444613432A00BA
:10065000E2401C005B461500002BD4DA42462F0016
:100660002023260097409B1ADE403B003343CDE712
:10067000F8B5CE46474643025A0A4E024500C40F1B
:10068000480091462D0E720A000E944680B59B09D3
:10069000C90FB6092A1A8C4221D0002A0DDD002884
:1006A0002DD1002E00D18DE0511E012A00D11DE177
:1006B000FF2A00D1ABE00A0027E0002A4DD0421B00
:1006C000002D00D0CCE0002B00D179E0541E012A8F
:1006D00000D128E1FF2A00D197E02200C5E0002ADE
:1006E00000DC96E000284FD0FF2D00D18FE0802164
:1006F000C9040E431B2A51DD2A00013318E0FF2DE7
:1007000000D184E08021C9040E4301211B2A08DCAA
:1007100031002020D140821A96403200501E824182
:1007200011435B1A5A0159D407212A00194049D0B4
:100730000F211940042900D00433590142D5501C1F
:10074000FE2A3AD09B01C0B25B0AC0051843E407F9
:100750002043C0BCB946B046F8BDFE2080466F1CA1
:1007600038004746074200D08EE0002D00D0B4E0AC
:10077000002B00D1DBE0002E6CD0981B450100D48B
:10078000F7E00C00F31A3DE0002E1BD0511E012AA9
:1007900000D182E0FF2A3AD00A00ABE731002020E6
:1007A000D140821A96403200501E82410A439B1863
:1007B0005A01B9D56A1CFE2D75D1FF200023C4E76C
:1007C0000C003300DB08FF2A46D1002BF5D0802235
:1007D000D20313435B02FF205B0AB6E79F01BF0908
:1007E000380000F05BFE05388740854224DC3B0082
:1007F0002021421B0132D3408A1A97407A1E97412A
:1008000000223B43590793D197E70C003300DB08E4
:10081000DBE7002A14D0421B002D4BD1002BD0D097
:10082000511E012A00D19EE0FF2AEFD00A001B2AA8
:100830005FDD0200731C7BE7504B2A1A3B40E1E767
:10084000FE216A1C11423BD1002D5DD1002B7FD0CF
:10085000002E7FD10022DB085B025B0AD0B274E776
:10086000FF28D2D08024E404234301241B2A07DC80
:100870001C002025D440AA1A93405A1E93411C43C1
:10088000331B05000C004DE79F1B7A0122D4002F7B
:10089000A6D100240020002357E79B19012501322F
:1008A000590100D440E70121354819405B08034055
:1008B0000B43A7E7FF28A9D08021C9040B43B6E763
:1008C000FF2A00D179E79B195B08590700D02FE771
:1008D000DB08C1E70C00F71A82E7002B2CD1002EB1
:1008E00093D180230024FF20DB032EE701259B1BEF
:1008F00018E719002025D140AA1A93405A1E9341A7
:100900000B4305009B1953E7002B00D17EE7002E17
:1009100000D17CE78022D203914502D3944500D2D6
:100920003300DB0853E70C00F31A0135FAE6002E1A
:10093000AFD00C0033008DE7002E00D167E7802296
:10094000D2039145EDD39445EBD20C003300E8E798
:1009500033007FE79B1900225901B9D5074A13409C
:10096000DB08012278E79B190132013559019AD43D
:10097000DAE6031E8DD0DB086EE7C046FFFFFFFB03
:10098000FFFFFF7DF0B54F464646D6464402C0B550
:1009900047000E1C640A3F0EC50F002F3CD0FF2FEE
:1009A00042D00023802299469A46E400D2041443A0
:1009B0007F3F73025B0A984673001B0EF60F002BF5
:1009C0001BD0FF2B13D042468021D200C904114313
:1009D000884600207F3B2900FF1A4B467140C9B270
:1009E0000F2B00D9B5E0744A9B00D3589F4643466D
:1009F000002B3FD1FF3F023303E04346002B2DD1B4
:100A0000012329004A467140C9B21A430E2A38D838
:100A10006A48920082589746002C13D104239946C5
:100A2000033B00279A46C4E7002C05D108239946CA
:100A3000063BFF279A46BCE70C239946093BFF2754
:100A40009A46B6E7200000F029FD7627431F9C4018
:100A500000237F4299469A463F1AAAE7404600F093
:100A60001DFD4246431F9A4076235B421B1A904667
:100A70000020B0E703234A461A4391460320FC3383
:100A8000A9E70D00FF200022C005ED071043284311
:100A9000E0BCBA46B146A846F0BD0D0000200022D9
:100AA000F2E75346022BEDD0032B33D0A046012BA7
:100AB00005D100200022E7E7350003287AD03B006B
:100AC0007F33002B2DDD4246520707D00F224146CF
:100AD0000A40042A02D004229446E044424612010D
:100AE00005D54246364B1A403B0090468033FE2BDC
:100AF000C8DC42469201520AD8B2C5E780220025DE
:100B0000FF20D203C0E78022D203144202D0434622
:100B1000134249D08022D20322435202FF20520ABC
:100B2000B2E70122D31A1B2BC3DC4246DA4043460C
:100B30009E37BB40591E8B411A43530704D00F23E5
:100B40001340042B00D00432530129D50120002288
:100B50009AE7424663015501AB4215D21B200022A1
:100B6000013F01261C0052005B00002C01DB9D426E
:100B700001D85B1B324301380028F3D1581E834152
:100B8000134398460D009AE71A2001225B1BE8E701
:100B9000023B5A4253415B4235000022D8B273E710
:100BA00092010020520A6FE71A4352023500FF20DB
:100BB000520A69E74446ADE734F0010874F00108D1
:100BC000FFFFFFF770B542004E024C0045026D0A70
:100BD000120EC30F760A240EC90FFF2A10D0FF2C65
:100BE0000CD00120A2420AD1B54208D18B420FD0CD
:100BF000002A04D12800431E984100E0012070BD66
:100C00000120FF2CFBD13543F9D14B401800F6E70A
:100C10000020F4E730B5420044024D02C30F480003
:100C2000640A120E6D0A000EC90FFF2A19D0FF28A0
:100C30000BD0002A1ED100280BD1002D27D0002C6C
:100C400034D100292FD0080030BD002D28D1002A32
:100C500001D1002CF5D08B4207D1002B23D01800F6
:100C6000F2E7002C1CD1FF2814D0581E0223184094
:100C70000138E9E70028F8D08B42F6D18242F4DC53
:100C8000EBDBAC42F1D80020AC42DDD2E5E7002C32
:100C9000DAD0EAE7002D03D18B42E6D10020D3E77A
:100CA00002204042D0E701204042CDE78B42E8D00D
:100CB000DBE7C04630B5420044024D02C30F480096
:100CC000640A120E6D0A000EC90FFF2A1AD0FF28FF
:100CD0000ED0002A1ED100280ED1002D2AD0002CC3
:100CE0000CD08B421DD0581E02231840013810E052
:100CF000002D0DD1002A20D1002C1ED1002923D097
:100D0000080006E0002C03D1FF28ECD1002D17D0FD
:100D1000022030BD0028E6D08B42E4D18242E2DCE2
:100D200004DBAC42DFD80020AC42F2D2002B0BD067
:100D30001800EEE7002CECD0D5E78B42D3D1F5E7D5
:100D400000208B42E5D0CEE701204042E1E7C046DB
:100D5000F0B54F464646D64643025B0A4500C0B54D
:100D600099460F1C2D0EC60F002D00D188E0FF2DD7
:100D700000D18DE08022DB00D2041A43002391468B
:100D800098469A467F3D7C027B00640A1B0EFF0F4B
:100D9000002B68D0FF2B21D08022E400D204144322
:100DA00042467F3B5B1900215D1C0A2A2EDC7E40F7
:100DB0004246022A23DC013A012A00D9BDE0022979
:100DC0006ED001292CD100200022C005F607104367
:100DD0003043E0BCBA46B146A846F0BD2B00FF3315
:100DE000002C65D00322414611433200013588466C
:100DF0007A40FF350A2900DDD8E01600032140467D
:100E000001228240A620C000024220D05346022B7D
:100E100046D0032B00D1BBE051464C460129D2D02D
:100E20002B007F33002B70DD620704D00F2222409D
:100E3000042A00D00434220103D5634B1C402B004C
:100E40008033FE2B2CDCA201520AD8B2BDE79020E1
:100E50008000024227D1B938FF3810426DD03E00E1
:100E6000A1468A46D2E7002C41D1012342461A43CB
:100E700090462B00424601215D1C0A2A97DDC5E7FA
:100E8000002B26D104239846033B00259A467AE797
:100E9000002B18D108239846063BFF259A4672E797
:100EA000FF20002291E780220026FF20D2038CE75A
:100EB00041460222013511438846FF350A29A5DC47
:100EC00002217E4074E70C239846093BFF259A4691
:100ED00059E7180000F0E2FA4A46431F76259A4087
:100EE00000236D42914698469A462D1A4BE7200002
:100EF00000F0D4FA4246431F9C402B1A763B002157
:100F00005D1C0A2A00DC52E780E70122D31A1B2B62
:100F100000DD58E79E352200AC40DA40631E9C415C
:100F20002243530704D00F231340042B00D0043274
:100F3000530137D50120002247E7210C4A462404FB
:100F4000240C2700100C1204120C4443574348434E
:100F500051433A0C09195218944203D9802149028D
:100F60008C4660443F0411043F0CC9198C01671E74
:100F7000BC41120C890E12180C4392011443120149
:100F80000ED5012362081C40144349E73E00A146E8
:100F900080224B46D2031A435202FF20520A14E722
:100FA0001D003DE792010020520A0EE70F29EDD106
:100FB00080224B46D2031342EAD01442E8D13E00CD
:100FC000FF20224301E7C046FFFFFFF7F8B5474681
:100FD000CE464E0243024500720AC40F480080B557
:100FE00094465F0A2D0E9B09000EC90FB609FF2813
:100FF00024D0012251402A1A8C420FD0002A00DC52
:101000006AE1002835D1002E00D1A2E0511E012A4C
:1010100000D124E1FF2A21D00A002FE0002A00DCC1
:1010200067E100285ED0FF2D18D08021C9040E434F
:101030001B2A00DC76E02A00013332E02A00FF3A66
:101040009146002E42D08C4255D04A46002A00D10B
:101050009CE0002D00D177E00C003300DB08002B72
:1010600000D16EE08022D20313435B02FF205B0AB3
:1010700024E0FF2DF2D08021C9040E4301211B2A58
:1010800008DC31002020D140821A96403200501EE8
:10109000824111435B1A5A0160D407212A0019408A
:1010A00057D00F211940042900D00433590150D5DD
:1010B000501CFE2A45D09B01C0B25B0AC0051843F4
:1010C000E4072043C0BCB946B046F8BD01225140F8
:1010D0008C42BAD14A46002A10D0002D00D198E0A7
:1010E0000023BBE7002E34D0511E012A6ED0FF2A08
:1010F000B4D00A009CE7002A00D088E0FE206A1CD9
:10110000104200D092E0002D00D0A4E0002B00D1CE
:10111000CBE0002E00D0CAE00022DB085B025B0AB5
:10112000D0B2CBE731002020D140821A9640320065
:10113000501E82410A439B185A01AED56A1CFE2DEF
:101140004AD1FF200023B9E7FF22002B4BD10C002E
:101150003300DB08FF2A00D181E7DFE79F01BF09E9
:10116000380000F09BF905388740854221DC3B00C0
:101170002021421B0132D3408A1A97407A1E9741A0
:1011800000223B43590700D08BE78FE7FE206A1C03
:10119000104212D1002D52D1002B7CD0002EBBD09A
:1011A0009A1B500100D48BE001240022F31A0C405A
:1011B000E8E7564B2A1A3B40E4E79F1B7A0146D4E6
:1011C000002FCDD100240020002377E79B190125B3
:1011D0000132590100D460E701214D4819405B08F4
:1011E00003400B43CEE7571E012A5AD00C00FF2ABA
:1011F00033D001221B2F07DC2021C91B1A008B4092
:10120000FA40591E8B411A430500B31A43E7002DDB
:1012100023D1FF22002B9BD0511E012AD6D0FF2ABA
:101220001BD01B292CDD0200731C3AE7FF2A88D053
:101230009B195B08590700D033E7DB086EE7002BEA
:1012400010D1002E43D0012433000C4006E70124C6
:10125000F71A0C4084E7002B04D13300FEE6012589
:101260009B1B18E7002E00D1F8E68022D20397429C
:1012700004D3944502D2012433000C40DB08F1E68C
:101280001A002025CA40691A8B40591E8B4113430E
:1012900005009B1950E7002E94D0012433000C4028
:1012A0003AE70C000125F31AF5E6330034E79B1901
:1012B00000225901C1D5154A1340DB0801222DE750
:1012C000002A00D17EE713000022DB0826E78023F6
:1012D0000024FF20DB03F1E6002A00D156E7471B7C
:1012E0003A00002D00D130E78022D2040C001343D5
:1012F0007FE7002A00D101E7411B002D01D10A0040
:1013000088E78022D20413438BE7C046FFFFFFFB30
:10131000FFFFFF7D43024A02400049005B0A520A78
:10132000090E000EFF2806D00020FF2902D1531E0F
:101330009A4110007047FE38002BFBD1F4E7C046FD
:1013400041024200C30F490A0020120E7E2A03DD2B
:101350009D2A02DD094A9818704780200004014345
:10136000952A07DC9620821AD1404842002BF3D1FF
:101370000800F1E7963A9140F7E7C046FFFFFF7F8C
:1013800070B5002813D0C317C5185D40C40F2800DE
:1013900000F084F89E2301001B1A962B0FDC08280E
:1013A00034D008398D406D026D0AD8B202E00024B5
:1013B00000200025C0052843E407204370BD992B79
:1013C00016DC421F052800D095402A001148024033
:1013D0006E0709D00F263540042D05D00432550183
:1013E00002D59F2302405B1A9201550AD8B2E1E769
:1013F0000522121A2800D040020008001B30854048
:101400002800451EA84102431500DEE76D02962024
:101410006D0ACFE7FFFFFFFB70B5041E0ED000F092
:101420003DF89E2301001B1A962B0CDC08282FD0B8
:1014300008398C406402640AD8B201E0002000241C
:10144000C005204370BD992B16DC421F052800D033
:101450009440220010480240650709D00F252C4017
:10146000042C05D00432540102D59F2302405B1A9C
:101470009201540AD8B2E3E7020020001B329040E8
:101480000200501E82410520401AC4401443E0E788
:1014900064029620640AD3E7FFFFFFFB1C210123AF
:1014A0001B04984201D3000C10391B0A984201D347
:1014B000000A08391B09984201D30009043902A225
:1014C000105C40187047C04604030202010101018C
:1014D000000000000000000010B5002903D1FFF754
:1014E000DDFF203002E00800FFF7D8FF10BDC04646
:1014F00003B47146490840004900095E49008E4422
:1015000003BC704780B500AFC046BD4680BD00003B
:1015100080B584B000AF78600A00BB1C1A800A2333
:10152000FB6002E0FB68013BFB60FB68002BF9D12C
:10153000BB1C1B88DB00064A944663445B681B0C9B
:101540009BB29B059B0D9BB21800BD4604B080BDAD
:101550000098004080B584B000AF78600A00BB1CE2
:101560001A800A23FB6002E0FB68013BFB60FB681A
:10157000002BF9D1BB1C1B88DB00064A9446634450
:101580001B681B0C9BB29B059B0D9BB21800BD46B4
:1015900004B080BD0098004080B584B000AF786092
:1015A0000A00BB1C1A800A23FB6002E0FB68013BB7
:1015B000FB60FB68002BF9D1BB1C1B88DB00064AD3
:1015C000944663445B681B0C9BB29B059B0D9BB2CE
:1015D0001800BD4604B080BD0098004090B587B0AB
:1015E00002AF78607B68002B01D10123EAE07B68C1
:1015F000764A9B5CDBB2002B08D17A68A5239B005E
:101600000021D1547B6818000CF0B8FB7B686F4A4E
:10161000032199547B681B68180001F029FD0F23F2
:10162000FB1800221A7049E00F203B181A787968DD
:1016300013009B009B18DB00CB18153301221A7096
:101640003B181A78796813009B009B18DB00CB18B5
:1016500014333A1812781A703B181A787968130004
:101660009B009B18DB00CB18173300221A703B1825
:101670001A78796813009B009B18DB00CB18243381
:1016800000221A603B181A78796813009B009B1897
:10169000DB00CB18283300221A603B181B787968CE
:1016A0005A1C13009B009B18DB00CB18043300224C
:1016B0001A603B181A783B1801321A707B681B7944
:1016C0000F217A1812789A42AED37B1800221A7032
:1016D00056E00F243B191A7878685623FF33190017
:1016E00013009B009B18DB00C3185B1800221A70C4
:1016F0003B191A787868AA23590013009B009B189D
:10170000DB00C3185B183A1912781A703B191A7863
:1017100078685823FF33190013009B009B18DB00E7
:10172000C3185B1800221A703B191A787868B22324
:10173000590013009B009B18DB00C3185B180022A4
:101740001A603B191A787868B423590013009B007B
:101750009B18DB00C3185B1800221A603B191A782B
:101760007868B623590013009B009B18DB00C31850
:101770005B1800221A603B191A783B1901321A7063
:101780007B681B790F22BA1812789A42A1D37B6822
:1017900018687B686A46197C117059689A68DB681A
:1017A00001F09FFC7B6800225A747B68074A012184
:1017B00099547B681B7B012B03D17B68180001F0D7
:1017C00021FC00231800BD4605B090BD9502000025
:1017D00080B582B000AF78607A68A5239B00D35CA7
:1017E000012B01D1022314E07A68A5239B0001217B
:1017F000D1547B681B68180001F026FC7B681B68CD
:10180000180003F0CCF87A68A5239B000021D1547E
:1018100000231800BD4602B080BD000080B584B032
:1018200000AF78607B681B68180003F0C8F80300FD
:10183000FB607C4AA023D3580422134000D1EDE082
:10184000FA6880231B02134004D07B68180000F064
:1018500037FBE4E0FA688023DB00134011D07B689B
:101860001B685A6C7B681B686F490A405A647B6826
:1018700018000CF046FB7B680021180000F0E4F82B
:10188000CDE0FA688023DB01134008D07B681B6839
:101890005A6C7B681B6865490A405A64BFE0FA6865
:1018A00080239B01134008D07B681B685A6C7B68BF
:1018B0001B685F490A405A64B1E0FA6880235B0103
:1018C00013402CD07B681B681A6C7B681B68042152
:1018D0008A431A647B681B681A6C7B681B68082142
:1018E0008A431A647A68B3239B00D35C012B09D125
:1018F0007A68B3239B000021D1547B680021180033
:101900000CF07EFD7B6818000CF03CFB7B681B68CC
:101910005A6C7B681B6847490A405A647FE0FA6842
:1019200080231B0113401CD07B681B681A6C7B68EA
:101930001B6808210A431A647B681B685A6C7B6821
:101940001B683D490A405A647B681B681A6C7B68B7
:101950001B6804210A431A647B6818000CF0F6FA2D
:101960005DE0FB688022134038D07B681B685A6CAE
:101970007B681B6831490A405A647A68B3239B002C
:10198000D35C002B25D17B681B681A6C7B681B68B5
:1019900004210A431A647B681B681A6C7B681B6805
:1019A00008210A431A647A68B3239B000121D154A9
:1019B0007B681B685B6D9B083C22134019007A68AA
:1019C000B4239B00D1507B68012118000CF018FD56
:1019D00025E07B6818000CF0B9FA20E0FA68802353
:1019E0009B0013400CD07B681B685A6C7B681B689B
:1019F00013490A405A647B6818000CF073FA0EE031
:101A0000FA6880235B00134009D07B681B685A6C1E
:101A10007B681B680B490A405A6400E0C046BD461B
:101A200004B080BD00000140FFFB0000FFBF0000CC
:101A3000FFDF0000FFEF0000FFF700007FFF000066
:101A4000FFFD0000FFFE000080B582B000AF7860AF
:101A50000A00FB1C1A707A68A5239B00D35C012B3B
:101A600001D1022316E07A68A5239B000121D154FD
:101A70007B68FA1C12785A747B681A68FB1C1B7806
:101A80001900100002F078FF7A68A5239B0000215E
:101A9000D15400231800BD4602B080BD90B585B07A
:101AA00000AF78600C0010001900FB1C221C1A709B
:101AB0003B00021C1A80BB1C0A1C1A700B23FB186B
:101AC00000221A70FB1C1B785BB2002B10DAFB1C87
:101AD0001B7807221A4013009B009B18DB00103371
:101AE0007A68D3180433FB60FB6801225A7010E057
:101AF000FB1C1B7807221A4013009B009B18DB007D
:101B00005133FF337A68D3180433FB60FB6800223B
:101B10005A70FB1C1B7807221340DAB2FB681A705C
:101B20003B001B885B055A0DFB681A61FB68BA1CF9
:101B30001278DA70BB1C1B78022B02D1FB680022E2
:101B40001A717A68A5239B00D35C012B01D1022373
:101B500013E07A68A5239B000121D1547B681B68A0
:101B6000FA681100180001F0E7FA7A68A5239B00D3
:101B70000021D1540B23FB181B781800BD4605B07B
:101B800090BD80B584B000AF78600A00FB1C1A706D
:101B9000FB1C1B785BB2002B10DAFB1C1B780722A6
:101BA0001A4013009B009B18DB0010337A68D3188F
:101BB0000433FB60FB6801225A7010E0FB1C1B78A9
:101BC00007221A4013009B009B18DB005133FF33A0
:101BD0007A68D3180433FB60FB6800225A70FB1C40
:101BE0001B7807221340DAB2FB681A707A68A523C3
:101BF0009B00D35C012B01D1022311E07A68A5235D
:101C00009B000121D1547B681B68FA681100180001
:101C100001F0F8FE7A68A5239B000021D15400232F
:101C20001800BD4604B080BD80B586B000AFF86036
:101C30007A603B600B203B180A1C1A7001007B186D
:101C40001B7807221A4013009B009B18DB005133BE
:101C5000FF33FA68D31804337B617B697A685A6171
:101C60007B693A689A617B690022DA617B690022AC
:101C70005A707B181B7807221340DAB27B691A70FE
:101C8000FB681B687A691100180002F021F8002334
:101C90001800BD4606B080BD80B582B000AF786048
:101CA0000A00FB1C1A70FB1C1B7807221A4078687C
:101CB000B823590013009B009B18DB00C3185B1866
:101CC0001B681800BD4602B080BD80B586B000AF6D
:101CD000F8607A603B600B203B180A1C1A703B18B6
:101CE0001B7807221A4013009B009B18DB0010335F
:101CF000FA68D31804337B617B697A685A617B691F
:101D00003A689A617B692422012199547B693A6877
:101D10001A627B690022DA617B6901225A703B18E2
:101D20001B7807221340DAB27B691A70FB681B68C4
:101D30007A691100180001F0CBFF00231800BD469E
:101D400006B080BD80B584B000AF78600A00FB1C8F
:101D50001A70FB1C1B78072213407A681279934291
:101D600001D9012348E0FB1C1B785BB2002B10DA81
:101D7000FB1C1B7807221A4013009B009B18DB00FA
:101D800010337A68D3180433FB60FB6801225A7061
:101D90000EE0FB1C1A7813009B009B18DB005133EC
:101DA000FF337A68D3180433FB60FB6800225A7053
:101DB000FB6801229A70FB1C1B7807221340DAB2E1
:101DC000FB681A707A68A5239B00D35C012B01D1B4
:101DD000022311E07A68A5239B000121D1547B687E
:101DE0001B68FA681100180002F0F8FC7A68A52355
:101DF0009B000021D15400231800BD4604B080BDD3
:101E000080B584B000AF78600A00FB1C1A70FB1C20
:101E10001B780F2213407A681279934201D901236B
:101E20004AE0FB1C1B785BB2002B10DAFB1C1B7812
:101E300007221A4013009B009B18DB0010337A68BE
:101E4000D3180433FB60FB6801225A7010E0FB1CBE
:101E50001B7807221A4013009B009B18DB005133AC
:101E6000FF337A68D3180433FB60FB6800225A7092
:101E7000FB6800229A70FB1C1B7807221340DAB221
:101E8000FB681A707A68A5239B00D35C012B01D1F3
:101E9000022311E07A68A5239B000121D1547B68BD
:101EA0001B68FA681100180002F0DAFC7A68A523B2
:101EB0009B000021D15400231800BD4604B080BD12
:101EC000B0B592B000AF786042E37B681B685A6C93
:101ED00026217B181A807B181B88DAB233203B1826
:101EE0000F210A401A703B181B78072B01D90123D8
:101EF00037E33323FB181B78002B00D00AE126239D
:101F0000FB181B881022134040D17B681B681B689C
:101F1000D34A1340FB607B681B68FA688021090282
:101F20000A431A607B6814337B647B6C1B78DB008C
:101F3000CC4A944663441B681B0C9B059A0D7B6C32
:101F4000DA617B6C5A697B6CDB69D2187B6C5A61F5
:101F50007B68002118000BF0A7FF7B685B7CDBB27D
:101F6000002B00D1F4E27B6C9B69002B00D0EFE2E8
:101F70007B685B7CDBB2802252421343DAB27B681F
:101F80001B68DA647B6800225A74E1E27B6855338F
:101F9000FF337B647B681B681A6842217B181A80B8
:101FA0007B181A8880231B0113405CD07B681A6859
:101FB0007B6C1B7819001000FFF7AAFA03001A00C7
:101FC0007B6CDA617B6CDB69082B2ED07B681B682D
:101FD0001B68A54A1340BB61BB6980225201534074
:101FE000BB617B681B68BA69A0490A431A607B68B9
:101FF0001B681B689E4A13407B617B69102253401B
:102000007B617B681B687A6998490A431A607B6820
:102010001B681B68974A13403B617B681B683A69E1
:1020200080210A431A6000239BE27B6818687B6862
:10203000A722920099187B6CDA887B6CDB699BB2D3
:1020400002F040FD7B681B681B688A4A1340FB61F5
:102050007B681B68FA6980210A431A607B68180054
:102060000BF0ECFE74E24223FB1800229B5E002B77
:1020700000DB6DE27B681B681B687E4A1340FB63D4
:102080007B681B68FA6B80210A431A607B681A68B8
:102090007B6C1B7819001000FFF73AFA03001A0056
:1020A0007B6CDA617B6CDB69002B16D17B681B686B
:1020B0001B686D4A13403B623B6A802252015340C9
:1020C0003B623B6A8022920153403B627B681B6803
:1020D0003A6A66490A431A603AE27B6C5B69002BF4
:1020E00000D135E27B6818687B6C59697B6CDA88B3
:1020F0007B6CDB699BB202F0E5FC7B6C5A697B6C04
:10210000DB69D2187B6C5A617B68002118000BF0E8
:10211000AAFE1DE27B681B681A0033217B181B781E
:102120009B00D3181A6842203B181A803B180022E3
:102130009B5E002B00DBE7E07B681B681A007B18C6
:102140001B789B00D3181B684A4A1340FB627B68CC
:102150001B681A0008007B181B789B00D318FA6ACA
:1021600080210A431A603B181A7813009B009B18C1
:10217000DB005133FF337A68D31804337B647B6C04
:102180001B7B002B1CD17B681A687B6C1B78342569
:102190007C1919001000FFF7BBF9030023802C0005
:1021A0003B191B88002B00D185E07B6818687B6C8D
:1021B00059697B6CDA883B191B8802F083FC7AE052
:1021C0007B6CDB78022B0CD13423FC184223FB18E8
:1021D0001A88796C7B68180000F0CCF90300238022
:1021E00069E07B681B681A007B6C1B789B00D31826
:1021F0001B68214A1340BB627B681B681A007B6C1A
:102200001B789B00D318BA6A1C490A431A607B6882
:102210001B681A007B6C1B789B00D3181A688023FC
:10222000DB0113402CD07B681A687B6C1B7834254B
:102230007C1919001000FFF78DF9030023802C0092
:102240003B191B88002B36D07B6818687B6C59695A
:102250007B6C1A893B191B8802F034FC2BE0C046CA
:102260000F8FFF07009800408FBFFF07808000009E
:10227000BF8FFF078F0FFF078F8FFF07C080000002
:102280007B681A687B6C1B7834257C191900100058
:10229000FFF782F9030023802C003B191B88002BD9
:1022A00009D07B6818687B6C59697B6C5A893B192B
:1022B0001B8802F007FC7B6CDA6934217B181B88D1
:1022C000D2187B6CDA617B6C9B69002B05D07B1884
:1022D0001A887B6C1B699A4207D27B6C1A787B68E0
:1022E000110018000BF0BFFD0EE07B6C5A6934231F
:1022F000FB181B88D2187B6C5A617B681B687A6C50
:102300001100180001F0E4FC42203B181B888022D9
:10231000134000D11CE133217B181A7813009B0075
:102320009B18DB0010337A68D31804337B647B6816
:102330001B681A007B181B789B00D3181B688B4AFC
:102340001340BB637B681B681A007B181B789B00DB
:10235000D318BA6B802109020A431A607B6CDB78C0
:10236000012B00D0A3E07B6C00229A617B6C1B7B6D
:10237000002B00D193E03B181B884022134047D02C
:102380007B6C5B78002B21D17B6C1B78DB00784A5F
:10239000944663441A687B6C1B78DB0074498C4656
:1023A0006344920192091A607B6C1B78DB00704ACF
:1023B000944663441A687B6C1B78DB006C498C463E
:1023C0006344802109060A431A6068E07B6C5B78ED
:1023D000012B64D17B6C1B78DB00654A9446634417
:1023E0001A687B6C1B78DB0061498C4663441204DD
:1023F000120C1A607B6C1B78DB005D4A9A187B6CB0
:102400001B78DB005A498C46634412681A6046E028
:102410007B6C5B78002B21D17B6C1B78DB00544AF2
:10242000944663445A687B6C1B78DB0050498C46A9
:102430006344920192095A607B6C1B78DB004C4A22
:10244000944663445A687B6C1B78DB0048498C4691
:102450006344802109060A435A6020E07B6C5B7864
:10246000012B1CD17B6C1B78DB00414A94466344F2
:102470005A687B6C1B78DB003D498C466344120430
:10248000120C5A607B6C1B78DB00394A9A187B6C03
:102490001B78DB0036498C46634452685A607B6C7B
:1024A0001A787B68110018000BF0FEFC50E0422304
:1024B000FB181A8880235B00134041D17B6C1B788A
:1024C000DB002B4A944663441B681B0C9AB23621EE
:1024D0007B189205920D1A807B6C9A697B181B8879
:1024E0009A4207D97B6C9A697B181B88D21A7B6C3D
:1024F0009A6102E07B6C00229A617B6C9B69002BE5
:1025000007D17B6C1A787B68110018000BF0CCFCAB
:102510001EE07B6C5A6936217B181B88D2187B6CB5
:102520005A617B6CDA697B181B88D2187B6CDA6184
:102530007B681B687A6C1100180001F0C9FB07E08A
:102540004223FB181A88796C7B68180000F0FCF8AD
:102550007B681B685A6C80231B02134000D0B4E4D4
:1025600000231800BD4612B0B0BDC0460F8FFF0754
:1025700000980040B0B58AB000AFF860B960BB1DEC
:102580001A80BB1D1A888023DB01134067D0FB68CB
:102590001A68BB681B781E257C1919001000FEF70D
:1025A000D9FF03002380BB689A697B191B889A4274
:1025B00007D3BB689A697B191B88D21ABB689A61DA
:1025C00002E0BB6800229A61BB689B69002B1AD1AC
:1025D000FB681B681A00BB681B789B00D3181B683C
:1025E000554A1340BB61BB69802292015340BB61D5
:1025F000FB681B681A00BB681B789B00D318BA697C
:102600004E490A431A60BB1D1B884022134015D057
:10261000FB681B681A00BB681B789B00D3181B68FB
:10262000474A13407B61FB681B681A00BB681B7834
:102630009B00D3187A6943490A431A601E243B1948
:102640001B88002B00D170E0FB681868BB685969D3
:10265000BB681A893B191B8802F034FA65E0FB68F5
:102660001A68BB681B781E257C1919001000FEF73C
:1026700093FF03002380BB689A697B191B889A42E9
:1026800007D3BB689A697B191B88D21ABB689A6109
:1026900002E0BB6800229A61BB689B69002B1AD1DB
:1026A000FB681B681A00BB681B789B00D3181B686B
:1026B000214A13407B627B6A8022920153407B62F5
:1026C000FB681B681A00BB681B789B00D3187A6AEA
:1026D0001A490A431A60BB1D1B884022134015D1BA
:1026E000FB681B681A00BB681B789B00D3181B682B
:1026F000134A13403B62FB681B681A00BB681B78D7
:102700009B00D3183A6A0F490A431A601E243B19EA
:102710001B88002B09D0FB681868BB685969BB6827
:102720005A893B191B8802F0CDF91E23FB181B8820
:102730001800BD460AB0B0BD8FBFFF078080000003
:102740008F8FFF07C0800000B0B590B000AFF86079
:10275000B960BB1D1A80BB1D1B884022134000D1ED
:10276000ECE1FB681A68BB681B781E257C19190010
:102770001000FEF7EFFE03002380BB689A697B1907
:102780001B889A4207D9BB689A697B191B88D21AA1
:10279000BB689A6102E0BB6800229A61BB689B69D2
:1027A000002B00D0D0E0BB685B78002B21D1BB6848
:1027B0001B78DB00DC4A944663441A68BB681B78CC
:1027C000DB00D9498C466344920192091A60BB68C8
:1027D0001B78DB00D44A944663441A68BB681B78B4
:1027E000DB00D1498C466344802109060A431A6004
:1027F00020E0BB685B78012B1CD1BB681B78DB0039
:10280000C94A944663441A68BB681B78DB00C64912
:102810008C4663441204120C1A60BB681B78DB0000
:10282000C14A9A18BB681B78DB00BF498C466344D9
:1028300012681A60BB685B78002B21D1BB681B78DB
:10284000DB00B94A944663445A68BB681B78DB00D6
:10285000B5498C466344920192095A60BB681B7863
:10286000DB00B14A944663445A68BB681B78DB00BE
:10287000AD498C466344802109060A435A6020E032
:10288000BB685B78012B1CD1BB681B78DB00A64AB8
:10289000944663445A68BB681B78DB00A2498C46A7
:1028A00063441204120C5A60BB681B78DB009E4A1A
:1028B0009A18BB681B78DB009B498C4663445268BE
:1028C0005A60BB68DB78022B19D1FB681B681A00C1
:1028D000BB681B789B00D3181B68944A1340FB63AA
:1028E000FB6B20225340FB63FB681B681A00BB682C
:1028F0001B789B00D318FA6B8D490A431A60BB689A
:102900001A78FB68110018000BF0CEFABB1D1A886C
:102910008023DB01134015D0FB681B681A00BB68DD
:102920001B789B00D3181B68824A1340BB63FB686B
:102930001B681A00BB681B789B00D318BA6B7E49D2
:102940000A431A60002303E3BB1D1A888023DB01BE
:10295000134015D0FB681B681A00BB681B789B00EE
:10296000D3181B68734A1340FB62FB681B681A008C
:10297000BB681B789B00D318FA6A6F490A431A6038
:10298000BB6824229B5C012B00D0C2E2BB685A6961
:102990001E217B181B88D218BB685A61BB68DA6994
:1029A0007B181B88D218BB68DA61BB681A6ABB68DF
:1029B0001B699A4209D3BB681B69BB62BB681A6A70
:1029C000BB6AD21ABB681A6216E0BB681B6A002B8E
:1029D00008D11E23FB181B88BB62BB682422002180
:1029E000995409E0BB68242200219954BB681B6AF2
:1029F000BB62BB6800221A62BB685B78002B62D1A5
:102A0000BB681B78DB00484A944663441A68BB687D
:102A10001B78DB0044498C466344920192091A609A
:102A2000BB6A002B11D1BB681B78DB003E4A944681
:102A300063441A68BB681B78DB003B498C466344DF
:102A4000802109060A431A6062E0BB6A3E2B1BD84C
:102A5000BB6A5B083B63BB6A0122134002D03B6B3D
:102A600001333B63BB681B78DB002F4A9446634409
:102A700019683B6B9A06BB681B78DB002A488446C2
:102A800063440A431A6043E0BB6A5B093B63BB6A69
:102A90001F22134002D13B6B013B3B63BB681B7899
:102AA000DB00214A944663441A683B6B9B061A4339
:102AB000BB681B78DB001C498C46634480210906F7
:102AC0000A431A6024E0BB685B78012B20D1BB6805
:102AD0001B78DB00144A944663441A68BB681B7871
:102AE000DB0011498C4663441204120C1A60BB6867
:102AF0001B78DB000C4A944663441968BB6A1A04CD
:102B0000BB681B78DB000848844663440A431A60AC
:102B1000FB681868BB685969BB681A89BB6A9BB2B5
:102B200001F05AFFF5E1C04600980040BF8FFF0753
:102B3000808000008F8FFF0780C00000FB681A684C
:102B4000BB681B781E257C1919001000FEF724FDB8
:102B500003002380BB689A697B191B889A4207D3BC
:102B6000BB689A697B191B88D21ABB689A6102E01C
:102B7000BB6800229A61BB689B69002B00D0D0E043
:102B8000BB685B78002B21D1BB681B78DB00C44A93
:102B9000944663441A68BB681B78DB00C0498C46C6
:102BA0006344920192091A60BB681B78DB00BC4A3F
:102BB000944663441A68BB681B78DB00B8498C46AE
:102BC0006344802109060A431A6020E0BB685B78F1
:102BD000012B1CD1BB681B78DB00B14A94466344CF
:102BE0001A68BB681B78DB00AD498C46634412044D
:102BF000120C1A60BB681B78DB00A94A9A18BB68E4
:102C00001B78DB00A6498C46634412681A60BB68D7
:102C10005B78002B21D1BB681B78DB00A04A94466F
:102C200063445A68BB681B78DB009D498C4663444B
:102C3000920192095A60BB681B78DB00984A94465F
:102C400063445A68BB681B78DB0095498C46634433
:102C5000802109060A435A6020E0BB685B78012B9B
:102C60001CD1BB681B78DB008D4A944663445A68CC
:102C7000BB681B78DB008A498C4663441204120C43
:102C80005A60BB681B78DB00854A9A18BB681B78C2
:102C9000DB0083498C46634452685A60BB68DB782A
:102CA000022B19D1FB681B681A00BB681B789B00BC
:102CB000D3181B687B4A13407B627B6A20225340F7
:102CC0007B62FB681B681A00BB681B789B00D318EB
:102CD0007A6A75490A431A60BB681A78FB68110062
:102CE00018000BF0E1F8BB1D1A888023DB011340AC
:102CF00015D1FB681B681A00BB681B789B00D318B2
:102D00001B686A4A13403B62FB681B681A00BB6879
:102D10001B789B00D3183A6A65490A431A6000235E
:102D200016E1BB1D1A888023DB01134015D1FB6817
:102D30001B681A00BB681B789B00D3181B685B4A92
:102D400013407B61FB681B681A00BB681B789B0003
:102D5000D3187A6956490A431A60BB6824229B5CDF
:102D6000012B00D0D5E0BB685A691E217B181B8857
:102D7000D218BB685A61BB68DA697B181B88D21805
:102D8000BB68DA61BB681A6ABB681B699A4209D3DF
:102D9000BB681B69BB62BB681A6ABB6AD21ABB6894
:102DA0001A6216E0BB681B6A002B08D11E23FB18B1
:102DB0001B88BB62BB6824220021995409E0BB68D0
:102DC0001B6ABB62BB6800221A62BB682422002116
:102DD0009954BB685B78002B6CD1BB681B78DB0017
:102DE0002F4A944663445A68BB681B78DB002C4921
:102DF0008C466344920192095A60BB6A002B11D140
:102E0000BB681B78DB00264A944663445A68BB685B
:102E10001B78DB0022498C466344802109060A4363
:102E20005A606CE0BB6A3E2B1BD8BB6A5B08BB6177
:102E3000BB6A0122134002D0BB690133BB61BB688E
:102E40001B78DB00164A944663445968BB699A06AE
:102E5000BB681B78DB001248844663440A435A600F
:102E60004DE0BB6A5B09BB61BB6A1F22134002D104
:102E7000BB69013BBB61BB681B78DB00084A944619
:102E800063445A68BB699B061A43BB681B78DB0026
:102E900003498C466344802109060A435A602EE0A8
:102EA00000980040BF8FFF07808000008F8FFF07D2
:102EB00080C00000BB685B78012B20D1BB681B7809
:102EC000DB00254A944663445A68BB681B78DB00E4
:102ED00021498C4663441204120C5A60BB681B786B
:102EE000DB001D4A944663445968BB6A1A04BB68F8
:102EF0001B78DB001848844663440A435A60FB6829
:102F00001868BB685969BB685A89BB6A9BB201F0F3
:102F100063FDFB681B681A00BB681B789B00D31815
:102F20001B680E4A13407B637B6B102253407B630C
:102F30007B6B202253407B63FB681B681A00BB68D5
:102F40001B789B00D3187A6B05490A431A6000234B
:102F50001800BD4610B0B0BD00980040BF8FFF07FD
:102F60008080000090B587B000AFF86008001100C5
:102F70007B600A243B19021C1A800823FB180A1CD8
:102F80001A8021007B181B88802213409BB2002BE3
:102F90000DD07B181B8807221A4013009B009B183A
:102FA000DB001033FA68D31804337B610CE00A238A
:102FB000FB181A8813009B009B18DB005133FF336A
:102FC000FA68D31804337B610823FB181B88002B95
:102FD00007D17B6900221A737B689AB27B69DA8019
:102FE0000BE07B6901221A737B689AB27B691A81B4
:102FF0007B681B0C9AB27B695A8100231800BD467E
:1030000007B090BD80B584B000AF78607B681B6866
:10301000FB607A68B5239B000121D1507A68B32305
:103020009B000021D154FB685B6D01221A43FB68B1
:103030005A65FB685B6D02221A43FB685A650023E0
:103040001800BD4604B080BD80B584B000AF786084
:103050007B6800225A64054BFB607B68FA681A643F
:1030600000231800BD4604B080BDC04680BF0000EC
:1030700080B584B000AF7860064BFB607B681B6C4A
:10308000FA68D2431A407B681A6400231800BD46D0
:1030900004B080BD80BF000080B582B000AF786012
:1030A0000A00FB1C1A70FB1C1B78002B06D17B68E6
:1030B0001B6C5B005A087B681A640DE0FB1C1B78D4
:1030C000012B07D17B681B6C802212061A437B6898
:1030D0001A6401E0012300E000231800BD4602B09D
:1030E00080BD84B0B0B584B000AF786004202024E7
:1030F0000019C0190160426083607B6801221A6474
:103100007B681B6C012293431A007B681A640F25AD
:103110007C197B6800211800FFF7BEFF03002370B5
:103120007B6800225A647B191B781800BD4604B0E6
:10313000B0BC08BC04B0184780B5A0B000AF786040
:1031400039607F23FB1800221A707A683B681B786D
:103150009B00D3181B68DC4A1340BB673B68DB78D5
:10316000032B0ED019DC022B1CD016DC002B02D056
:10317000012B0CD011E0BB6F802292001343BB6780
:1031800011E0BB6FC022D2001343BB670BE0BB6FE3
:103190008022D2001343BB6705E07F23FB18012286
:1031A0001A7000E0C0467A683B681B789B00D31811
:1031B000BA6FC6490A431A607A683B681B789B005D
:1031C000D3181B68C24A13403A6812781343BB668F
:1031D0007A683B681B789B00D318BA6EBB490A43D8
:1031E0001A603B681B7B002B00D055E13B685B7885
:1031F000002B6ED03B681B78DB00B64A94466344D4
:103200001A683B681B78DB00B2498C466344120C99
:1032100012041A603B681B78DB00AE4A9446634494
:1032200019683B68DB889B089BB29A003B681B7857
:10323000DB00A848844663440A431A607A683B6806
:103240001B789B00D3181B68BB61BB6940221340ED
:1032500011D07A683B681B789B00D3181B689C4A86
:1032600013407B617A683B681B789B00D3187A69AE
:1032700099490A431A603B68DB78012B16D07A68BB
:103280003B681B789B00D3181B68944A1340FB6073
:10329000FB6820225340FB607A683B681B789B00E8
:1032A000D318FA6889490A431A6096E37A683B683A
:1032B0001B789B00D3181B68884A13403B617A68CF
:1032C0003B681B789B00D3183A6980490A431A600F
:1032D00083E33B681B78DB007E4A944663445A686C
:1032E0003B681B78DB007B498C466344120C12045C
:1032F0005A603B681B78DB00764A94466344596801
:103300003B68DB889B089BB29A003B681B78DB001C
:103310007048844663440A435A603B681B78DB006C
:103320006C4A944663445A683B681B78DB006949E1
:103330008C466344920192095A603B681B69002BDA
:1033400011D13B681B78DB00624A944663445A689B
:103350003B681B78DB005F498C466344802109068B
:103360000A435A6041E03B681B693E2B1DD83B680D
:103370001B695B087B673B681B690122134002D015
:103380007B6F01337B673B681B78DB00514A9446B7
:10339000634459687B6F9A063B681B78DB004D4895
:1033A000844663440A435A601FE03B681B695B091B
:1033B0007B673B681B691F22134002D17B6F013B77
:1033C0007B673B681B78DB00424A944663445A683B
:1033D0007B6F9B061A433B681B78DB003D498C469C
:1033E0006344802109060A435A607A683B681B7867
:1033F0009B00D3181B68BB62BA6A8023DB011340B1
:1034000011D07A683B681B789B00D3181B68304A40
:1034100013407B627A683B681B789B00D3187A6AFA
:103420002F490A431A603B681B78002B1CD17A682D
:103430003B681B789B00D3181B682A4A1340FB612A
:10344000FB69802252015340FB61FB69802292019B
:103450005340FB617A683B681B789B00D318FA697C
:103460001A490A431A60B8E27A683B681B789B00E5
:10347000D3181B681B4A13403B623B6A80229201AF
:1034800053403B627A683B681B789B00D3183A6ACA
:103490000E490A431A60A0E23B68DB78022B25D173
:1034A0007A683B681B789B00D3181B68084A134056
:1034B0003B667A683B681B789B00D3183A6E0A49D2
:1034C0000A431A6024E0C0468F89FF07808000000D
:1034D0008F8FFF0700980040C0800000BF8FFF075C
:1034E00080C000008FBFFF07808100007A683B68C2
:1034F0001B789B00D3181B68CA4A13407B667A6806
:103500003B681B789B00D3187A6EC7490A431A6040
:103510003B681B78DB00C54A944663441A683B68E5
:103520001B78DB00C1498C466344120C12041A60FC
:103530003B681B78DB00BD4A9446634419683B68CE
:103540001B899B089BB29A003B681B78DB00B7483D
:10355000844663440A431A603B681B78DB00B34A25
:10356000944663445A683B681B78DB00AF498C463D
:103570006344120C12045A603B681B78DB00AB4AB0
:103580009446634459683B685B899B089BB29A00E8
:103590003B681B78DB00A548844663440A435A60B5
:1035A0003B685B78002B00D09DE17A683B681B7814
:1035B0009B00D3181B683B643A6C8023DB011340EB
:1035C00011D07A683B681B789B00D3181B68984A17
:1035D0001340FB637A683B681B789B00D318FA6B37
:1035E00094490A431A607A683B681B789B00D31899
:1035F0001B68BB63BB6B4022134011D07A683B68E9
:103600001B789B00D3181B68894A13407B637A6838
:103610003B681B789B00D3187A6B87490A431A6072
:103620003B685B78002B68D13B681B78DB007F4AE6
:10363000944663441A683B681B78DB007B498C46E0
:103640006344920192091A603B681B69002B11D1F7
:103650003B681B78DB00754A944663441A683B68F4
:103660001B78DB0071498C466344802109060A43BC
:103670001A6068E03B681B693E2B1DD83B681B69DC
:103680005B083B673B681B690122134002D03B6F1C
:1036900001333B673B681B78DB00644A9446634414
:1036A00019683B6F9A063B681B78DB005F488446CD
:1036B00063440A431A6046E03B681B695B093B6749
:1036C0003B681B691F22134002D13B6F013B3B67E4
:1036D0003B681B78DB00554A944663441A683B6F8D
:1036E0009B061A433B681B78DB0050498C466344B9
:1036F000802109060A431A6025E03B685B78012BAC
:1037000021D13B681B78DB00484A944663441A6821
:103710003B681B78DB0045498C4663441204120C5D
:103720001A603B681B78DB00404A94466344196882
:103730003B681B691A043B681B78DB003B488446E6
:1037400063440A431A603B685B78002B00D075E045
:103750003B681B78DB00354A944663445A683B68F3
:103760001B78DB0031498C466344920192095A6010
:103770003B681B69002B11D13B681B78DB002B4A8F
:10378000944663445A683B681B78DB0027498C46A3
:103790006344802109060A435A6075E03B681B694F
:1037A0003E2B1DD83B681B695B08FB663B681B69A9
:1037B0000122134002D0FB6E0133FB663B681B788D
:1037C000DB001A4A944663445968FB6E9A063B68CC
:1037D0001B78DB001548844663440A435A6053E073
:1037E0003B681B695B09FB663B681B691F22134032
:1037F00002D1FB6E013BFB663B681B78DB000B4A8A
:10380000944663445A68FB6E9B061A433B681B78D8
:10381000DB0006498C466344802109060A435A604E
:1038200032E0C0468F8EFF07808000000098004085
:103830008F8FFF0780C00000C08000003B685B786E
:10384000012B21D13B681B78DB00674A9446634417
:103850005A683B681B78DB0063498C46634412045A
:10386000120C5A603B681B78DB005F4A9446634445
:1038700059683B681B691A043B681B78DB005A488F
:10388000844663440A435A607A683B681B789B000D
:10389000D3181B68554A13403B633B6B802252018F
:1038A00053403B633B6B8022920153403B637A68F9
:1038B0003B681B789B00D3183A6B4D490A431A604A
:1038C0007A683B681B789B00D3181B68494A1340F1
:1038D000FB627A683B681B789B00D318FA6A4449FC
:1038E0000A431A6079E07A683B681B789B00D3181A
:1038F0001B68FB65FA6D8023DB01134011D07A68E9
:103900003B681B789B00D3181B683B4A1340BB6580
:103910007A683B681B789B00D318BA6D37490A4315
:103920001A607A683B681B789B00D3181B687B651C
:103930007B6D4022134011D07A683B681B789B0056
:10394000D3181B682C4A13403B657A683B681B7888
:103950009B00D3183A6D2A490A431A603B68DB780A
:10396000012B16D07A683B681B789B00D3181B6824
:10397000204A1340BB64BB6C20225340BB647A686E
:103980003B681B789B00D318BA6C19490A431A602C
:1039900011E07A683B681B789B00D3181B68154AB6
:1039A0001340FB647A683B681B789B00D318FA6C61
:1039B0000F490A431A607A683B681B789B00D3184A
:1039C0001B680A4A13407B647A683B681B789B003B
:1039D000D3187A6C06490A431A607F23FB181B78B8
:1039E0001800BD4620B080BD009800408FBFFF0783
:1039F00080800000BF8FFF078F8FFF0780C000000F
:103A0000C080000080B596B000AF786039603B6838
:103A10001B7B002B64D13B685B78002B2FD07A682E
:103A20003B681B789B00D3181B683B613B694022B5
:103A3000134011D07A683B681B789B00D3181B6831
:103A40009D4A1340FB607A683B681B789B00D31843
:103A5000FA689A490A431A607A683B681B789B00A7
:103A6000D3181B68964A1340BB607A683B681B7882
:103A70009B00D318BA6893490A431A6017E17A6821
:103A80003B681B789B00D3181B68FB61FA69802395
:103A9000DB01134011D07A683B681B789B00D31878
:103AA0001B68854A1340BB617A683B681B789B00A2
:103AB000D318BA6984490A431A607A683B681B784C
:103AC0009B00D3181B68814A13407B617A683B686E
:103AD0001B789B00D3187A697A490A431A60E6E09A
:103AE0003B685B78002B71D17A683B681B789B0040
:103AF000D3181B68BB63BA6B8023DB01134011D062
:103B00007A683B681B789B00D3181B686A4A13408D
:103B10007B637A683B681B789B00D3187A6B6A4991
:103B20000A431A607A683B681B789B00D3181B68AD
:103B30003B633B6B4022134011D07A683B681B7893
:103B40009B00D3181B685C4A1340FB627A683B6891
:103B50001B789B00D318FA6A58490A431A607A689E
:103B60003B681B789B00D3181B68534A1340BB6209
:103B70007A683B681B789B00D318BA6A4F490A439E
:103B80001A607A683B681B789B00D3181B684F4A01
:103B900013407B627A683B681B789B00D3187A6A73
:103BA00048490A431A607A683B681B789B00D3181F
:103BB0001B68434A13403B627A683B681B789B0052
:103BC000D3183A6A3F490A431A6070E07A683B6842
:103BD0001B789B00D3181B687B657A6D8023DB0103
:103BE000134011D07A683B681B789B00D3181B6880
:103BF000314A13403B657A683B681B789B00D318B9
:103C00003A6D31490A431A607A683B681B789B0019
:103C1000D3181B68FB64FB6C4022134011D07A68F8
:103C20003B681B789B00D3181B68234A1340BB6476
:103C30007A683B681B789B00D318BA6C1F490A430B
:103C40001A607A683B681B789B00D3181B681A4A75
:103C500013407B647A683B681B789B00D3187A6CAE
:103C600019490A431A607A683B681B789B00D3188D
:103C70001B68134A13403B647A683B681B789B00BF
:103C8000D3183A6C0F490A431A607A683B681B786C
:103C90009B00D3181B680D4A1340FB637A683B688E
:103CA0001B789B00D318FA6B06490A431A6000235D
:103CB0001800BD4616B080BD8F8FFF07C080000082
:103CC000BF8FFF078080000080C000008FBFFF070C
:103CD00090B593B000AF786039603B685B78012B9A
:103CE00001D000F0C1FC3B689A693B681B699A42AD
:103CF00003D93B681B697B6402E03B689B697B647A
:103D00003B681B7B002B2BD13B6859693B68DA88E9
:103D10007B6C9BB2786800F05FFE3B681B78DB0031
:103D2000E34A944663441A683B681B78DB00E04929
:103D30008C4663441204120C1A603B681B78DB004B
:103D4000DB4A9446634419687B6C1A043B681B7811
:103D5000DB00D748844663440A431A6000F069FCDC
:103D60003B68DB78022B00D015E33B681A6A3B689E
:103D70001B699A4200D8C8E27A683B681B789B00AE
:103D8000D3181B68CB4A1340FB607A683B681B78EA
:103D90009B00D318FA68C8490A431A603B681A6A3C
:103DA0007B6CD21A3B681A627A683B681B789B006E
:103DB000D3181B684022134000D14FE13B685B7869
:103DC000002B62D13B681B78DB00B94A9446634400
:103DD0005A683B681B78DB00B5498C466344920106
:103DE00092095A607B6C002B11D13B681B78DB0079
:103DF000AF4A944663445A683B681B78DB00AC4981
:103E00008C466344802109060A435A6062E07B6C59
:103E10003E2B1BD87B6C5B083B647B6C0122134000
:103E200002D03B6C01333B643B681B78DB00A04A4B
:103E30009446634459683B6C9A063B681B78DB00E8
:103E40009B48844663440A435A6043E07B6C5B09A9
:103E50003B647B6C1F22134002D13B6C013B3B64F3
:103E60003B681B78DB00924A944663445A683B6C7B
:103E70009B061A433B681B78DB008D498C466344E4
:103E8000802109060A435A6024E03B685B78012BD5
:103E900020D13B681B78DB00854A944663445A680E
:103EA0003B681B78DB0082498C4663441204120C89
:103EB0005A603B681B78DB007D4A9446634459682E
:103EC0007B6C1A043B681B78DB00794884466344AA
:103ED0000A435A6016203B183A6852891A803B6898
:103EE00059697B6C9CB23B181A887868230000F0F3
:103EF00073FD3B685A697B6CD2183B685A613B681A
:103F00001A6A3B681B699A4206D93B681A6A7B6C3D
:103F1000D21A3B681A6205E03B681B6A7B643B6807
:103F200000221A623B685B78002B62D13B681B78E9
:103F3000DB005F4A944663441A683B681B78DB00E9
:103F40005B498C466344920192091A607B6C002B9A
:103F500011D13B681B78DB00554A944663441A68CC
:103F60003B681B78DB0052498C466344802109067C
:103F70000A431A6062E07B6C3E2B1BD87B6C5B08AB
:103F8000FB637B6C0122134002D0FB6B0133FB63AC
:103F90003B681B78DB00464A944663441968FB6B18
:103FA0009A063B681B78DB004148844663440A4319
:103FB0001A6043E07B6C5B09FB637B6C1F22134040
:103FC00002D1FB6B013BFB633B681B78DB00384A8B
:103FD000944663441A68FB6B9B061A433B681B7844
:103FE000DB0033498C466344802109060A431A608A
:103FF00024E03B685B78012B20D13B681B78DB0019
:104000002B4A944663441A683B681B78DB002849B6
:104010008C4663441204120C1A603B681B78DB0068
:10402000234A9446634419687B6C1A043B681B78E6
:10403000DB001F48844663440A431A6016203B187D
:104040003A6812891A803B6859697B6C9CB23B18AC
:104050001A887868230000F0BFFCEAE23B685B78CE
:10406000002B69D13B681B78DB00114A94466344FE
:104070001A683B681B78DB000D498C46634492014B
:1040800092091A607B6C002B18D13B681B78DB000F
:10409000074A944663441A683B681B78DB0004496E
:1040A0008C466344802109060A431A6069E0C046D1
:1040B000009800408F8FFF07808100007B6C3E2BB3
:1040C0001BD87B6C5B08BB637B6C0122134002D066
:1040D000BB6B0133BB633B681B78DB00DA4A944659
:1040E00063441968BB6B9A063B681B78DB00D648B3
:1040F000844663440A431A6043E07B6C5B09BB63FC
:104100007B6C1F22134002D1BB6B013BBB633B683E
:104110001B78DB00CC4A944663441A68BB6B9B0651
:104120001A433B681B78DB00C7498C4663448021F7
:1041300009060A431A6024E03B685B78012B20D112
:104140003B681B78DB00C04A944663441A683B68AE
:104150001B78DB00BC498C4663441204120C1A60C5
:104160003B681B78DB00B84A9446634419687B6C53
:104170001A043B681B78DB00B348844663440A4357
:104180001A6016203B183A6812891A803B685969F0
:104190007B6C9CB23B181A887868230000F01CFCEA
:1041A0003B685A697B6CD2183B685A613B681A6A53
:1041B0003B681B699A4206D93B681A6A7B6CD21A23
:1041C0003B681A6205E03B681B6A7B643B6800221F
:1041D0001A623B685B78002B62D13B681B78DB007E
:1041E000994A944663445A683B681B78DB009649B9
:1041F0008C466344920192095A607B6C002B11D16A
:104200003B681B78DB00904A944663445A683B68DD
:104210001B78DB008C498C466344802109060A43E5
:104220005A6062E07B6C3E2B1BD87B6C5B087B6327
:104230007B6C0122134002D07B6B01337B633B68B4
:104240001B78DB00804A9446634459687B6B9A066E
:104250003B681B78DB007C48844663440A435A6011
:1042600043E07B6C5B097B637B6C1F22134002D1B4
:104270007B6B013B7B633B681B78DB00724A944697
:1042800063445A687B6B9B061A433B681B78DB00D0
:104290006D498C466344802109060A435A6024E034
:1042A0003B685B78012B20D13B681B78DB00664ABA
:1042B000944663445A683B681B78DB0062498C462D
:1042C00063441204120C5A603B681B78DB005E4AA0
:1042D0009446634459687B6C1A043B681B78DB0086
:1042E0005948844663440A435A6016203B183A688A
:1042F00052891A803B6859697B6C9CB23B181A88BA
:104300007868230000F068FB93E13B681B6A7B64DC
:104310007A683B681B789B00D3181B684B4A134094
:104320003B617A683B681B789B00D3183A6948491F
:104330000A431A603B681B78DB00434A9446634497
:104340001A683B681B78DB003F498C4663441204C3
:10435000120C1A603B681B78DB003B4A94466344AE
:1043600019687B6C1A043B681B78DB00364884466E
:1043700063440A431A6016203B183A6812891A806F
:104380003B6859697B6C9CB23B181A88786823009B
:1043900000F022FB4DE13B681A6A7B6CD21A3B6845
:1043A0001A627A683B681B789B00D3181B6840220E
:1043B000134000D1A2E03B685B78002B69D13B68D9
:1043C0001B78DB00204A944663445A683B681B789C
:1043D000DB001D498C466344920192095A607B6C54
:1043E000002B11D13B681B78DB00174A94466344CD
:1043F0005A683B681B78DB0013498C466344802174
:1044000009060A435A6069E07B6C3E2B22D87B6C1C
:104410005B083B637B6C0122134002D03B6B013392
:104420003B633B681B78DB00074A9446634459684A
:104430003B6B9A063B681B78DB0003488446634469
:104440000A435A604AE0C046009800408F8EFF073A
:10445000808000007B6C5B093B637B6C1F221340F8
:1044600002D13B6B013B3B633B681B78DB00D34ACB
:10447000944663445A683B6B9B061A433B681B781F
:10448000DB00CE498C466344802109060A435A600A
:1044900024E03B685B78012B20D13B681B78DB0074
:1044A000C64A944663445A683B681B78DB00C3499C
:1044B0008C4663441204120C5A603B681B78DB0084
:1044C000BE4A9446634459687B6C1A043B681B7867
:1044D000DB00BA48844663440A435A6016203B18FE
:1044E0003A6852891A803B6859697B6C9CB23B18C8
:1044F0001A887868230000F06FFA9AE03B685B78CE
:10450000002B62D13B681B78DB00AC4A94466344C5
:104510001A683B681B78DB00A8498C46634492010B
:1045200092091A607B6C002B11D13B681B78DB0071
:10453000A24A944663441A683B681B78DB009F4993
:104540008C466344802109060A431A6062E07B6C52
:104550003E2B1BD87B6C5B08FB627B6C01221340FB
:1045600002D0FB6A0133FB623B681B78DB00934A95
:10457000944663441968FB6A9A063B681B78DB0023
:104580008E48844663440A431A6043E07B6C5B09AF
:10459000FB627B6C1F22134002D1FB6A013BFB6272
:1045A0003B681B78DB00854A944663441A68FB6AC3
:1045B0009B061A433B681B78DB0080498C466344AA
:1045C000802109060A431A6024E03B685B78012BCE
:1045D00020D13B681B78DB00784A944663441A6814
:1045E0003B681B78DB0075498C4663441204120C4F
:1045F0001A603B681B78DB00704A94466344196874
:104600007B6C1A043B681B78DB006C48844663446F
:104610000A431A6016203B183A6812891A803B68D0
:1046200059697B6C9CB23B181A887868230000F0AB
:10463000D3F97A683B681B789B00D3181B68604AE3
:104640001340BB60BB6810225340BB60BB68202294
:104650005340BB607A683B681B789B00D318BA68EC
:1046600058490A431A60A3E03B681B7B002B3ED1EC
:104670003B689B69002B16D13B68DB78002B12D17D
:104680007A683B681B789B00D3181B684E4A13401E
:104690003B627A683B681B789B00D3183A6A4B49A7
:1046A0000A431A6011E07A683B681B789B00D318B4
:1046B0001B68474A1340FB617A683B681B789B0084
:1046C000D318FA693F490A431A603B689A693B6804
:1046D0001B699A4207D93B689A693B681B69D21AE1
:1046E0003B689A6148E03B6800229A6144E03B687D
:1046F000DB78022B36D13B68DB69002B3CD07A6833
:104700003B681B789B00D3181A682A217B181A80F3
:104710007B181A888023DB01134004D07B181B8888
:10472000402213400BD12A217B181A888023DB01F9
:10473000134021D17B181B88402213401CD17A687A
:104740003B681B789B00D3181B681F4A13407B6291
:104750007A683B681B789B00D3187A6A1D490A4324
:104760001A6009E03B68DB78012B03D13B6800222B
:104770009A6101E001231CE07A683B681B789B008A
:10478000D3181B68144A1340BB61BB6980225201D5
:104790005340BB61BB69802292015340BB617A6880
:1047A0003B681B789B00D318BA6906490A431A6014
:1047B00000231800BD4613B090BDC04600980040CD
:1047C000BF8FFF07808000008F8FFF078081000070
:1047D0008F8EFF07C08000008FBFFF0780B584B0B9
:1047E00000AF786039603B685B78002B16D07A6840
:1047F0003B681B789B00D3181B68164A1340BB60AC
:10480000BB6810225340BB607A683B681B789B00F2
:10481000D318BA6810490A431A6016E07A683B68F0
:104820001B789B00D3181B680C4A1340FB60FB6885
:10483000802252015340FB607A683B681B789B00E2
:10484000D318FA6804490A431A6000231800BD46C9
:1048500004B080BDBF8FFF07808000008FBFFF07BF
:1048600080B588B000AF786039603B685B78002B1A
:1048700037D07A683B681B789B00D3181B683B6174
:104880003B694022134011D07A683B681B789B003B
:10489000D3181B68324A1340FB607A683B681B7868
:1048A0009B00D318FA682F490A431A603B68DB78EB
:1048B000012B50D07A683B681B789B00D3181B688B
:1048C000294A1340BB60BB6820225340BB607A6812
:1048D0003B681B789B00D318BA6824490A431A60C6
:1048E00039E07A683B681B789B00D3181B68FB6132
:1048F000FA698023DB01134011D07A683B681B788A
:104900009B00D3181B68164A1340BB617A683B684A
:104910001B789B00D318BA6915490A431A607A6854
:104920003B681B789B00D3181B68124A13407B61BD
:104930007B698022520153407B617B698022920116
:1049400053407B617A683B681B789B00D3187A6977
:1049500006490A431A6000231800BD4608B080BD0E
:104960008F8FFF07C0800000BF8FFF07808000008F
:1049700080C000008FBFFF0780B582B000AF7860B5
:104980000A00FB1C1A70FB1C1B78002B02D17B68F1
:104990008022DA6400231800BD4602B080BD80B5D5
:1049A00082B000AF78607B689B6D802212021A4350
:1049B0007B689A6500231800BD4602B080BD80B5B3
:1049C00084B000AF78607B685B6CFB60FB681800AC
:1049D000BD4604B080BD000080B58AB000AFF8606D
:1049E000B9601900BB1D1A803B1D0A1C1A803B1DB3
:1049F0001B8803339B08BB6116203B183A1D1288A5
:104A000003210A401A80BB683B613B181B88002BBE
:104A100002D0BB69013BBB61BB1D1B88284A944681
:104A20006344FB61BB693B621FE03B691A785978BC
:104A300009020A43997809040A43DB781B061343E9
:104A40001A00FB691A60FB690433FB613B6901339F
:104A50003B613B6901333B613B6901333B613B692E
:104A600001333B613B6A013B3B623B6A002BDCD17B
:104A70001623FB181B88002B1ED000237B623B698A
:104A80001B781A003B6ADB009A4013007A6A1343D2
:104A90007B623B6A01333B623B6901333B61162118
:104AA0007B181A887B18013A1A807B181B88002B08
:104AB000E5D1FB697A6A1A60C046BD460AB080BD7E
:104AC0000098004090B58BB000AFF860B960190055
:104AD000BB1D1A803B1D0A1C1A803B1D1B8803331B
:104AE0009B08FB611A203B183A1D128803210A40DB
:104AF0001A80BB687B61BB1D1B88394A944663449E
:104B00003B623B181B88002B02D0FB69013BFB6119
:104B1000FB697B623CE03B6A1A687B69FF211140BC
:104B20000C00197800200140081C211C0143197059
:104B3000110AFF2001400C00597800200140081C98
:104B4000211C01435970110CFF2001400C00997881
:104B500000200140081C211C01439970100EDA78D6
:104B600000210A40111C021C0A43DA703B6A04331C
:104B70003B627B6901337B617B6901337B617B69CC
:104B800001337B617B6901337B617B6A013B7B6223
:104B90007B6A002BBFD11A23FB181B88002B1BD06C
:104BA0003B6A1B683B617B6ADBB2DB003A69DA4037
:104BB0001300DAB27B691A707B6A01337B627B690E
:104BC00001337B611A217B181A887B18013A1A80FD
:104BD0007B181B88002BE6D1C046BD460BB090BDAC
:104BE0000098004080B500AF034B9A68E023DB01DA
:104BF00013401800BD4680BD0010024080B588B04B
:104C000000AF78607B68002B02D1012300F050FBDD
:104C10007B681B680122134000D17CE0C34B9B687A
:104C200038221340BB61C14BDB68032213407B6118
:104C3000BB69102B02D17B69032B02D0BB69082B07
:104C40000BD1BA4B1A6880239B02134062D07B6859
:104C50005B68002B5ED101232AE37B685A688023BE
:104C60005B029A4207D1B14B1A68B04B80214902CE
:104C70000A431A6020E07B685A68A023DB029A424C
:104C80000ED1AA4B1A68A94B8021C9020A431A60A7
:104C9000A64B1A68A54B802149020A431A600BE013
:104CA000A24B1A68A14BA2490A401A609F4B1A688E
:104CB0009E4BA0490A401A607B685B68002B14D0A9
:104CC00001F054FF03003B6108E001F04FFF0200D8
:104CD0003B69D31A642B01D90323E9E2934B1A6889
:104CE00080239B021340F0D015E001F03FFF03004A
:104CF0003B6108E001F03AFF02003B69D31A642BE4
:104D000001D90323D4E2894B1A6880239B02134004
:104D1000F0D100E0C0467B681B680222134000D13E
:104D200099E0824B9B6838221340BB617F4BDB6864
:104D3000032213407B61BB69102B02D17B69022BDC
:104D400002D0BB69002B35D1784B1A688023DB0079
:104D5000134005D07B68DB68002B01D10123A7E25B
:104D6000724B5B68744A134019007B685B691A02D6
:104D70006E4B0A435A60BB69002B12D16B4B1B6808
:104D80006E4A134019007B681A69684B0A431A601F
:104D9000664B1B68DB0A07221340694ADA40694BFD
:104DA0001A60694B1B68180001F084FE031E51D085
:104DB00001237DE27B68DB68002B30D05B4B1B68F6
:104DC0005E4A134019007B681A69584B0A431A60FF
:104DD000564B1A68554B802149000A431A6001F06E
:104DE000C5FE03003B6108E001F0C0FE02003B6924
:104DF000D31A022B01D903235AE24C4B1A688023A1
:104E0000DB001340F0D0494B5B684B4A134019005C
:104E10007B685B691A02454B0A435A601BE0434BAF
:104E20001A68424B49490A401A6001F09FFE03008C
:104E30003B6108E001F09AFE02003B69D31A022BA5
:104E400001D9032334E2394B1A688023DB00134075
:104E5000F0D100E0C0467B681B680822134047D0B1
:104E6000324B9B6838221340182B0AD12F4B1B6EF4
:104E7000022213403CD07B689B69002B38D1012370
:104E800016E27B689B69002B19D0284B1A6E274BC2
:104E900001210A431A6601F069FE03003B6108E044
:104EA00001F064FE02003B69D31A022B01D90323EF
:104EB000FEE11E4B1B6E02221340F1D018E01B4B8B
:104EC0001A6E1A4B01218A431A6601F04FFE030045
:104ED0003B6108E001F04AFE02003B69D31A022B55
:104EE00001D90323E4E1114B1B6E02221340F1D1DF
:104EF0007B681B680422134000D1C7E01F23FB1806
:104F000000221A70094B9B6838221340202B1FD1B6
:104F1000064BDB6D0222134000D1B7E07B689B6833
:104F2000002B00D0B2E00123C2E1C04600100240D5
:104F3000FFFFFEFFFFFFFBFFFF80FFFFFFC7FFFF3D
:104F40000024F4000000002004000020FFFEFFFF0A
:104F5000B54BDA6B80235B05134001D1012300E0E0
:104F60000023002B11D0B04BDA6BAF4B80214905E9
:104F70000A43DA63AC4BDA6B80235B051340FB60BA
:104F8000FB681F23FB1801221A70A84B1A688023A4
:104F90005B0013401AD1A54B1A68A44B802149002D
:104FA0000A431A6001F0E2FD03003B6108E001F0F2
:104FB000DDFD02003B69D31A022B01D9032377E1FF
:104FC0009A4B1A6880235B001340F0D07B689B6883
:104FD000012B06D1944BDA6D934B01210A43DA651C
:104FE0001CE07B689B68052B0CD18F4BDA6D8E4BD8
:104FF00004210A43DA658C4BDA6D8B4B01210A439D
:10500000DA650BE0884BDA6D874B01218A43DA655C
:10501000854BDA6D844B04218A43DA657B689B6893
:10502000002B14D001F0A2FD03003B6109E001F068
:105030009DFD02003B69D31A7D4A934201D90323A7
:1050400036E1794BDB6D02221340F0D013E001F022
:105050008DFD03003B6109E001F088FD02003B6922
:10506000D31A734A934201D9032321E16E4BDB6DBE
:1050700002221340F0D11F23FB181B78012B05D10E
:10508000694BDA6B684B6B490A40DA637B681B68D3
:105090002022134039D07B68DB69002B1BD0624B88
:1050A0001A68614B8021C9030A431A6001F05EFD52
:1050B00003003B6108E001F059FD02003B69D31A8F
:1050C000022B01D90323F3E0574B1A6880231B04FA
:1050D0001340F0D019E0544B1A68534B56490A401C
:1050E0001A6001F043FD03003B6108E001F03EFD62
:1050F00002003B69D31A022B01D90323D8E04A4BA3
:105100001A6880231B041340F0D17B681B6A002BB4
:1051100000D1CCE0444B9B6838221340102B00D1C7
:105120007BE07B681B6A022B56D13F4B1A683E4BD3
:1051300042490A401A6001F019FD03003B6108E092
:1051400001F014FD02003B69D31A022B01D903239D
:10515000AEE0354B1A6880239B041340F0D1324BEC
:10516000DB68374A134019007B685A6A7B689B6A80
:105170001A437B68DB6A1B021A437B681B6B1A436A
:105180007B685B6B1A437B689B6B1A43264B0A4315
:10519000DA60254B1A68244B802149040A431A60BF
:1051A000214BDA68204B802149050A43DA6001F07F
:1051B000DDFC03003B6108E001F0D8FC02003B6924
:1051C000D31A022B01D9032372E0174B1A688023EC
:1051D0009B041340F0D06AE0134B1A68124B174936
:1051E0000A401A6001F0C2FC03003B6108E001F0D4
:1051F000BDFC02003B69D31A022B01D9032357E0FF
:10520000094B1A6880239B041340F0D1064BDA68DF
:10521000054B0C490A40DA6049E07B681B6A012BA8
:1052200012D1012344E0C04600100240007000404B
:1052300088130000FFFFFFEFFFFFBFFFFFFFFFFE30
:105240008C80C111FCFFFEEE1B4BDB687B617B6930
:1052500003221A407B685B6A9A4226D17B697022DE
:105260001A407B689B6A9A421FD17A69FE23DB0150
:105270001A407B68DB6A1B029A4216D17A69F823CE
:105280009B031A407B681B6B9A420ED17A69E0231C
:105290001B051A407B685B6B9A4206D17B695B0FEA
:1052A0005A077B689B6B9A4201D0012300E00023E0
:1052B0001800BD4608B080BD0010024080B584B023
:1052C00000AF786039607B68002B01D10123E9E0F1
:1052D000764B1B68072213403A689A421ED9734BDB
:1052E0001B68072293431900704B3A680A431A60FF
:1052F00001F03CFC0300FB6009E001F037FC020018
:10530000FB68D31A6A4A934201D90323CAE0674B68
:105310001B68072213403A689A42EED17B681B68EB
:105320000222134015D07B681B680422134006D06C
:10533000604B9A685F4BE021C9010A439A605D4B5C
:105340009B685D4A134019007B689A68594B0A4371
:105350009A607B681B680122134057D07B685B68AA
:10536000012B07D1534B1A6880239B0213402BD18A
:10537000012397E07B685B68022B07D14D4B1A68CD
:1053800080239B0413401FD101238BE07B685B6863
:10539000002B07D1474B1A688023DB00134013D141
:1053A00001237FE07B685B68032B06D1414B1B6EBA
:1053B0000222134008D1012374E03E4BDB6D022230
:1053C000134001D101236DE03A4B9B6807229343C0
:1053D00019007B685A68374B0A439A6001F0C6FB94
:1053E0000300FB6009E001F0C1FB0200FB68D31A77
:1053F0002F4A934201D9032354E02E4B9B68382255
:105400001A407B685B68DB009A42ECD1274B1B6833
:10541000072213403A689A421ED2244B1B68072287
:1054200093431900214B3A680A431A6001F09EFB2E
:105430000300FB6009E001F099FB0200FB68D31A4E
:105440001B4A934201D903232CE0184B1B68072207
:1054500013403A689A42EED17B681B6804221340DD
:1054600009D0144B9B68154A134019007B68DA6811
:10547000104B0A439A6000F029F801000D4B9B681D
:105480001B0A0F221A400E4B9200D3581F221340C2
:105490000A00DA400B4B1A600B4B1B68180001F036
:1054A00009FB03001800BD4604B080BD0020024087
:1054B0008813000000100240FFF0FFFFFF8FFFFF86
:1054C000B0F00108000000200400002080B586B084
:1054D00000AF3C4B9B68382213400FD1394B1B68FF
:1054E000DB0A0722134001229A4013003B6039680F
:1054F0003548FAF709FE03003B615DE0314B9B68DC
:1055000038221340082B02D1304B3B6154E02D4B25
:105510009B6838221340102B38D12A4BDB680322BA
:105520001340FB60274BDB681B0907221340013344
:10553000BB60FB68032B0DD1B9682448FAF7E4FD82
:10554000030019001F4BDB681B0A7F2213404B43EB
:105550007B610DE0B9681C48FAF7D6FD030019001D
:10556000184BDB681B0A7F2213404B437B61C0460C
:10557000144BDB685B0F0722134001337B607968B3
:105580007869FAF7C1FD03003B6115E00D4B9B689C
:1055900038221340202B03D180231B023B610BE0F8
:1055A000084B9B6838221340182B03D1FA23DB01E8
:1055B0003B6101E000233B613B691800BD4606B03A
:1055C00080BDC046001002400024F40000127A00A2
:1055D00080B500AF024B1B681800BD4680BDC046B9
:1055E00000000020B0B500AFFFF7F2FF0400FFF7A6
:1055F000F9FA03001A0B054B9200D3581F221340EF
:10560000DC4023001800BD46B0BDC046F0F00108E4
:1056100080B586B000AF78601323FB1800221A70A3
:105620001223FB1800221A707B681A6880239B02E1
:10563000134000D1ADE011203B1800221A70474BF7
:10564000DA6B80235B05134010D1444BDA6B434B7C
:10565000802149050A43DA63404BDA6B80235B05FE
:105660001340BB60BB683B1801221A703C4B1A68A0
:105670003B4B802149000A431A6001F077FA03008E
:10568000FB600BE001F072FA0200FB68D31A022BF8
:1056900004D91323FB1803221A7005E0304B1A6853
:1056A00080235B001340EDD01323FB181B78002BE5
:1056B0005ED12A4BDA6DC0239B0013407B617B696E
:1056C000002B19D07B681B6C7A699A4214D0234B4B
:1056D000DB6D244A13407B61204BDA6D1F4B802128
:1056E00049020A43DA651D4BDA6D1C4B1E490A401C
:1056F000DA651A4B7A69DA657B690122134016D0A4
:1057000001F034FA0300FB600CE001F02FFA020014
:10571000FB68D31A154A934204D91323FB180322BA
:105720001A7004E00D4BDB6D02221340EDD0132301
:10573000FB181B78002B0AD1084BDB6D094A13407C
:1057400019007B681A6C054B0A43DA6516E01223D0
:10575000FB181322BA1812781A700FE000100240DA
:1057600000700040FFFCFFFFFFFFFEFF88130000FA
:105770001223FB181322BA1812781A701123FB187F
:105780001B78012B05D1B64BDA6BB54BB5490A40F6
:10579000DA637B681B680122134009D0B04B5B6D54
:1057A0000322934319007B685A68AD4B0A435A653C
:1057B0007B681B680222134009D0A94B5B6D0C2249
:1057C000934319007B689A68A54B0A435A657B6826
:1057D0001B680422134009D0A14B5B6D3022934318
:1057E00019007B68DA689E4B0A435A657B681B6820
:1057F0001022134009D09A4B5B6D9B4A134019004D
:105800007B681A69964B0A435A657B681A6880233D
:105810005B01134009D0924B5B6D944A1340190011
:105820007B685A698E4B0A435A657B681A688023E5
:105830009B00134009D08A4B5B6D8D4A13401900C1
:105840007B689A6A864B0A435A657B681A6880238C
:10585000DB00134009D0824B5B6D864A1340190070
:105860007B68DA6A7E4B0A435A657B681B68202294
:10587000134009D07A4B5B6D7F4A134019007B6857
:105880009A69774B0A435A657B681B68402213402C
:1058900009D0734B5B6D794A134019007B68DA6954
:1058A0006F4B0A435A657B681A688023DB011340FB
:1058B00015D06B4B5B6D9B0099087B681A6B684B2E
:1058C0000A435A657B681A6B8023DB059A4206D12E
:1058D000634BDA68624B802149020A43DA607B68D5
:1058E0001A6880231B03134009D05D4B5B6D402277
:1058F000934319007B685A6B594B0A435A657B687E
:105900001A6880239B03134016D0554B5B6D5C4A8D
:10591000134019007B689A6B514B0A435A657B68A8
:105920009A6B8023DB039A4206D14D4BDA684C4BCD
:10593000802149040A43DA607B681A688023DB030C
:10594000134016D0464B5B6D4E4A134019007B68DE
:10595000DA6B434B0A435A657B68DA6B80235B043E
:105960009A4206D13E4BDA683D4B802149040A43F6
:10597000DA607B681A6880231B01134014D0384B0F
:105980009B6D0322934319007B681A6A344B0A43C8
:105990009A657B681B6A012B06D1314BDA68304B64
:1059A000802149020A43DA607B681A6880239B01E0
:1059B000134014D02A4B9B6D0C22934319007B6833
:1059C0005A6A274B0A439A657B685B6A042B06D1A7
:1059D000234BDA68224B802149020A43DA607B6854
:1059E0001A6880235B04134016D01D4B9B6D224A1E
:1059F000134019007B685A6C194B0A439A657B68FF
:105A00005A6C80239B019A4206D1154BDA68144BDD
:105A1000802149040A43DA607B681A6880239B046A
:105A2000134016D00E4B9B6D104A134019007B6833
:105A30009A6C0B4B0A439A657B689A6C80235B00D7
:105A40009A4206D1064BDA68054B802149040A4385
:105A5000DA601223FB181B781800BD4606B080BD23
:105A600000100240FFFFFFEFFFF3FFFFFFFCFFFF0F
:105A7000FFFFF3FFFFFFCFFFFFCFFFFFFF3FFFFF62
:105A8000FFFFBFFFFFFFFFFEB0B586B000AFF860BD
:105A9000B9603A607B60214B1B78012B01D1022356
:105AA00038E01E4B01221A701C4B00225A60172549
:105AB0007C19FA239B00180000F084F8030023707F
:105AC0007B191B78002B1FD1FB68012B06D13A688C
:105AD0007B68B968080000F0C3F805E03A68BB6865
:105AE0001100180018F004FC1723FC18FA239B007F
:105AF000180000F067F803002370094B5A69FB682F
:105B0000D943074B0A405A61044B00221A701723ED
:105B1000FB181B781800BD4606B0B0BDF801002088
:105B20000020024080B582B000AFFB1D00221A7039
:105B30000B4B5B69002B0CDA094B0A4A9A60084B45
:105B4000094A9A60064B5B69002B02DAFB1D0122B1
:105B50001A70FB1D1B781800BD4602B080BDC04600
:105B60000020024023016745AB89EFCD80B582B0AC
:105B700000AFFB1D01221A70FA239B00180000F0F1
:105B800021F80A4B5A69094B802109060A435A61D8
:105B9000064B5B69002B02DAFB1D00221A70FB1D0D
:105BA0001B781800BD4602B080BDC04600200240F0
:105BB00080B500AF024B5B681800BD4680BDC04693
:105BC000F801002080B584B000AF786000F0CEFF0F
:105BD0000300FB60C0239B02BB600CE07B680133C9
:105BE00009D000F0C3FF0200FB68D31A7A689A421A
:105BF00001D8032328E0164B1B69BA681340EDD186
:105C0000134B1B69134A1340BB60114B124A1A61B4
:105C1000BB68002B11D0114BBA685A60012313E006
:105C20007B68013309D000F0A1FF0200FB68D31AA2
:105C30007A689A4201D8032306E0054B1A6980234B
:105C4000DB021340ECD100231800BD4604B080BD38
:105C500000200240FAC30000FBC30000F80100204E
:105C6000B0B584B000AFF8603A607B600B4B5A6906
:105C70000A4B01210A435A61FB683A681A60BFF374
:105C80006F8FC0467B681C0000231D00FB68043337
:105C900022001A60C046BD4604B0B0BD00200240DC
:105CA000B0B584B000AF78603960334B1B78012BFE
:105CB00001D102235CE0304B01221A702E4B0022EE
:105CC0005A600F257C19FA239B001800FFF77AFF12
:105CD000030023702C003B191B78002B42D17B68FA
:105CE0001B68042B0DD17B685B68180000F048F836
:105CF0003C19FA239B001800FFF764FF0300237090
:105D000030E03B68012252421A607B689B68BB60AE
:105D10001AE07B685B68BA681100180000F044F86C
:105D20000F257C19FA239B001800FFF74BFF030097
:105D300023707B191B78002B03D03B68BA681A606C
:105D40000AE0BB680133BB607B689A687B68DB68EC
:105D5000D318BA689A42DCD3084B5A69074B022120
:105D60008A435A61044B00221A700F23FB181B78D8
:105D70001800BD4604B0B0BDF8010020002002406C
:105D800080B582B000AF7860064B5A697B681A43D1
:105D9000044B802149020A435A61C046BD4602B005
:105DA00080BDC0460020024080B584B000AF78605E
:105DB00039600F4B5B690F4A1340FB607B68042B13
:105DC00005D0FB68802292011343FB6003E0FB686F
:105DD000094A1340FB603B68DA00FB681A43044B36
:105DE00006490A435A61C046BD4604B080BDC0465C
:105DF0000020024007E0FFFFFFDFFFFF020001007D
:105E000080B586B000AF7860396000237B614DE1DA
:105E10003B681B6801217A6991400A001340FB60CE
:105E2000FB68002B00D13EE13B685B680322134016
:105E3000012B05D03B685B6803221340022B30D155
:105E40007B689B683B617B695B0003229A4013007F
:105E5000DA433B6913403B613B68DA687B695B006E
:105E60009A4013003A6913433B617B683A699A6030
:105E70007B685B683B6101227B699A401300DA43CF
:105E80003B6913403B613B685B681B0901221A4078
:105E90007B699A4013003A6913433B617B683A6916
:105EA0005A603B685B6803221340032B17D07B6862
:105EB000DB683B617B695B0003229A401300DA4395
:105EC0003B6913403B613B689A687B695B009A4081
:105ED00013003A6913433B617B683A69DA603B68B7
:105EE0005B6803221340022B23D17B69DA087B68AD
:105EF00008329200D3583B617B69072213409B0014
:105F00000F229A401300DA433B6913403B613B6820
:105F10001A697B6907210B409B009A4013003A697C
:105F200013433B617B69DA087B6808329200396968
:105F3000D1507B681B683B617B695B0003229A4000
:105F40001300DA433B6913403B613B685B68032203
:105F50001A407B695B009A4013003A6913433B6126
:105F60007B683A691A603B685A68C0239B021340F9
:105F700000D198E0534A7B699B0818339B009B58DB
:105F80003B617B6903221340DB000F229A40130020
:105F9000DA433B6913403B617A68A023DB059A42F0
:105FA00019D07B68484A934213D07B68474A934292
:105FB0000DD07B68464A934207D07B68454A93429E
:105FC00001D1042308E0052306E0032304E00223B3
:105FD00002E0012300E000237A6903210A40D20095
:105FE00093403A6913433B6136497B699B081833F8
:105FF0009B003A695A50334B1B683B61FB68DA439C
:106000003B6913403B613B685A6880235B03134044
:1060100003D03A69FB6813433B612A4B3A691A6023
:10602000284B5B683B61FB68DA433B6913403B618B
:106030003B685A6880239B03134003D03A69FB688E
:1060400013433B611F4B3A695A601E4A8423D3585D
:106050003B61FB68DA433B6913403B613B685A682C
:1060600080239B02134003D03A69FB6813433B61D2
:10607000144984223B698B50124A8023D3583B61D8
:10608000FB68DA433B6913403B613B685A688023F5
:106090005B02134003D03A69FB6813433B61094933
:1060A00080223B698B507B6901337B613B681A68B6
:1060B0007B69DA40131E00D0AAE6C046C046BD4642
:1060C00006B080BD001802400004005000080050D7
:1060D000000C00500010005080B584B000AF786014
:1060E0000A00BB1C1A807B681B69BA1C128813400B
:1060F00004D00F23FB1801221A7003E00F23FB18B2
:1061000000221A700F23FB181B781800BD4604B03C
:1061100080BD80B582B000AF786008001100BB1C64
:10612000021C1A807B1C0A1C1A707B1C1B78002B1B
:1061300004D0BB1C1A887B689A6103E0BB1C1A88D8
:106140007B689A62C046BD4602B080BD80B582B011
:1061500000AF78607B68002B01D1012391E07B6860
:106160001B681A00494B9A4210D87B681B68484A42
:106170009446634414211800F9F7C6FF03009A00FF
:106180007B685A647B68434A1A640FE07B681B682B
:10619000414A9446634414211800F9F7B5FF0300FF
:1061A0009A007B685A647B683C4A1A647B682522A3
:1061B000022199547B681B681A687B681B68384900
:1061C0000A401A607B681B6819687B689A687B685C
:1061D000DB681A437B681B691A437B685B691A4357
:1061E0007B689B691A437B68DB691A437B681B6A7F
:1061F0001A437B681B680A431A607B68180000F02A
:106200009FFA7B689A688023DB019A4202D17B68FF
:1062100000225A607B685A687B689B6C7F210A4029
:106220001A607B68DB6C7A68126D5A607B685B6809
:10623000002B11D07B685B68042B0DD87B6818009D
:1062400000F0C8FA7B685B6D00221A607B689B6D6A
:106250007A68D26D5A6008E07B6800225A657B68D4
:1062600000229A657B680022DA657B680022DA6387
:106270007B682522012199547B68242200219954AE
:1062800000231800BD4602B080BDC046070402408E
:10629000F8FFFDBF00000240F8FBFDBF0004024014
:1062A0000F80FFFF80B586B000AFF860B9607A60FC
:1062B0003B601723FB1800221A70FB6824229B5CAA
:1062C000012B01D102236FE0FB68242201219954A4
:1062D000FB6825229B5CDBB2012B57D1FB68252292
:1062E00002219954FB680022DA63FB681B681A6874
:1062F000FB681B6801218A431A603B687A68B968A9
:10630000F86800F0E1F9FB681B6B002B08D0FB6814
:106310001B681A68FB681B680E210A431A600FE0AD
:10632000FB681B681A68FB681B6804218A431A60B3
:10633000FB681B681A68FB681B680A210A431A601D
:10634000FB689B6C1A6880235B02134008D0FB68D3
:106350009B6C1A68FB689B6C802149000A431A6099
:10636000FB685B6D002B08D0FB685B6D1A68FB68EF
:106370005B6D802149000A431A60FB681B681A683C
:10638000FB681B6801210A431A600AE0FB6880224F
:10639000DA63FB682422002199541723FB18012299
:1063A0001A701723FB181B781800BD4606B080BD75
:1063B00080B582B000AF78607B68002B01D10123EB
:1063C0004FE07B6825229B5CDBB2022B08D07B6808
:1063D0000422DA637B68242200219954012340E0DF
:1063E0007B681B681A687B681B6801218A431A60F6
:1063F0007B681B681A687B681B680E218A431A60D9
:106400007B689B6C1A687B689B6C18490A401A6011
:106410007B685B6C1C221A407B681B6C01219140DD
:106420000A005A607B68DB6C7A68126D5A607B6880
:106430005B6D002B0CD07B685B6D1A687B685B6DB5
:106440000A490A401A607B689B6D7A68D26D5A606F
:106450007B682522012199547B68242200219954CC
:1064600000231800BD4602B080BDC046FFFEFFFFFE
:1064700080B584B000AF78600F217B1800221A70BD
:106480007B6825229B5CDBB2022B06D07B68042252
:10649000DA637B1801221A7048E07B681B681A686F
:1064A0007B681B6801218A431A607B681B681A6835
:1064B0007B681B680E218A431A607B689B6C1A6894
:1064C0007B689B6C1D490A401A607B685B6C1C22D0
:1064D0001A407B681B6C012191400A005A607B685E
:1064E000DB6C7A68126D5A607B685B6D002B0CD098
:1064F0007B685B6D1A687B685B6D10490A401A60A7
:106500007B689B6D7A68D26D5A607B682522012179
:1065100099547B682422002199547B689B6B002B43
:1065200004D07B689B6B7A68100098470F23FB1898
:106530001B781800BD4604B080BDC046FFFEFFFFBB
:1065400080B584B000AF78607B681B6C1B68FB6013
:106550007B681B681B68BB607B685B6C1C221340FC
:1065600004229A401300FA68134026D0BB68042224
:10657000134022D07B681B681B682022134007D180
:106580007B681B681A687B681B6804218A431A6051
:106590007B685B6C1C221A407B681B6C0421914059
:1065A0000A005A607B681B6B002B00D180E07B687F
:1065B0001B6B7A68100098477AE07B685B6C1C2242
:1065C000134002229A401300FA6813403CD0BB6883
:1065D0000222134038D07B681B681B6820221340BE
:1065E0000BD17B681B681A687B681B680A218A4389
:1065F0001A607B682522012199547B681B681A0068
:106600002E4B9A4209D97B685B6C1C221A402C4B9A
:10661000022191400A005A6008E07B685B6C1C22F2
:106620001A40284B022191400A005A607B682422BC
:10663000002199547B68DB6A002B39D07B68DB6AC8
:106640007A681000984733E07B685B6C1C2213402B
:1066500008229A401300FA6813402AD0BB68082227
:10666000134026D07B681B681A687B681B680E2164
:106670008A431A607B685B6C1C221A407B681B6C27
:10668000012191400A005A607B680122DA637B682D
:106690002522012199547B682422002199547B688A
:1066A0005B6B002B05D07B685B6B7A6810009847AA
:1066B000C046C046BD4604B080BDC0468000024012
:1066C000000402400000024080B584B000AFF860D2
:1066D000B9607A603B60FB68DB6CFA68126D5A60E7
:1066E000FB685B6D002B04D0FB689B6DFA68D26D74
:1066F0005A60FB685B6C1C221A40FB681B6C012112
:1067000091400A005A60FB681B683A685A60FB684F
:106710009B68102B08D1FB681B687A689A60FB683D
:106720001B68BA68DA6007E0FB681B68BA689A60A1
:10673000FB681B687A68DA60C046BD4604B080BD5D
:1067400080B584B000AF78607B681B681A001D4B71
:106750009A4214D87B685B6C9B089B001A4A9A1873
:106760007B689A647B681B681A00FF231340083B10
:1067700014211800F9F7C8FC0300FB6014E07B68E3
:106780005B6C9B089B00114A9A187B689A647B6833
:106790001B681A00FF231340083B14211800F9F767
:1067A000B3FC03000733FB607B68094ADA64FB68CB
:1067B0001F22134001229A407B681A65C046BD46DD
:1067C00004B080BD07040240000802401C080240DB
:1067D0008008024080B584B000AF78607B685B6859
:1067E0007F221340FB60FB680A4A944663449B0087
:1067F0001A007B685A657B68074A9A65FB68013B0B
:106800000322134001229A407B68DA65C046BD46E8
:1068100004B080BD3F8200104009024080B500AF47
:10682000044B5A68034B8021C9000A435A60C04692
:10683000BD4680BD0070004080B584B000AF786078
:10684000194B1B68194A13401900174B7A680A4301
:106850001A607A6880239B009A421FD1144B1A68F1
:1068600013005B009B185B0012491800F9F74CFC01
:1068700003000133FB6008E0FB68002B03D0FB68DA
:10688000013BFB6001E0032309E0074B5A698023C9
:10689000DB001A408023DB009A42EDD00023180071
:1068A000BD4604B080BDC04600700040FFF9FFFF48
:1068B0000000002040420F0080B582B000AF02000F
:1068C000FB1D1A70FB1D1B787F2B09D8FB1D1B7845
:1068D0001A001F231A40044B012191400A001A603C
:1068E000C046BD4602B080BD00E100E090B583B077
:1068F00000AF02003960FB1D1A70FB1D1B787F2B57
:1069000028D82F4AFB1D1B785BB29B08C0339B0025
:106910009B58FA1D1278110003220A40D200FF2171
:1069200091400A00D2431A4011003B689B01FF22AC
:106930001A40FB1D1B78180003230340DB009A401C
:106940001F48FB1D1B785BB29B080A43C0339B00AA
:106950001A5031E01B4AFB1D1B7819000F230B4016
:10696000083B9B0806339B00D31804331B68FA1DB1
:106970001278110003220A40D200FF2191400A0040
:10698000D2431A4011003B689B01FF221A40FB1DB5
:106990001B78180003230340DB009A400948FB1DC5
:1069A0001B781C000F232340083B9B080A43063337
:1069B0009B00C31804331A60C046BD4603B090BDA7
:1069C00000E100E000ED00E080B582B000AF78604B
:1069D0007B685A1E80235B049A4201D3012310E096
:1069E0000A4B7A68013A5A6001235B42032118007E
:1069F000FFF77CFF054B00229A60044B07221A60C8
:106A000000231800BD4602B080BDC04610E000E083
:106A100080B584B000AFB9607A600F217B18021C8A
:106A20001A70BA687B181B785BB211001800FFF768
:106A30005DFFC046BD4604B080BD80B582B000AFEA
:106A40000200FB1D1A70FB1D1B785BB21800FFF7DC
:106A500033FFC046BD4602B080BD80B582B000AFF6
:106A600078607B681800FFF7AFFF03001800BD4691
:106A700002B080BD80B582B000AFFB1D00221A704D
:106A80000B4B1A680A4B802149000A431A60032005
:106A900000F010F8031E03D0FB1D01221A7001E064
:106AA00009F016F8FB1D1B781800BD4602B080BD2A
:106AB0000020024090B585B000AF78600F23FB182E
:106AC00000221A701D4B1B78002B2BD01C4B1C680E
:106AD0001A4B1B781900FA239800F9F715FB0300ED
:106AE00019002000F9F710FB03001800FFF7B5FFAD
:106AF000031E12D17B68032B0AD8796801235B42FD
:106B000000221800FFF784FF0E4B7A681A600DE030
:106B10000F23FB1801221A7008E00F23FB18012233
:106B20001A7003E00F23FB1801221A700F23FB18C1
:106B30001B781800BD4605B090BDC0460800002077
:106B4000000000200400002080B500AF054B1B783A
:106B50001A00054B1B68D218034B1A60C046BD468D
:106B600080BDC046080000201402002080B500AFA0
:106B7000024B1B681800BD4680BDC04614020020B1
:106B800080B584B000AF7860FFF7F0FF0300BB6012
:106B90007B68FB60FB68013305D00A4B1B781A0049
:106BA000FB689B18FB60C046FFF7E0FF0200BB6874
:106BB000D31AFA689A42F7D8C046C046BD4604B018
:106BC00080BDC0460800002080B582B000AF78606C
:106BD000064B1B68064A13401900044B7A680A43A7
:106BE0001A60C046BD4602B080BDC04600000140EC
:106BF000FFF9FFFF80B582B000AF786039607B6835
:106C00001B68054A1A403B681A437B681A60C046F5
:106C1000BD4602B080BDC046FFFF3FFE80B582B0DA
:106C200000AF78607B681A68E0235B0413401800AB
:106C3000BD4602B080BD80B584B000AFF860B960D9
:106C40007A60FB685B69BA6804210A4007219140B9
:106C50000A00D2431A40BB6804210B40796899406E
:106C60000B001A43FB685A61C046BD4604B080BDA4
:106C700080B582B000AF786039607B685B693A6844
:106C800004210A40072191400A001A403B68042170
:106C90000B40DA4013001800BD4602B080BD80B53D
:106CA00082B000AF78607B68DA68C0231B011340B4
:106CB00001D1012300E000231800BD4602B080BDD1
:106CC00080B584B000AFF860B9607A60FB689B6AF9
:106CD000BA681F210A400F2191400A00D2431A408E
:106CE0007B689B0E0F211940BB681F200340994011
:106CF0000B001A43FB689A62C046BD4604B080BDD3
:106D000080B582B000AF786039607B689A6A3B6872
:106D10005B035B0B1A437B689A62C046BD4602B0B8
:106D200080BD80B582B000AF786039607B689B6AB7
:106D30003A685203520BD2431A407B689A62C046AB
:106D4000BD4602B080BD80B582B000AF78607B6880
:106D5000DB68032213401800BD4602B080BD00006E
:106D600080B584B000AFF860B9607A60FB685B6999
:106D7000BA681202D2431A40BB681B0279680B4002
:106D800004490B401A43FB685A61C046BD4604B033
:106D900080BDC04600FFFF0780B582B000AF7860BD
:106DA0007B689B68054A1340802252051A437B6822
:106DB0009A60C046BD4602B080BDC046E8FFFF6F86
:106DC00080B582B000AF78607B689A6880235B05ED
:106DD0001A4080235B059A4201D1012300E0002381
:106DE0001800BD4602B080BD80B582B000AF7860AB
:106DF0007B689B68044A134001221A437B689A60AF
:106E0000C046BD4602B080BDE8FFFF7F80B582B0BE
:106E100000AF78607B689B68044A134002221A43E3
:106E20007B689A60C046BD4602B080BDE8FFFF7F28
:106E300080B582B000AF78607B689B680122134008
:106E4000012B01D1012300E000231800BD4602B050
:106E500080BD000080B582B000AF78607B689B6821
:106E6000044A134004221A437B689A60C046BD4618
:106E700002B080BDE8FFFF7F80B582B000AF7860D0
:106E80007B689B6804221340042B01D1012300E09E
:106E900000231800BD4602B080BD000080B588B058
:106EA00000AF78601F23FB1800221A700023BB611B
:106EB00000237B610023FB607B68002B01D1012351
:106EC0007FE17B689B6D002B0AD17B68180007F07F
:106ED0001BFE7B680022DA657B68542200219954EE
:106EE0007B681B681800FFF76BFF031E15D17B68DA
:106EF0001B681800FFF750FFB44B1B68B44918001B
:106F0000F9F702F9030001335B00FB6002E0FB6864
:106F1000013BFB60FB68002BF9D17B681B68180004
:106F2000FFF74EFF031E0FD17B689B6D10221A43A3
:106F30007B689A657B68DB6D01221A437B68DA65A2
:106F40001F23FB1801221A707B681B681800FFF7CB
:106F500093FF03003B617B689B6D1022134000D0C0
:106F600022E13B69002B00D01EE17B689B6D994AB2
:106F7000134002221A437B689A657B681B681800DD
:106F8000FFF756FF031E00D0ADE07B689A687B6870
:106F90001B7E9B031A437B685B7EDB031A437B6883
:106FA0009B7E5B031A437B681B6B002B02D0802304
:106FB0005B0100E000231A437B68DB681A437B68AF
:106FC0001B69002B04DA7B681B695B005B0801E02E
:106FD00080239B031A437B682C215B5C5B0013437B
:106FE000BA691343BB617B6820229B5C012B15D1DE
:106FF0007B689B7E002B05D1BB6980225202134324
:10700000BB610BE07B689B6D20221A437B689A650D
:107010007B68DB6D01221A437B68DA657B685B6AFB
:10702000002B0AD07B685A6AE0235B001A407B6819
:107030009B6A1343BA691343BB617B681B68DB68B7
:10704000654A134019007B681B68BA690A43DA6015
:107050007B685B689B0F9A077B68DB6C13437A69DC
:1070600013437B617B683C229B5C012B11D17B68C5
:107070005B689B0F9A077B681B6C1A437B685B6C91
:107080001A437B689B6C1A437B69134301221343A9
:107090007B617B681B681B69504A134019007B6841
:1070A0001B687A690A431A617B685A68C0231B0609
:1070B0009A4218D07B685A688023DB059A4212D026
:1070C0007B685A6880231B069A420CD0444B1B688D
:1070D000444A134019007B685A68F0239B031A4006
:1070E0003F4B0A431A607B6818687B685B6B1A0029
:1070F0000021FFF7A0FD7B6818687B689B6B3A490D
:107100001A00FFF798FD7B681B69002B09D17B688B
:107110001B689A6A7B681B68102149420A439A627D
:1071200018E07B681A6980239B039A4212D17B681E
:107130001B689B6A7B68DB69013B9B001C22134038
:10714000102252429A4011007B681A6E7B681B68BD
:107150000A439A627B681B6800211800FFF788FDCC
:1071600002007B685B6B9A420BD17B680022DA6578
:107170007B689B6D0322934301221A437B689A65C7
:107180001CE07B689B6D1222934310221A437B689C
:107190009A657B68DB6D01221A437B68DA651F23E1
:1071A000FB1801221A7009E07B689B6D10221A43BC
:1071B0007B689A651F23FB1801221A701F23FB1896
:1071C0001B781800BD4608B080BDC04600000020F6
:1071D000400D0300FDFEFFFF0102DEFF02FCFF1F6A
:1071E00008270140FFFFC3FF04FFFF07B0B586B0CB
:1071F00000AFF860B9607A60FB681B681800FFF7A1
:107200003BFE031E6CD1FB6854229B5C012B01D119
:1072100002236CE0FB68542201219954FB681B682F
:10722000DB680122134013D1FB681B681800FFF7CD
:10723000FFFD031E04D0FB681B681800FFF7E6FD86
:10724000FB681B68DA68FB681B6801210A43DA6087
:1072500017257C19FB68180000F066FB03002370FB
:107260002C003B191B78002B3ED1FB689B6D224AFA
:107270001340802252001A43FB689A65FB68002283
:10728000DA65FB681B6D1D4ADA62FB681B6D1C4AE0
:107290001A63FB681B6D1B4A5A63FB681B681C2240
:1072A0001A60FB68542200219954FB681B685A68D5
:1072B000FB681B6810210A435A60FB68186DFB6865
:1072C0001B6840331900BA683C197B68FEF7EAFF77
:1072D00003002370FB681B681800FFF7BBFD03E089
:1072E0001723FB1802221A701723FB181B781800AB
:1072F000BD4606B0B0BDC046FEF0FFFF357A0008BF
:10730000FD7A00081B7B000880B586B000AF78606E
:1073100000237B617B681B681B683B617B681B6883
:107320005B68FB603B690222134017D0FB680222B6
:10733000134013D07B689B6D1022134006D17B68ED
:107340009B6D802212011A437B689A657B68180046
:1073500000F00EFC7B681B6802221A603B69042265
:10736000134003D0FB680422134007D13B69082275
:1073700013404DD0FB680822134049D07B689B6DB9
:107380001022134006D17B689B6D802292001A4325
:107390007B689A657B681B681800FFF780FC031EFA
:1073A0002ED07B689B7E002B2AD17B681B681B68D4
:1073B00008221340082B23D17B681B681800FFF7B5
:1073C0005BFD031E10D17B681B685A687B681B68D5
:1073D0000C218A435A607B689B6D564A13400122F8
:1073E0001A437B689A650BE07B689B6D20221A43E9
:1073F0007B689A657B68DB6D01221A437B68DA65DE
:107400007B68180000F098F87B681B680C221A60F3
:107410003B698022134012D0FB68802213400ED0BB
:107420007B689B6D802252021A437B689A657B6859
:10743000180000F091F87B681B6880221A603A6996
:1074400080235B00134014D0FA6880235B00134054
:107450000FD07B689B6D802292021A437B689A65ED
:107460007B68180000F074FB7B681B688022520068
:107470001A603A6980239B00134014D0FA68802375
:107480009B0013400FD07B689B6D8022D2021A4371
:107490007B689A657B68180000F062FB7B681B685C
:1074A000802292001A603B69102213402BD0FB68A7
:1074B0001022134027D07B681B6B002B02D10123C5
:1074C0007B6108E07B681B681800FFF73CFC031E2B
:1074D00001D001237B617B69012B10D17B689B6DFF
:1074E0008022D2001A437B689A657B68DB6D02229A
:1074F0001A437B68DA657B68180000F035F87B6812
:107500001B6810221A603A6980239B0113400DD03A
:10751000FA6880239B01134008D07B68180000F0B4
:107520002FFB7B681B68802292011A60C046BD4613
:1075300006B080BDFEFEFFFF80B582B000AF786070
:10754000C046BD4602B080BD80B582B000AF786055
:10755000C046BD4602B080BD80B582B000AF786045
:10756000C046BD4602B080BD80B582B000AF786035
:10757000C046BD4602B080BD80B586B000AF786021
:1075800039601723FB1800221A700023FB607B6808
:1075900054229B5C012B01D10223C0E17B68542261
:1075A000012199547B681B681800FFF765FC031ED6
:1075B00000D0A3E13B685B68022B00D143E17B680C
:1075C0001A6980231B069A4204D07B681B69C14A52
:1075D000934208D17B681A683B681B681900100049
:1075E000FFF78EFBC9E07B681A6E3B685B681F2162
:1075F0000B400F2199400B00DB43134019003B68FF
:107600001B685B035B0B05D13B681B689B0E1F224D
:10761000134098E03B681B680122134000D091E0C2
:107620003B681B680222134000D089E03B681B685E
:107630000422134000D081E03B681B6808221340FD
:1076400000D079E03B681B681022134000D071E045
:107650003B681B682022134000D069E03B681B6830
:107660004022134000D061E03B681B688022134039
:1076700000D059E03B681A6880235B00134051D169
:107680003B681A6880239B00134049D13B681A6805
:107690008023DB00134041D13B681A6880231B0123
:1076A000134039D13B681A6880235B01134031D104
:1076B0003B681A6880239B01134029D13B681A68F4
:1076C0008023DB01134021D13B681A6880231B0211
:1076D000134019D13B681A6880235B02134011D113
:1076E0003B681A6880239B02134009D13B681A68E3
:1076F0008023DB02134001D0122324E0002322E088
:10770000112320E010231EE00F231CE00E231AE0BB
:107710000D2318E00C2316E00B2314E00A2312E0DB
:10772000092310E008230EE007230CE006230AE0FB
:10773000052308E0042306E0032304E0022302E01B
:10774000012300E000233A6852681F200240934062
:107750000A001A437B681A663B685B689B085A1CE0
:107760007B68DB699A4208D87B6818683B6859686F
:107770003B681B681A00FFF7A3FA7B6818683B6830
:1077800019683B689B681A00FFF7EAFA3B681B68B8
:10779000002B00DBBCE0504B1800FFF73FFA030062
:1077A0003B613B681B684D4A934222D13A69802372
:1077B0001B0413401DD13B69802212041343464A27
:1077C00019001000FFF716FA454B1B6845491800D1
:1077D000F8F79AFC03005A1C13005B009B189B00EF
:1077E000FB6002E0FB68013BFB60FB68002BF9D10A
:1077F0008EE03B681B683C4A93420ED13A69802375
:107800005B04134009D13B69802252041343324A7E
:1078100019001000FFF7EEF97AE03B681B68334A65
:10782000934200D074E03A698023DB03134000D018
:107830006EE03B698022D2031343274A19001000EF
:10784000FFF7D8F964E07B681A6980231B069A4227
:1078500004D07B681B691F4A934207D17B681A6872
:107860003B681B6819001000FFF75BFA3B681B6858
:10787000002B4DDA184B1800FFF7D0F903003B61DD
:107880003B681B68154A934208D13B69184A13406C
:10789000114A19001000FFF7ADF939E03B681B6889
:1078A000114A934208D13B69124A13400A4A19000F
:1078B0001000FFF79FF92BE03B681B680B4A9342CF
:1078C00026D13B690C4A1340034A19001000FFF708
:1078D00091F91DE00400008008270140001000B06D
:1078E00000000020400D0300004000B8002000B45C
:1078F000FFFF7FFFFFFFFFFEFFFFBFFF7B689B6D6A
:1079000020221A437B689A651723FB1801221A70FC
:107910007B685422002199541723FB181B78180008
:10792000BD4606B080BDC04680B584B000AF78606B
:107930000023BB607B681B681800FFF779FA031E01
:1079400000D069E07B681B689B68364A13400DD005
:107950007B689B6D10221A437B689A657B68DB6DA0
:1079600001221A437B68DA65012356E07B681B68B5
:107970001800FFF739FA2C4B1800FFF74FF90200F7
:1079800080231B0413400FD0284B1B682849180084
:10799000F8F7BAFB03000133BB6002E0BB68013BB0
:1079A000BB60BB68002BF9D17B685B7E012B33D0B9
:1079B000FFF7DCF80300FB6027E07B681B6818001A
:1079C000FFF736FA031E04D17B681B681800FFF727
:1079D0000BFAFFF7CBF80200FB68D31A022B14D97D
:1079E0007B681B681B6801221340012B0DD07B684C
:1079F0009B6D10221A437B689A657B68DB6D0122C0
:107A00001A437B68DA65012307E07B681B681B6803
:107A100001221340012BD0D100231800BD4604B031
:107A200080BDC046170000800827014000000020EC
:107A3000400D030080B584B000AF78607B689B6A1E
:107A4000FB60FB689B6D5022134041D1FB689B6D2E
:107A5000802292001A43FB689A65FB681B68180035
:107A6000FFF71DF9031E2ED0FB689B7E002B2AD149
:107A7000FB681B681B6808221340082B23D1FB6896
:107A80001B681800FFF7F8F9031E10D1FB681B688C
:107A90005A68FB681B680C218A435A60FB689B6D1F
:107AA000154A134001221A43FB689A650BE0FB68F4
:107AB0009B6D20221A43FB689A65FB68DB6D0122EF
:107AC0001A43FB68DA65FB681800FFF735FD0FE025
:107AD000FB689B6D1022134004D0FB681800FFF771
:107AE00043FD05E0FB681B6D5B6B7A6810009847EF
:107AF000C046BD4604B080BDFEFEFFFF80B584B029
:107B000000AF78607B689B6AFB60FB681800FFF73A
:107B10001BFDC046BD4604B080BD80B584B000AF3B
:107B200078607B689B6AFB60FB689B6D40221A4310
:107B3000FB689A65FB68DB6D04221A43FB68DA6513
:107B4000FB681800FFF710FDC046BD4604B080BDBD
:107B500080B582B000AF7860C046BD4602B080BD3F
:107B600080B582B000AF7860C046BD4602B080BD2F
:107B700080B582B000AF7860C046BD4602B080BD1F
:107B800080B582B000AF7860C046BD4602B080BD0F
:107B900080B584B000AF78607B68002B01D10123F1
:107BA0004EE17B685C229B5CDBB2002B07D17B68DB
:107BB0005D22002199547B68180007F0DDF87B688E
:107BC0001B689A697B681B6810218A439A61FEF7DB
:107BD000CDFF0300FB6012E0FEF7C8FF0200FB6868
:107BE000D31A0A2B0BD97B681B6E01221A437B68C0
:107BF0001A667B685C2203219954012320E17B688B
:107C00001B689B6908221340082BE5D07B681B6822
:107C10009A697B681B6801210A439A61FEF7A6FFF7
:107C20000300FB6012E0FEF7A1FF0200FB68D31A1D
:107C30000A2B0BD97B681B6E01221A437B681A66DC
:107C40007B685C22032199540123F9E07B681B685F
:107C50009B6901221340E6D07B681B689A697B68A8
:107C60001B6802210A439A617B681B68764A93422B
:107C700003D1764A7B685B6813607B681B7C012BB1
:107C800008D17B681B689A697B681B6840218A431E
:107C90009A6107E07B681B689A697B681B684021D2
:107CA0000A439A617B685B7C012B09D17B681B6866
:107CB0009A697B681B688021C9010A439A6107E0C1
:107CC0007B681B689A697B681B6861490A409A61F6
:107CD0007B689B7C012B08D17B681B689A697B6859
:107CE0001B685C490A409A6108E07B681B689A69D6
:107CF0007B681B68802149010A439A617B681B6885
:107D00009B69554A134019007B689A687B681B6819
:107D10000A439A617B681B689A697B681B68A42187
:107D20008A439A617B681B681A697B681B6810210B
:107D30008A431A617B68DB68012B08D17B681B686A
:107D40009A697B681B6804210A439A612CE07B686E
:107D5000DB68002B28D07B68DB68022B1CD07B689B
:107D60001B689A697B681B6880210A439A617B685B
:107D70001B681A697B681B6810210A431A617B68BB
:107D8000DB68032B10D17B681B689A697B681B68D2
:107D900020210A439A6107E07B681B689A697B6827
:107DA0001B6820210A439A617B689B69013B5A0644
:107DB0007B68DB69013B1B021A437B681B6A013B42
:107DC0001A4311007B685B69013B1A047B681B68DE
:107DD0000A43DA617B689A68C0239B009A4215D1F6
:107DE0007B689B6A5A1E7B68DB6A013B1B021A4355
:107DF0007B681B6B013B1B011A4311007B685B6AAC
:107E0000013B1A047B681B680A43DA607B681B68C5
:107E1000C02299587B68DA6B7B681B680A43C021D3
:107E20005A507B68180000F041FD7B6800229A657B
:107E30007B6800221A667B685C220121995400232A
:107E40001800BD4604B080BD0064004000650040DD
:107E5000FFBFFFFFFFEFFFFFFFFCFFFF80B586B016
:107E600000AF7860396017203B187A685C21525C5B
:107E70001A700200BB181B78012B03D0BB181B78AB
:107E8000022B3DD13B681B68002B19D13B689B68D6
:107E90009A073B68DB68DB061A433B681B691B04D7
:107EA0001A433B685B6913433B617B681A6C3B6810
:107EB0005B689B00D318BB60BB683A691A601DE021
:107EC0003B68DB685A073B681B6913433B613B68AF
:107ED0009B689A073B685B691343FB607B685A6C3D
:107EE0003B685B68DB00D318BB60BB683A691A600B
:107EF000BB680433BB60BB68FA681A60002306E005
:107F00007B681B6E02221A437B681A6601231800E5
:107F1000BD4606B080BD80B584B000AFF860B960E2
:107F20007A603B60FB685C229B5CDBB2012B17D163
:107F3000FB681B6880229B583F2293431900BB6853
:107F40001A017B689B001A433B685B001A43BB69BC
:107F50001A43FB681B680A4380215A50002306E03D
:107F6000FB681B6E04221A43FB681A660123180083
:107F7000BD4604B080BD80B582B000AF78607B683C
:107F80005C229B5CDBB2012B10D17B685C2202215E
:107F900099547B681B689A697B681B6801218A4336
:107FA0009A617B6800221A66002306E07B681B6EDC
:107FB00004221A437B681A6601231800BD4602B0EA
:107FC00080BD80B584B000AF78607B685C229B5C2C
:107FD000DBB2022B5DD17B681B689A697B681B68EA
:107FE00001210A439A61FEF7C1FD0300FB6012E024
:107FF000FEF7BCFD0200FB68D31A0A2B0BD97B6885
:108000001B6E01221A437B681A667B685C2203217F
:108010009954012344E07B681B689B69012213404B
:10802000E6D07B681B689A697B681B6810218A43CD
:108030009A61FEF79BFD0300FB6012E0FEF796FDE0
:108040000200FB68D31A0A2B0BD97B681B6E012236
:108050001A437B681A667B685C22032199540123CA
:108060001EE07B681B689B6908221340082BE5D043
:108070007B681B689A697B681B6802210A439A61C6
:108080007B6800229A657B685C2201219954002359
:1080900006E07B681B6E08221A437B681A66012380
:1080A0001800BD4604B080BD80B586B000AFF86052
:1080B000B9607A60FB685C229B5CDBB2022B2DD13D
:1080C000FB681B68C4229A5880239B03134008D086
:1080D000FB681B6E802292001A43FB681A6601231C
:1080E00023E0FB681B68C4229B581B0C032213402F
:1080F0007B617B697A68B968F86800F043FCFB68CB
:108100001B6801217A6991400A00CC215A50012252
:108110007B699A40FB689A65002306E0FB681B6E4A
:1081200008221A43FB681A6601231800BD4606B0F0
:1081300080BD000080B58AB000AFF860B9607A6099
:108140003B601B203B18FA685C21525C1A703B189C
:108150001B78022B00D0EEE0BB68402B38D1FB68C7
:108160001B6890229B580F22134008D1FB681B6E9E
:10817000802252001A43FB681A660123E2E0FB6882
:108180001B6890229B581B0A03221340FB61FB686B
:108190001B6890229B581B0E01221340012B0DD10E
:1081A000FB681B6880229B585B0A01221340012B4D
:1081B00004D1FB69013303221340FB61FB68996C16
:1081C000FA691300DB009B18DB00CB187B6237E0F9
:1081D000FB681B6898229B580F22134008D1FB684C
:1081E0001B6E802252001A43FB681A660123A9E025
:1081F000FB681B6898229B581B0A03221340FB61F3
:10820000FB681B6898229B581B0E01221340012B10
:108210000DD1FB681B6880229B581B0A012213406A
:10822000012B04D1FB69013303221340FB61FB687E
:10823000D96CFA691300DB009B18DB00CB187B625A
:108240007B6A1A688023DB051A407B685A607B686A
:108250005B68002B07D17B6A1B689B0C5B055A0D82
:108260007B681A6005E07B6A1B68DB00DA087B68C4
:108270001A607B6A1A6880239B051A407B689A60A3
:108280007B6A1B68DB0FDA077B681A617B6A043341
:108290007B627B6A1B681B041A0C7B68DA617B6A51
:1082A0001B681B0C0F221A407B68DA607B6A1A6815
:1082B00080235B031A407B685A617B6A1A688023BB
:1082C0009B031A407B689A617B6A1B681B0E7F22A6
:1082D0001A407B681A627B6A1B68DA0F7B685A62F5
:1082E0007B6A04337B627B6A7B6100233B620AE02A
:1082F0007A693B6AD21839683B6ACB1812781A70CF
:108300003B6A01333B627B68DB68104AD35C1A002E
:108310003B6A9342ECD3BB68402B05D1FB681B68DA
:108320009421FA695A5004E0FB681B689C21FA69A1
:108330005A50002306E0FB681B6E08221A43FB68B4
:108340001A6601231800BD460AB080BD10F101086D
:1083500080B584B000AF786039607B681B685B6C67
:10836000FB60FB6807221A403B681A60FB681B0A27
:1083700007221A403B685A60FB6818221A403B6883
:108380009A60FB685B0901221A403B68DA60FB686F
:108390009B0901221A403B681A61FB68DB09012234
:1083A0001A403B685A61FB68DB0A01221A403B68AD
:1083B0009A61FB681B0B01221A403B68DA61FB687B
:1083C0005B0B01221A403B681A62FB689B0B01227F
:1083D0001A403B685A62FB681B0C7F221A403B68BC
:1083E0009A6200231800BD4604B080BD80B586B0F7
:1083F00000AFF860B9607A6017203B18FA685C211A
:10840000525C1A700200BB181B78012B04D0BB18F9
:108410001B78022B00D0B4E0FB681B689B6D3B61AE
:10842000BB680722134003D03B690122134034D0BC
:10843000BB683822134003D03B69022213402CD082
:10844000BA68E0235B00134003D03B690422134069
:1084500023D0BA68F0235B01134003D03B690822A4
:1084600013401AD0BA68E0231B02134003D03B69C3
:108470001022134011D0BA68C0239B02134003D0CE
:108480003B692022134008D0BA68FC231B04134028
:108490000BD03B694022134007D1FB681B68DA6DA3
:1084A000FB681B6801210A43DA65BB680722134099
:1084B00003D03B690122134034D1BB6838221340FA
:1084C00003D03B69022213402CD1BA68E0235B0041
:1084D000134003D03B690422134023D1BA68F02330
:1084E0005B01134003D03B69082213401AD1BA68DC
:1084F000E0231B02134003D03B691022134011D12B
:10850000BA68C0239B02134003D03B69202213406A
:1085100008D1BA68FC231B0413400BD03B694022EE
:10852000134007D0FB681B68DA6DFB681B680221EB
:108530000A43DA65BB688022134009D0FB681B68D8
:10854000DC229958FB681B687A680A43DC215A5080
:10855000BA6880235B00134009D0FB681B68E022E7
:108560009958FB681B687A680A43E0215A50FB68F7
:108570001B68596DFB681B68BA680A435A6500237B
:1085800006E0FB681B6E02221A43FB681A66012391
:108590001800BD4606B080BD80B58CB000AF7860D5
:1085A0007B681B681A6DE0235B011340FB627B68EC
:1085B0001B685A6DFB6A1340FB627B681B681B6D6E
:1085C00007221340BB627B681B685A6DBB6A13406D
:1085D000BB627B681B681B6D382213407B627B6823
:1085E0001B685A6D7B6A13407B627B681B681A6D3F
:1085F000F1231B0413403B627B681B685A6D3B6A86
:1086000013403B627B681B681A6DE0231B03134019
:10861000FB617B681B685A6DFB691340FB617B68DB
:108620001B685B6DBB617B681B681B6D7B617B6935
:10863000402213400BD0BB694022134007D07B6817
:108640001B6840221A657B68180000F016F97A69E9
:1086500080235B0013401BD0BA6980235B0013406A
:1086600016D07B681B68D8229B583B617B681B68CF
:10867000E0229A583B6913403B617B681B6880226B
:1086800052001A653A697B681100180000F0DCF8A6
:10869000FB6A002B09D07B681B68FA6A1A65FA6AC4
:1086A0007B681100180000F0ACF8BB6A002B09D001
:1086B0007B681B68BA6A1A65BA6A7B681100180081
:1086C00007F0BAFC7B6A002B09D07B681B687A6ACA
:1086D0001A657A6A7B681100180000F09BF87A69C5
:1086E00080239B0013400DD0BA6980239B00134068
:1086F00008D07B681B68802292001A657B6818008E
:1087000000F091F87B698022134019D0BB69802268
:10871000134015D07B681B68D4229B58FB607B6894
:108720001B68DC229A58FB681340FB607B681B685F
:1087300080221A65FA687B681100180000F07BF847
:108740007A6980239B0113400DD0BA6980239B0175
:10875000134008D07B681B68802292011A657B68F1
:10876000180000F07AF87A6980231B0213400DD0BC
:10877000BA6980231B02134008D07B681B688022E3
:1087800012021A657B68180000F06FF87A6980237E
:10879000DB0113400FD0BA698023DB0113400AD0FC
:1087A0007B681B688022D2011A657B681B6E802261
:1087B0001A437B681A66FB69002B09D07B681B682B
:1087C000FA691A65FA697B681100180000F065F80B
:1087D0003B6A002B09D07B681B683A6A1A657B6884
:1087E0001A6E3B6A1A437B681A667B681B6E002B05
:1087F00003D07B68180000F048F8C046BD460CB0B6
:1088000080BD80B582B000AF78603960C046BD469B
:1088100002B080BD80B582B000AF78603960C046DC
:10882000BD4602B080BD80B582B000AF7860C04662
:10883000BD4602B080BD80B582B000AF78603960BF
:10884000C046BD4602B080BD80B582B000AF786042
:108850003960C046BD4602B080BD80B582B000AF71
:108860007860C046BD4602B080BD80B582B000AF22
:108870007860C046BD4602B080BD80B582B000AF12
:108880007860C046BD4602B080BD80B582B000AF02
:108890007860C046BD4602B080BD80B582B000AFF2
:1088A00078603960C046BD4602B080BD80B584B0F6
:1088B00000AF78602F4BBB607B681B682E4A9342E9
:1088C00005D1BB68D422920094466344BB607B68A8
:1088D000BA681A647B681B6880229B58274A134039
:1088E00019007B685B6B1A047B681B680A43802154
:1088F0005A50BB6870331A007B685A647B681B68E7
:1089000080229B581E4A134019007B689B6B1A06F5
:108910007B681B680A4380215A50BB68B0331A0039
:108920007B689A64BB688933FF331A007B68DA641A
:10893000BB68982292009A187B681A65BB689E22D1
:1089400092009A187B685A65BB68FB6005E0FB687B
:1089500000221A60FB680433FB60BB68D4229200DB
:1089600094466344FA689A42F1D3C046C046BD4675
:1089700004B080BD00B4004000680040FFFFE0FF8D
:10898000FFFFFFF080B588B000AFF860B9607A6093
:108990003B60BB685B68002B0AD1BB681A69BB6887
:1089A0009B681A43BB681B689B041343FB610BE085
:1089B000BB681A69BB689B681A43BB681B68134392
:1089C0008022D2051343FB61BB681B6A1A06BB6891
:1089D000DB691A43BB689B691A43BB685B691A432E
:1089E000BB68DB681B0413433B61FB68596D3A6845
:1089F0001300DB009B18DB00CB18BB61BB69FA6975
:108A00001A60BB690433BB61BB693A691A60BB6910
:108A10000433BB6100237B6120E07B6903337A6808
:108A2000D3181B781A067B6902337968CB181B7838
:108A30001B041A437B6901337968CB181B781B022E
:108A4000134379687A698A1812781A43BB691A60E5
:108A5000BB690433BB617B6904337B61BB68DB6842
:108A6000054AD35C1A007B699342D6D3C046C04600
:108A7000BD4608B080BDC04610F1010880B584B085
:108A800000AF78607B68002B01D10123A8E07B68F0
:108A90005B6A002B09D17B685A6882235B009A428B
:108AA00009D07B680022DA6105E07B6800221A6148
:108AB0007B6800225A617B6800229A627B685D2293
:108AC0009B5CDBB2002B07D17B685C2200219954B0
:108AD0007B68180006F0FEFA7B685D22022199543B
:108AE0007B681B681A687B681B6840218A431A6090
:108AF0007B68DA68E023DB009A4202D90023FB603E
:108B000002E080235B01FB607B68DA68F0231B01D5
:108B10009A4208D07B68DA68E023DB009A4202D0F0
:108B20007B6800229A627B685A6882235B001A4045
:108B30007B68996884231B020B401A437B681B697E
:108B400002210B401A437B685B6901210B401A43E9
:108B50007B68996980239B000B401A437B68DB6923
:108B600038210B401A437B681B6A80210B401A4353
:108B700011007B689A6A80239B011A407B681B68FE
:108B80000A431A607B689B691B0C04221A407B68AD
:108B90005B6A10210B401A437B685B6B08210B401A
:108BA0001A437B68D968F0231B010B401A4311005C
:108BB000FA6880235B011A407B681B680A435A608D
:108BC0007B681B68DA697B681B6807490A40DA61C1
:108BD0007B6800221A667B685D220121995400237C
:108BE0001800BD4604B080BDFFF7FFFF80B582B01E
:108BF00000AF78607B68002B01D101234AE07B68DD
:108C00003D229B5CDBB2002B07D17B683C2200211C
:108C100099547B68180006F071FB7B683D220221A5
:108C200099547B681A687B6804331900100000F0BF
:108C300065F97B684822012199547B683E22012115
:108C400099547B683F22012199547B68402201217D
:108C500099547B684122012199547B684222012169
:108C600099547B684322012199547B684422012155
:108C700099547B684522012199547B684622012141
:108C800099547B684722012199547B683D22012138
:108C9000995400231800BD4602B080BD80B584B051
:108CA00000AF78607B681B68DB68FB607B681B68D3
:108CB0001B69BB60BB680222134021D0FB68022203
:108CC00013401DD07B681B68032252421A617B68E7
:108CD00001221A777B681B689B690322134004D02A
:108CE0007B68180000F0F2F807E07B68180000F0DD
:108CF000E5F87B68180000F0F1F87B6800221A772D
:108D0000BB680422134022D0FB68042213401ED00B
:108D10007B681B68052252421A617B6802221A771F
:108D20007B681B689A69C0239B00134004D07B6852
:108D3000180000F0CBF807E07B68180000F0BEF8E0
:108D40007B68180000F0CAF87B6800221A77BB68BD
:108D50000822134021D0FB68082213401DD07B68F5
:108D60001B68092252421A617B6804221A777B68C9
:108D70001B68DB690322134004D07B68180000F0F5
:108D8000A5F807E07B68180000F098F87B681800E9
:108D900000F0A4F87B6800221A77BB681022134009
:108DA00022D0FB68102213401ED07B681B68112262
:108DB00052421A617B6808221A777B681B68DA695D
:108DC000C0239B00134004D07B68180000F07EF89D
:108DD00007E07B68180000F071F87B68180000F06D
:108DE0007DF87B6800221A77BB68012213400CD003
:108DF000FB680122134008D07B681B6802225242A4
:108E00001A617B68180000F051F8BB68802213409B
:108E100004D1BA6880239B0113400BD0FB688022E9
:108E2000134007D07B681B681E4A1A617B681800D4
:108E300000F076F9BA6880235B0013400BD0FB6822
:108E40008022134007D07B681B68174A1A617B6831
:108E5000180000F06DF9BB68402213400CD0FB688D
:108E60004022134008D07B681B68412252421A619D
:108E70007B68180000F03AF8BB68202213400CD041
:108E8000FB682022134008D07B681B6821225242D5
:108E90001A617B68180000F03BF9C046BD4604B07B
:108EA00080BDC0467FDFFFFFFFFEFFFF80B582B0C1
:108EB00000AF7860C046BD4602B080BD80B582B0CC
:108EC00000AF7860C046BD4602B080BD80B582B0BC
:108ED00000AF7860C046BD4602B080BD80B582B0AC
:108EE00000AF7860C046BD4602B080BD80B582B09C
:108EF00000AF7860C046BD4602B080BD80B584B08A
:108F000000AF786039607B681B68FB607B683D4A16
:108F100093420CD07A688023DB059A4207D07B68A5
:108F2000394A934203D07B68384A934208D1FB68A0
:108F300070229343FB603B685B68FA681343FB60F5
:108F40007B68304A93421CD07A688023DB059A42C2
:108F500017D07B682C4A934213D07B682B4A9342EC
:108F60000FD07B682A4A93420BD07B68294A9342F0
:108F700007D07B68284A934203D07B68274A9342F4
:108F800008D1FB68264A1340FB603B68DB68FA683F
:108F90001343FB60FB68802293431A003B685B69C4
:108FA0001343FB603B689A687B68DA623B681A6827
:108FB0007B689A627B68134A93420BD07B68154AA0
:108FC000934207D07B68144A934203D07B68134ACC
:108FD000934203D13B681A697B681A637B681B68FC
:108FE00004221A437B681A607B6801225A61BFF32E
:108FF0004F8FC0467B68FA681A60C046BD4604B011
:1090000080BDC046002C0140000400400008004024
:109010000020004000400140004401400048014061
:10902000FFFCFFFF80B584B000AF786039607B68DB
:109030003C229B5C012B01D102235AE07B683C223D
:10904000012199547B683D22022199547B681B6859
:109050005B68FB607B681B689B68BB607B681B6808
:10906000264A934208D1FB68254A1340FB603B68BF
:109070005B68FA681343FB60FB6870229343FB60F4
:109080003B681B68FA681343FB607B681B68FA68DF
:109090005A607B681B68194A934214D07B681A682F
:1090A0008023DB059A420ED07B681B68154A9342E9
:1090B00009D07B681B68144A934204D07B681B6804
:1090C000124A93420CD1BB6880229343BB603B6839
:1090D0009B68BA681343BB607B681B68BA689A6078
:1090E0007B683D22012199547B683C2200219954E0
:1090F00000231800BD4604B080BDC046002C0140CE
:10910000FFFF0FFF00040040000800400040014046
:1091100080B582B000AF7860C046BD4602B080BD69
:1091200080B582B000AF7860C046BD4602B080BD59
:1091300080B582B000AF7860C046BD4602B080BD49
:1091400080B582B000AF78607B68002B01D101232D
:1091500046E07B6888229B58002B07D17B688422DD
:10916000002199547B68180006F00CFA7B6888226D
:10917000242199507B681B681A687B681B68012151
:109180008A431A607B689B6A002B03D07B681800B7
:1091900000F0E8FF7B68180000F08EFC0300012B54
:1091A00001D101231CE07B681B685A687B681B683F
:1091B0000D490A405A607B681B689A687B681B6887
:1091C0002A218A439A607B681B681A687B681B683F
:1091D00001210A431A607B68180001F077F8030048
:1091E0001800BD4602B080BDFFB7FFFF80B58AB052
:1091F00002AFF860B9603B60BB1D1A80FB68882233
:109200009B58202B00D09AE0BB68002B03D0BB1DDD
:109210001B88002B01D1012392E0FB689A68802310
:109220005B019A4209D1FB681B69002B05D1BB6821
:109230000122134001D0012382E0FB68902200212B
:109240009950FB68882221219950FDF78FFC03007B
:109250007B61FB68BA1D542112885A52FB68BA1D03
:10926000562112885A52FB689A6880235B019A4201
:1092700008D1FB681B69002B04D10023FB61BB688C
:10928000BB6103E0BB68FB610023BB613AE07A6924
:10929000F8683B68009313000022802101F0C0F8B9
:1092A000031E05D0FB68882220219950032347E044
:1092B000FB69002B0BD1BB691B881A00FB681B687C
:1092C000D205D20D9A62BB690233BB6107E0FB692C
:1092D0001A78FB681B689A62FB690133FB61FB68C3
:1092E00088229B5821221340212B09D1FB6856224A
:1092F0009B5A9BB2013B99B2FB685622995201E0FE
:1093000001231DE0FB6856229B5A9BB2002BBED165
:109310007A69F8683B68009313000022402101F04D
:109320007FF8031E05D0FB68882220219950032373
:1093300006E0FB68882220219950002300E00223E8
:109340001800BD4608B080BD80B588B000AFF86099
:10935000B960BB1D1A80FB688C229B58202B4FD113
:10936000BB68002B03D0BB1D1B88002B01D1012340
:1093700047E0FB689A6880235B019A4209D1FB6849
:109380001B69002B05D1BB680122134001D00123CA
:1093900037E0FB680022DA66FB681B681B4A9342D1
:1093A00025D0FB681B681A4A934220D0FB681B68D3
:1093B0005A6880231B04134019D0EFF310833B61DC
:1093C0003B69FB6101237B617B6983F31088C046A5
:1093D000FB681B681A68FB681B688021C9040A4384
:1093E0001A60FB69BB61BB6983F31088C046BB1D73
:1093F0001A88B968FB68180001F082F8030000E0E1
:1094000002231800BD4608B080BDC0460080004061
:1094100000840040B0B5AAB000AF78607B681B68DC
:10942000DB69A422B9180B607B681B681B68A0204D
:1094300039180B607B681B689B689C2439190B608A
:109440001100BB181B68A24A13409822BD182B605C
:10945000BB181B68002B1AD17B181B6820221340F5
:1094600015D03B181B682022134005D13B191A6800
:1094700080235B0513400AD07B685B6F002B00D113
:10948000FBE27B685B6F7A6810009847F5E29823EF
:10949000FB181B68002B00D122E19C23FB181B68E2
:1094A0008C4A134006D1A023FB181B688A4A13403C
:1094B00000D115E1A423FB181B680122134012D030
:1094C000A023FB181A6880235B0013400BD07B6835
:1094D0001B6801221A627B6890229B5801221A4362
:1094E0007B6890215A50A423FB181B68022213406A
:1094F00011D09C23FB181B68012213400BD07B6802
:109500001B6802221A627B6890229B5804221A432D
:109510007B6890215A50A423FB181B680422134037
:1095200011D09C23FB181B68012213400BD07B68D1
:109530001B6804221A627B6890229B5802221A43FD
:109540007B6890215A50A423FB181B680822134003
:1095500017D0A023FB181B682022134005D19C23A1
:10956000FB181B685B4A13400BD07B681B68082202
:109570001A627B6890229B5808221A437B689021CC
:109580005A50A423FB181A6880231B01134013D0E0
:10959000A023FB181A688023DB0413400CD07B68DF
:1095A0001B68802212011A627B6890229B5820223D
:1095B0001A437B6890215A507B6890229B58002B5D
:1095C00000D15CE2A423FB181B682022134015D0B5
:1095D000A023FB181B682022134006D19C23FB18F4
:1095E0001A6880235B05134008D07B685B6F002BF3
:1095F00004D07B685B6F7A68100098477B68902284
:109600009B5894217A1813607B681B689B684022E2
:109610001340402B04D07B181B68282213404CD0E9
:109620007B68180001F090F87B681B689B684022FB
:109630001340402B3CD1EFF310833B663B6E9020F0
:109640003A18136001237B667B6E83F31088C04653
:109650007B681B689A687B681B6840218A439A6014
:109660003B181B68BB66BB6E83F31088C0467B68E3
:1096700080229B58002B16D07B6880229B58174A6B
:109680009A637B6880229B581800FCF7F1FE031E4A
:109690001CD07B6880229B589B6B7A688021525833
:1096A0001000984712E07B68180006F01BFB0DE0E5
:1096B0007B68180006F016FB08E07B68180006F0CF
:1096C00011FB7B68902200219950D8E1C046D6E179
:1096D0000F080000010000102001000415A8000878
:1096E0007B68DB6E012B00D05DE1A423FB181B68B7
:1096F0001022134000D156E1A023FB181B68102252
:10970000134000D14FE17B681B6810221A627B680E
:109710001B689B6840221340402B00D0C3E07B684D
:1097200080229B581B685A687E217B181A807B1800
:109730001B88002B00D197E07B685C229B5A7A182B
:1097400012889A4200D38FE07B687A185E211288D3
:109750005A527B6880229B581B681B68202213404A
:1097600070D1EFF310833B633B6BBB6701237B63DB
:109770007B6B83F31088C0467B681B681A687B6824
:109780001B68C4490A401A60BB6FBB63BB6B83F3A1
:109790001088C046EFF31083FB63FB6B7B670123EC
:1097A0003B643B6C83F31088C0467B681B689A68F7
:1097B0007B681B6801218A439A607B6F7B647B6CAA
:1097C00083F31088C046EFF31083BB64BB6C3B6728
:1097D0000123FB64FB6C83F31088C0467B681B6825
:1097E0009A687B681B6840218A439A603B6F3B659F
:1097F0003B6D83F31088C0467B688C2220219950F2
:109800007B680022DA66EFF310837B657B6DFB6675
:109810000123BB65BB6D83F31088C0467B681B6862
:109820001A687B681B6810218A431A60FB6EFB650F
:10983000FB6D83F31088C0467B6880229B5818001C
:10984000FCF7B6FD7B6802221A677B685C229A5A95
:109850007B685E215B5A9BB2D31A9AB27B68110077
:10986000180000F01DF90CE17B685C229B5A7E22F7
:10987000BA1812889A4200D003E17B6880229B5874
:109880001B681B6820221340202B00D0F9E07B6866
:1098900002221A677B685C229A5A7B6811001800C2
:1098A00000F0FEF8EDE07B685C22995A7B685E224E
:1098B0009B5A9AB28E203B188A1A1A807B685E22C5
:1098C0009B5A9BB2002B00D1DDE03B181B88002B7C
:1098D00000D1D8E0EFF31083FB60FB6888243A19CD
:1098E000136001233B613B6983F31088C0467B68AA
:1098F0001B681A687B681B6867490A401A603B1935
:109900001B687B617B6983F31088C046EFF310838B
:10991000BB61BB6984243A1913600123FB61FB69B5
:1099200083F31088C0467B681B689A687B681B6855
:109930005A490A409A603B191B683B623B6A83F3B1
:109940001088C0467B688C22202199507B680022B9
:10995000DA667B6800225A67EFF310837B627B6ACA
:1099600080243A1913600123BB62BB6A83F3108819
:10997000C0467B681B681A687B681B6810218A4395
:109980001A603B191B68FB62FB6A83F31088C046B0
:109990007B6802221A673B181A887B68110018003E
:1099A00000F07EF86FE0A423FB181A6880235B03A5
:1099B000134010D09C23FB181A688023DB0313404C
:1099C00009D07B681B68802252031A627B681800EA
:1099D00001F08CFC5AE0A423FB181B688022134082
:1099E00016D0A023FB181B688022134006D19C23AD
:1099F000FB181A6880231B04134009D07B689B6FF7
:109A0000002B42D07B689B6F7A68100098473CE03F
:109A1000A423FB181B68402213400AD0A023FB1884
:109A20001B684022134004D07B68180000F001FF3F
:109A30002CE0A423FB181A6880231B0413400BD0CE
:109A4000A023FB181A688023DB05134004D07B6831
:109A5000180001F05BFC19E0A423FB181A688023AE
:109A60005B04134012D0A023FB181B68002B0DDAF7
:109A70007B68180001F042FC08E0C04606E0C046E2
:109A800004E0C04602E0C04600E0C046BD462AB041
:109A9000B0BDC046FFFEFFFFDFFEFFFFFEFFFFEF92
:109AA00080B582B000AF78600A00BB1C1A80C04647
:109AB000BD4602B080BD0000B0B590B000AF786286
:109AC0001A2320229B18DB1900221A707B6A9A68DD
:109AD0007B6A1B691A437B6A5B691A437B6ADB6991
:109AE0001343FB637B6A1B681B68C14A1340190060
:109AF0007B6A1A68FB6B0B4313607B6A1B685B68AD
:109B0000BC4A134018007B6AD9687B6A1A68030054
:109B10000B4353607B6A9B69FB637B6A1B68B64A95
:109B2000934209D07B6A1B68B44A934204D07B6A93
:109B30001B6AFA6B1343FB637B6A1B689B68B04A22
:109B4000134019007B6A1A68FB6B0B4393607B6AB6
:109B50001B68DB6A0F22934318007B6A596A7B6A91
:109B60001A6803000B43D3627B6A1B68A54A9342C1
:109B700031D1A54B5B6D03221340032B1DD023D89D
:109B8000022B0CD020D8002B02D0012B0ED01BE0D2
:109B90001B2320229B18DB1900221A7054E11B237F
:109BA00020229B18DB1902221A704DE11B23202270
:109BB0009B18DB1904221A7046E11B2320229B18F4
:109BC000DB1908221A703FE11B2320229B18DB19A6
:109BD00010221A7038E17B6A1B688C4A934231D19B
:109BE000894B5B6D0C2213400C2B1DD023D8082B06
:109BF0000CD020D8002B02D0042B0ED01BE01B234E
:109C000020229B18DB1900221A701DE11B23202241
:109C10009B18DB1902221A7016E11B2320229B18C5
:109C2000DB1904221A700FE11B2320229B18DB1979
:109C300008221A7008E11B2320229B18DB1910222E
:109C40001A7001E17B6A1B68714A934231D16E4BF5
:109C50005B6D30221340302B1DD023D8202B0CD02D
:109C600020D8002B02D0102B0ED01BE01B2320226B
:109C70009B18DB1900221A70E6E01B2320229B1898
:109C8000DB1902221A70DFE01B2320229B18DB194C
:109C900004221A70D8E01B2320229B18DB1908220B
:109CA0001A70D1E01B2320229B18DB1910221A7096
:109CB000CAE07B6A1B68574A934206D11B232022C5
:109CC0009B18DB1900221A70BEE07B6A1B68524A9F
:109CD000934206D11B2320229B18DB1900221A7005
:109CE000B2E07B6A1B684D4A934206D11B232022B7
:109CF0009B18DB1900221A70A6E07B6A1B683E4A9B
:109D000093423ED1404B5A6DC0231B011340C022E9
:109D10001201934227D0C022120193422AD88022F6
:109D20001201934211D080221201934222D8002BBB
:109D300004D08022D20093420ED01BE01B232022AD
:109D40009B18DB1900221A707EE01B2320229B182F
:109D5000DB1902221A7077E01B2320229B18DB19E3
:109D600004221A7070E01B2320229B18DB190822A2
:109D70001A7069E01B2320229B18DB1910221A702D
:109D800062E07B6A1B681D4A934257D11E4B5A6D95
:109D9000C0239B001340C0229200934240D0C022B7
:109DA0009200934243D880229200934211D08022A5
:109DB000920093423BD8002B04D080225200934261
:109DC0000ED034E01B2320229B18DB1900221A70CE
:109DD0003AE01B2320229B18DB1902221A7033E081
:109DE0001B2320229B18DB1904221A702CE0C0468A
:109DF000F369FFCFFFCFFFFF0080004000840040E9
:109E0000FFF4FF1100380140001002400044004000
:109E100000480040004C004000500040003C014021
:109E20001B2320229B18DB1908221A700CE01B232D
:109E300020229B18DB1910221A7005E01B23202218
:109E40009B18DB1910221A707B6A1B68C14A934267
:109E500005D07B6A1B68C04A934200D093E01B2365
:109E600020229B18DB191B78082B15D018DC042B3B
:109E70000DD015DC002B02D0022B05D010E0FBF733
:109E8000B1FB03007B6314E0B44B7B6311E0FBF791
:109E90001DFB03007B630CE080231B027B6308E057
:109EA00000237B631A2320229B18DB1901221A70DE
:109EB000C0467B6B002B00D135E17B6A5A6AA84B08
:109EC0005200D35A1900786BF6F71EF90300BB62F3
:109ED0007B6A5A6813005B009B18BA6A9A4205D3E2
:109EE0007B6A5B681B03BA6A9A4206D91A2320224E
:109EF0009B18DB1901221A7044E07B6BBB610023C5
:109F0000FB617B6A5A6A964B5200D35A3B6100232D
:109F10007B613A697B69B869F969F6F7A5FA0200CD
:109F20000B00110E1D020D4314027B6A5B685B0877
:109F3000BB600023FB60B868F968001969417B6A5F
:109F40005B683B6000237B603A687B68F6F78CFABD
:109F500002000B0013003B633A6BC0239B009A4244
:109F600009D33A6B80235B039A4204D27B6A1B6855
:109F70003A6BDA6006E01A2320229B18DB190122D3
:109F80001A70D0E0CFE07B6ADA6980231B029A4224
:109F900000D070E01B2320229B18DB191B78082BB4
:109FA00015D018DC042B0DD015DC002B02D0022BB1
:109FB00005D010E0FBF716FB03007B6314E0674B52
:109FC0007B6311E0FBF782FA03007B630CE08023E4
:109FD0001B027B6308E000237B631A2320229B186B
:109FE000DB1901221A70C0467B6B002B00D19AE06E
:109FF0007B6A5A6A5A4B5200D35A1900786BF6F7AB
:10A0000083F803005A007B6A5B685B08D2187B6A9E
:10A010005B6819001000F6F777F803003B633B6BB1
:10A020000F2B21D93A6B80235B029A421CD23B6BE7
:10A030009AB20E2020240319DB190F218A431A80BB
:10A040003B6B5B089BB20722134099B20319DB19E3
:10A050000219D21912880A431A807B6A1B680219F6
:10A06000D2191288DA605EE01A2320229B18DB19CD
:10A0700001221A7057E01B2320229B18DB191B7842
:10A08000082B15D018DC042B0DD015DC002B02D0CA
:10A09000022B05D010E0FBF7A5FA03007B6314E068
:10A0A0002E4B7B6311E0FBF711FA03007B630CE09E
:10A0B00080231B027B6308E000237B631A2320229A
:10A0C0009B18DB1901221A70C0467B6B002B2AD02B
:10A0D0007B6A5A6A224B5200D35A1900786BF6F702
:10A0E00013F803001A007B6A5B685B08D2187B6A6E
:10A0F0005B6819001000F6F707F803003B633B6B41
:10A100000F2B0AD93A6B80235B029A4205D23B6B34
:10A110009AB27B6A1B68DA6005E01A2320229B183A
:10A12000DB1901221A707B6A6A22012199527B6A2B
:10A130006822012199527B6A00225A677B6A0022B9
:10A140009A671A2320229B18DB191B781800BD463A
:10A1500010B0B0BD00800040008400400024F40036
:10A1600020F1010880B582B000AF78607B689B6AFF
:10A17000082213400BD07B681B685B684A4A134077
:10A1800019007B689A6B7B681B680A435A607B687E
:10A190009B6A012213400BD07B681B685B68434AB3
:10A1A000134019007B68DA6A7B681B680A435A60AF
:10A1B0007B689B6A022213400BD07B681B685B683C
:10A1C0003B4A134019007B681A6B7B681B680A4383
:10A1D0005A607B689B6A042213400BD07B681B6823
:10A1E0005B68344A134019007B685A6B7B681B68B4
:10A1F0000A435A607B689B6A102213400BD07B682D
:10A200001B689B682C4A134019007B68DA6B7B68DB
:10A210001B680A439A607B689B6A202213400BD01C
:10A220007B681B689B68254A134019007B681A6C81
:10A230007B681B680A439A607B689B6A40221340D4
:10A240001DD07B681B685B681D4A134019007B6842
:10A250005A6C7B681B680A435A607B685A6C80237F
:10A260005B039A420BD17B681B685B68154A1340FD
:10A2700019007B689A6C7B681B680A435A607B688C
:10A280009B6A802213400BD07B681B685B680E4A78
:10A29000134019007B68DA6C7B681B680A435A60BC
:10A2A000C046BD4602B080BDFF7FFFFFFFFFFDFF40
:10A2B000FFFFFEFFFFFFFBFFFFEFFFFFFFDFFFFFE3
:10A2C000FFFFEFFFFFFF9FFFFFFFF7FF80B592B09B
:10A2D00002AF78607B68902200219950FCF746FC21
:10A2E0000300FB637B681B681B6808221340082B74
:10A2F0002DD1FB6B802291037868474A009200229F
:10A3000000F08EF8031E22D0EFF310837B627B6A8D
:10A31000BB630123BB62BB6A83F31088C0467B68C2
:10A320001B681A687B681B6880218A431A60BB6BB4
:10A33000FB62FB6A83F31088C0467B688822202179
:10A3400099507B68842200219954032360E07B6844
:10A350001B681B6804221340042B46D1FB6B802230
:10A36000D10378682C4A0092002200F059F8031EAD
:10A370003BD0EFF31083FB60FB687B6301233B6101
:10A380003B6983F31088C0467B681B681A687B684A
:10A390001B6822490A401A607B6B7B617B6983F3EF
:10A3A0001088C046EFF31083BB61BB693B63012398
:10A3B000FB61FB6983F31088C0467B681B689A6861
:10A3C0007B681B6801218A439A603B6B3B623B6A56
:10A3D00083F31088C0467B688C22202199507B68CB
:10A3E000842200219954032312E07B6888222021D3
:10A3F00099507B688C22202199507B680022DA6674
:10A400007B6800221A677B6884220021995400230C
:10A410001800BD4610B080BDFFFFFF01DFFEFFFF4B
:10A4200080B584B000AFF860B9603B60FB1D1A7066
:10A4300051E0BB6901334ED0FCF798FB02003B684A
:10A44000D31ABA699A4202D3BB69002B01D1032304
:10A4500051E0FB681B681B68042213403BD0BB68BB
:10A46000802B38D0BB68402B35D0FB681B68DB697C
:10A4700008221340082B11D1FB681B6808221A62BE
:10A48000FB68180000F060F9FB68902208219950E1
:10A49000FB6884220021995401232CE0FB681B688F
:10A4A000DA6980231B011A4080231B019A4212D1D2
:10A4B000FB681B68802212011A62FB68180000F01A
:10A4C00043F9FB68902220219950FB6884220021E7
:10A4D000995403230FE0FB681B68DB69BA681340DB
:10A4E000BA68D31A5A425341DBB21A00FB1D1B78DB
:10A4F0009A429ED000231800BD4604B080BD0000E3
:10A5000080B598B000AFF860B960BB1D1A80FB68D9
:10A51000BA689A65FB68BA1D5C2112885A52FB68BA
:10A52000BA1D5E2112885A52FB6800225A67FB68E6
:10A530009A6880235B019A420DD1FB681B69002B4E
:10A5400004D1FB6860227B4999522EE0FB686022AF
:10A55000FF21995229E0FB689B68002B0DD1FB6815
:10A560001B69002B04D1FB686022FF2199521CE07B
:10A57000FB6860227F21995217E0FB689A6880236C
:10A580005B059A420DD1FB681B69002B04D1FB6867
:10A5900060227F21995208E0FB6860223F21995296
:10A5A00003E0FB68602200219952FB6890220021A1
:10A5B0009950FB688C2222219950EFF310833B6461
:10A5C0003B6CFB6501237B647B6C83F31088C04686
:10A5D000FB681B689A68FB681B6801210A439A6044
:10A5E000FB6DBB64BB6C83F31088C046FB685A6E7E
:10A5F00080239B059A4250D1FB6868229B5ABA1D62
:10A6000012889A4249D3FB689A6880235B019A4278
:10A6100007D1FB681B69002B03D1FB68464A5A67C8
:10A6200002E0FB68454A5A67FB681B69002B19D09A
:10A63000EFF310837B637B6BBB650123BB63BB6B59
:10A6400083F31088C046FB681B681A68FB681B68A8
:10A65000802149000A431A60BB6DFB63FB6B83F3E7
:10A660001088C046EFF31083BB62BB6A7B65012391
:10A67000FB62FB6A83F31088C046FB681B689A681C
:10A68000FB681B68802149050A439A607B6D3B6328
:10A690003B6B83F31088C04647E0FB689A688023D1
:10A6A0005B019A4207D1FB681B69002B03D1FB6851
:10A6B000234A5A6702E0FB68224A5A67FB681B6913
:10A6C000002B19D0EFF31083FB61FB69FB640123BE
:10A6D0003B623B6A83F31088C046FB681B681A68BC
:10A6E000FB681B68902149000A431A60FB6C7B627F
:10A6F0007B6A83F3108818E0EFF310833B613B69BA
:10A700003B6501237B617B6983F31088C046FB684E
:10A710001B681A68FB681B6820210A431A603B6D9E
:10A72000BB61BB6983F31088C04600231800BD4697
:10A7300018B080BDFF01000085AF000835AC0008EF
:10A7400061AA00088DA8000880B58EB000AF7860BF
:10A75000EFF310837B617B697B630123BB61BB6982
:10A7600083F31088C0467B681B681A687B681B6887
:10A7700026490A401A607B6BFB61FB6983F31088F2
:10A78000C046EFF310833B623B6A3B6301237B626D
:10A790007B6A83F31088C0467B681B689A687B6875
:10A7A0001B681B490A409A603B6BBB62BB6A83F320
:10A7B0001088C0467B68DB6E012B18D1EFF3108345
:10A7C000BB60BB68FB620123FB60FB6883F31088FE
:10A7D000C0467B681B681A687B681B6810218A4327
:10A7E0001A60FB6A3B613B6983F31088C0467B6853
:10A7F0008C22202199507B680022DA667B68002237
:10A800005A67C046BD460EB080BDC046DFFEFFFFA2
:10A81000FEFFFFEF80B584B000AF78607B689B6A75
:10A82000FB60FB68180005F05DFAC046BD4604B049
:10A8300080BD80B586B000AF7860EFF31083BB6059
:10A84000BB687B610123FB60FB6883F31088C04613
:10A850007B681B681A687B681B6840218A431A6002
:10A860007B693B613B6983F31088C0467B68882223
:10A87000202199507B6800229A677B68180012F0AB
:10A88000A5FEC046BD4606B080BD000080B594B0B0
:10A8900000AF78604E203B187A686021525A1A80C7
:10A8A0007B688C229B58222B00D0C4E07B681B68FD
:10A8B0005A6A4C217B181A807B181B88DAB23B1825
:10A8C0001B88D9B27B689B6D0A40D2B21A707B6834
:10A8D0009B6D5A1C7B689A657B685E229B5A9BB273
:10A8E000013B99B27B685E2299527B685E229B5A3B
:10A8F0009BB2002B00D0A6E0EFF310837B627B6A53
:10A90000BB640123BB62BB6A83F31088C0467B68CB
:10A910001B681A687B681B684D490A401A60BB6C4B
:10A92000FB62FB6A83F31088C046EFF310833B633E
:10A930003B6B7B6401237B637B6B83F31088C04696
:10A940007B681B689A687B681B6801218A439A6050
:10A950007B6CBB63BB6B83F31088C0467B688C2227
:10A96000202199507B6800225A677B6800221A6771
:10A970007B681B68374A934224D07B681B68364A41
:10A9800093421FD07B681B685A6880231B041340C6
:10A9900018D0EFF31083BB61BB693B640123FB61FB
:10A9A000FB6983F31088C0467B681B681A687B6864
:10A9B0001B682A490A401A603B6C3B623B6A83F37E
:10A9C0001088C0467B68DB6E012B2FD17B6800228C
:10A9D000DA66EFF31083FB60FB68FB6301233B61E6
:10A9E0003B6983F31088C0467B681B681A687B68E4
:10A9F0001B6810218A431A60FB6B7B617B6983F3C0
:10AA00001088C0467B681B68DB6910221340102B3E
:10AA100003D17B681B6810221A627B685C229A5AF9
:10AA20007B6811001800FFF73BF80CE07B6818000A
:10AA300005F01CF907E07B681B689A697B681B6856
:10AA400008210A439A61C046BD4614B080BDC04685
:10AA5000DFFEFFFF0080004000840040FFFFFFFB9F
:10AA600080B594B000AF78604E203B187A686021C2
:10AA7000525A1A807B688C229B58222B00D0C4E04B
:10AA80007B681B685A6A4C217B181A807B689B6D17
:10AA9000BB647B183A181B88128813409AB2BB6CAF
:10AAA0001A807B689B6D9A1C7B689A657B685E2226
:10AAB0009B5A9BB2013B99B27B685E2299527B689C
:10AAC0005E229B5A9BB2002B00D0A6E0EFF31083CE
:10AAD0003B623B6A7B6401237B627B6A83F3108861
:10AAE000C0467B681B681A687B681B684D490A4032
:10AAF0001A607B6CBB62BB6A83F31088C046EFF3BD
:10AB00001083FB62FB6A3B6401233B633B6B83F373
:10AB10001088C0467B681B689A687B681B680121A7
:10AB20008A439A603B6C7B637B6B83F31088C046DF
:10AB30007B688C22202199507B6800225A677B68B1
:10AB400000221A677B681B68374A934224D07B68CF
:10AB50001B68364A93421FD07B681B685A68802363
:10AB60001B04134018D0EFF310837B617B69FB63F8
:10AB70000123BB61BB6983F31088C0467B681B68F7
:10AB80001A687B681B682A490A401A60FB6BFB61E4
:10AB9000FB6983F31088C0467B68DB6E012B2FD1E5
:10ABA0007B680022DA66EFF31083BB60BB68BB638F
:10ABB0000123FB60FB6883F31088C0467B681B6839
:10ABC0001A687B681B6810218A431A60BB6B3B6163
:10ABD0003B6983F31088C0467B681B68DB691022E1
:10ABE0001340102B03D17B681B6810221A627B680C
:10ABF0005C229A5A7B6811001800FEF751FF0CE0A6
:10AC00007B68180005F032F807E07B681B689A69DA
:10AC10007B681B6808210A439A61C046BD4614B090
:10AC200080BDC046DFFEFFFF008000400084004082
:10AC3000FFFFFFFB80B5A0B000AF78607A23FB1860
:10AC40007A686021525A1A807B681B68DB69FB674F
:10AC50007B681B681B687B677B681B689B683B671E
:10AC60007B688C229B58222B00D070E16E23FB184E
:10AC70007A686821525A1A8017E17B681B685A6A01
:10AC80006C217B181A807B181B88DAB27A23FB1898
:10AC90001B88D9B27B689B6D0A40D2B21A707B6860
:10ACA0009B6D5A1C7B689A657B685E229B5A9BB29F
:10ACB000013B99B27B685E2299527B681B68DB6915
:10ACC000FB67FB6F0722134049D0FB6F0122134043
:10ACD00010D07A6F80235B0013400BD07B681B6819
:10ACE00001221A627B6890229B5801221A437B68DA
:10ACF00090215A50FB6F022213400FD03B6F01226C
:10AD000013400BD07B681B6802221A627B6890227A
:10AD10009B5804221A437B6890215A50FB6F0422EF
:10AD200013400FD03B6F012213400BD07B681B6890
:10AD300004221A627B6890229B5802221A437B6885
:10AD400090215A507B6890229B58002B07D07B683B
:10AD5000180004F0C7FF7B689022002199507B689F
:10AD60005E229B5A9BB2002B00D09EE0EFF3108333
:10AD7000BB63BB6BBB660123FB63FB6B83F3108878
:10AD8000C0467B681B681A687B681B6876490A4066
:10AD90001A60BB6E3B643B6C83F31088C046EFF3D4
:10ADA00010837B647B6C7B660123BB64BB6C83F389
:10ADB0001088C0467B681B689A687B681B686B4973
:10ADC0000A409A607B6EFB64FB6C83F31088C0467C
:10ADD0007B688C22202199507B6800225A677B680F
:10ADE00000221A677B681B68614A934224D07B6803
:10ADF0001B68604A93421FD07B681B685A68802397
:10AE00001B04134018D0EFF31083FB62FB6A3B6610
:10AE100001233B633B6B83F31088C0467B681B6850
:10AE20001A687B681B6854490A401A603B6E7B6352
:10AE30007B6B83F31088C0467B68DB6E012B2FD1C0
:10AE40007B680022DA66EFF310833B623B6AFB65A6
:10AE500001237B627B6A83F31088C0467B681B6892
:10AE60001A687B681B6810218A431A60FB6DBB62FD
:10AE7000BB6A83F31088C0467B681B68DB691022BD
:10AE80001340102B03D17B681B6810221A627B6869
:10AE90005C229A5A7B6811001800FEF701FE0EE052
:10AEA0007B68180004F0E2FE09E06E23FB181B88A3
:10AEB000002B04D0FB6F2022134000D0DDE65A2087
:10AEC0003B187A685E21525A1A8001007B181B8851
:10AED000002B44D07B6868229B5A7A1812889A42C9
:10AEE0003DD2EFF31083BB60BB687B650123FB6041
:10AEF000FB6883F31088C0467B681B689A687B6890
:10AF00001B681E490A409A607B6D3B613B6983F375
:10AF10001088C0467B681A4A5A67EFF310837B613A
:10AF20007B693B650123BB61BB6983F31088C04625
:10AF30007B681B681A687B681B6820210A431A60BB
:10AF40003B6DFB61FB6983F31088C04607E07B68BB
:10AF50001B689A697B681B6808210A439A61C0468E
:10AF6000BD4620B080BDC046FFFEFFFFFEFFFFEFE5
:10AF70000080004000840040FFFFFFFBFFFFFFEF69
:10AF80008DA8000880B5A2B000AF78608223FB18BE
:10AF90007A686021525A1A807B681B68DB698422B8
:10AFA000BA1813607B681B681B68FB677B681B68AB
:10AFB0009B68BB677B688C229B58222B00D07AE170
:10AFC0007623FB187A686821525A1A801FE17B6841
:10AFD0001B685A6A74217B181A807B689B6D3B67DB
:10AFE0007B188222BA181B88128813409AB23B6FD2
:10AFF0001A807B689B6D9A1C7B689A657B685E22D1
:10B000009B5A9BB2013B99B27B685E2299527B6846
:10B010001B68DB6984217A1813607B181B68072280
:10B0200013404ED07B181B680122134010D0FA6FDA
:10B0300080235B0013400BD07B681B6801221A62DF
:10B040007B6890229B5801221A437B6890215A50BA
:10B050008423FB181B68022213400FD0BB6F012210
:10B0600013400BD07B681B6802221A627B68902217
:10B070009B5804221A437B6890215A508423FB1862
:10B080001B68042213400FD0BB6F012213400BD06A
:10B090007B681B6804221A627B6890229B580222FC
:10B0A0001A437B6890215A507B6890229B58002B52
:10B0B00007D07B68180004F015FE7B689022002101
:10B0C00099507B685E229B5A9BB2002B00D09EE079
:10B0D000EFF31083FB63FB6BFB6601233B643B6C6C
:10B0E00083F31088C0467B681B681A687B681B68FE
:10B0F00077490A401A60FB6E7B647B6C83F310888F
:10B10000C046EFF31083BB64BB6CBB660123FB64DA
:10B11000FB6C83F31088C0467B681B689A687B6869
:10B120001B686C490A409A60BB6E3B653B6D83F3BC
:10B130001088C0467B688C22202199507B680022B1
:10B140005A677B6800221A677B681B68624A9342D1
:10B1500024D07B681B68614A93421FD07B681B68C0
:10B160005A6880231B04134018D0EFF310833B630D
:10B170003B6B7B6601237B637B6B83F31088C0464C
:10B180007B681B681A687B681B6855490A401A600F
:10B190007B6EBB63BB6B83F31088C0467B68DB6E42
:10B1A000012B2FD17B680022DA66EFF310837B62DC
:10B1B0007B6A3B660123BB62BB6A83F31088C0468F
:10B1C0007B681B681A687B681B6810218A431A60B9
:10B1D0003B6EFB62FB6A83F31088C0467B681B688A
:10B1E000DB6910221340102B03D17B681B681022EF
:10B1F0001A627B685C229A5A7B6811001800FEF77D
:10B200004FFC10E07B68180004F030FD0BE0762363
:10B21000FB181B88002B06D08423FB181B682022F8
:10B22000134000D0D3E65E203B187A685E21525A64
:10B230001A8001007B181B88002B44D07B68682291
:10B240009B5A7A1812889A423DD2EFF31083FB6022
:10B25000FB68BB6501233B613B6983F31088C046F3
:10B260007B681B689A687B681B681E490A409A6065
:10B27000BB6D7B617B6983F31088C0467B681A4A8B
:10B280005A67EFF31083BB61BB697B650123FB61E8
:10B29000FB6983F31088C0467B681B681A687B686B
:10B2A0001B6820210A431A607B6D3B623B6A83F373
:10B2B0001088C04607E07B681B689A697B681B683A
:10B2C00008210A439A61C046BD4622B080BDC046EF
:10B2D000FFFEFFFFFEFFFFEF008000400084004004
:10B2E000FFFFFFFBFFFFFFEF61AA000880B582B000
:10B2F00000AF7860C046BD4602B080BD80B582B068
:10B3000000AF7860C046BD4602B080BD80B582B057
:10B3100000AF7860C046BD4602B080BD80B584B045
:10B3200000AF78607B6884229B5C012B01D10223F3
:10B3300027E07B688422012199547B68882224219C
:10B3400099507B681B681B68FB607B681B681A68E8
:10B350007B681B6801218A431A60FB680B4A134013
:10B36000FB607B6800225A667B681B68FA681A607B
:10B370007B688822202199507B688422002199547F
:10B3800000231800BD4604B080BDC046FFFFFFDFAC
:10B3900080B584B000AF786039607B6884229B5CA4
:10B3A000012B01D102232EE07B68842201219954D4
:10B3B0007B688822242199507B681B681B68FB608E
:10B3C0007B681B681A687B681B6801218A431A60C6
:10B3D0007B681B689B68DB00D9087B681B683A6840
:10B3E0000A439A607B68180000F054F87B681B6879
:10B3F000FA681A607B688822202199507B68842231
:10B400000021995400231800BD4604B080BD0000FF
:10B4100080B584B000AF786039607B6884229B5C23
:10B42000012B01D102232FE07B6884220121995452
:10B430007B688822242199507B681B681B68FB600D
:10B440007B681B681A687B681B6801218A431A6045
:10B450007B681B689B680E4A134019007B681B6859
:10B460003A680A439A607B68180000F013F87B681A
:10B470001B68FA681A607B688822202199507B68D3
:10B4800084220021995400231800BD4604B080BDD9
:10B49000FFFFFFF1F0B585B000AF78607B685B6EB1
:10B4A000002B08D17B686A22012199527B686822AF
:10B4B0000121995243E00F26BB1908221A700E2071
:10B4C0003B1808221A707B681B689B685B0EDAB217
:10B4D0000D243B1907210A401A707B681B689B6882
:10B4E0005B0FDAB20C257B1907210A401A703B1852
:10B4F0001B787A19127814498A5C5A4310007B1918
:10B500001B78124AD35C1900F4F788FE030099B245
:10B510007B686A229952BB191B783A1912780A493A
:10B520008A5C5A4310003B191B78084AD35C190007
:10B53000F4F774FE030099B27B6868229952C04602
:10B54000BD4605B0F0BDC04638F1010840F1010824
:10B55000B0B586B000AFF860B960FB1D1A70FB682B
:10B56000002B01D1032329E0FA68AE239B000021C0
:10B57000D150FA68B1239B000021D150FA68B4235E
:10B580009B000021D150BB68002B04D0FA68AD238A
:10B590009B00B968D150FA68A7239B000121D154C0
:10B5A000FB68FA1D12781A7017257C19FB681800C1
:10B5B00002F006FD030023707B191B781800BD46BE
:10B5C00006B0B0BD80B584B000AF786039600E239E
:10B5D000FB1800221A803B68002B01D103232BE0CB
:10B5E0007A68AE239B003968D1507A68B5239B00F6
:10B5F000D2587B68AE329200D358DB6A002B11D050
:10B600007A68B5239B00D2587B68AE329200D3583B
:10B61000DB6A0E22BA181000984701007A68B4233A
:10B620009B00D1507A68B6239B00D358591C7A6886
:10B63000B6239B00D15000231800BD4604B080BD46
:10B6400080B582B000AF78607B68180002F02AFDF8
:10B6500003001800BD4602B080BD80B582B000AFC7
:10B66000786000231800BD4602B080BD90B585B05B
:10B6700000AF78600A00FB1C1A700F217B180022B3
:10B680001A707A68AE239B00D358002B0CD07A68CE
:10B69000AE239B00D3581B687C18FA1C11787A687B
:10B6A00010009847030023700F23FB181B78180025
:10B6B000BD4605B090BD90B585B000AF78600A007A
:10B6C000FB1C1A700F243B1900221A707A68AE23F3
:10B6D0009B00D3585B68FA1C11787A681000984771
:10B6E000031E02D03B1903221A700F23FB181B788C
:10B6F0001800BD4605B090BD90B585B000AF78602C
:10B7000039607B68304A944663443A6811001800F7
:10B7100001F065FA7A68A5239B000121D1507A686F
:10B72000AC239B00D35A19007A68A6239B00D15002
:10B730007B68254A9B5C1A001F231340022B1FD0F5
:10B740002BD8002B02D0012B0DD026E07B681E4A9F
:10B750009A180F23FC187B681100180000F064FB96
:10B760000300237029E07B68174A9A180F23FC18FE
:10B770007B681100180000F0D5FB030023701CE06B
:10B780007B68114A9A180F23FC187B681100180077
:10B7900000F055FC030023700FE07B680A4A9B5CB5
:10B7A0007F229343DAB20F23FC187B681100180044
:10B7B00002F0FFFC03002370C0460F23FB181B7828
:10B7C0001800BD4605B090BDAA020000F0B587B0D4
:10B7D00000AFF8607A600B203B180A1C1A70172320
:10B7E000FB1800221A703B181B78002B00D084E055
:10B7F000FB685533FF333B61FA68A5239B00D358A0
:10B80000032B00D0C0E03B699A683B69DB689A4231
:10B8100014D93B699A683B69DB68D21A3B699A6024
:10B820003B69D9683B699A680B00934200D91300C1
:10B830007968F8681A0001F0E4FAA5E0FB68554A57
:10B840009B5C1A001F231340022B18D025D8002B15
:10B8500002D0012B05D020E01623FB1800221A701D
:10B8600020E0FB684C4A9B5ADAB21623FC18FB68AE
:10B870001100180000F039FA0300237012E0FB6891
:10B88000454A9B5ADAB21623FC18FB6811001800CF
:10B8900000F037FA0300237004E01623FB1800229F
:10B8A0001A70C04616217B181B78002B20D1FA682D
:10B8B000A7239B00D35CDBB2032B19D17B181A782A
:10B8C000FB68AE329200D3581B69002B10D00800E1
:10B8D0007B181978FA68B5239B00D1503B181A7869
:10B8E000FB68AE329200D3581B69FA681000984783
:10B8F000FB68180001F096FA46E00B26BB191B788E
:10B900007F221340DAB216257C19FB68110018005B
:10B9100000F0F7F90300237029007B181B78FF2B38
:10B9200032D07B181B78002B2ED1FA68A7239B00FE
:10B93000D35CDBB2032B1FD17B181A78FB68AE32C5
:10B940009200D3589B69002B16D008007B181978F9
:10B95000FA68B5239B00D1503B181A78FB68AE32C9
:10B960009200D3589B691722BC18BA191178FA684B
:10B9700010009847030023701722BB181B78002B78
:10B9800002D0BB181B7800E000231800BD4607B0AA
:10B99000F0BDC046AA020000AE020000F0B587B0BC
:10B9A00000AFF8607A600B203B180A1C1A703B1835
:10B9B0001B78002B00D07DE0FB6814333B61FA68F4
:10B9C000A5239B00D358022B64D13B699A683B693D
:10B9D000DB689A4214D93B699A683B69DB68D21AE2
:10B9E0003B699A603B699A687968FB68180001F0C6
:10B9F000D7F9F86800230022002102F0BBFC49E0DF
:10BA00003B69DA683B699B689A421FD13B695A6877
:10BA10003B69DB689A4219D33B695A68F968A623E7
:10BA20009B00CB589A4211D2FB68002200211800DB
:10BA300001F0B6F9FA68A6239B000021D150F868FE
:10BA400000230022002102F095FC23E0FA68A723DE
:10BA50009B00D35CDBB2032B13D1FA68AE239B00AF
:10BA6000D358DB68002B0CD0FA68B5239B0000216B
:10BA7000D150FA68AE239B00D358DB68FA681000F7
:10BA80009847FB688021180002F093FBFB681800C0
:10BA900001F0DCF9FA68A8239B00D35C002B50D09E
:10BAA000FB681800FFF7D9FDFA68A8239B00002166
:10BAB000D15446E00B26BB191B7880225242134317
:10BAC000DAB217257C19FB681100180000F019F98B
:10BAD0000300237029007B181B78FF2B31D07B18C3
:10BAE0001B78002B2DD1FA68A7239B00D35CDBB217
:10BAF000032B26D17B181A78FB68AE329200D358FC
:10BB00005B69002B1DD008007B181978FA68B523F3
:10BB10009B00D1503B181A78FB68AE329200D35884
:10BB20005B6916257C19BA191178FA6810009847D4
:10BB3000030023707B191B78002B02D07B191B7824
:10BB400000E000231800BD4607B0F0BD90B585B0F9
:10BB500000AF78600F243B1900221A707A68A7237F
:10BB60009B000121D1547A68A5239B000021D1506C
:10BB70007B6800225A607A68A9239B000021D1507B
:10BB80007A68A8239B000021D1547A68AE239B00D9
:10BB9000D358002B16D07A68AE239B00D3585B682D
:10BBA000002B0FD07A68AE239B00D3585A687B686D
:10BBB0005B68D9B27B6818009047031E02D03B191E
:10BBC00003221A70786840230022002102F08FFAC5
:10BBD0007A68B2235B000121D1527A68B0235B00FE
:10BBE0004021D150786840230022802102F07FFA62
:10BBF0007B6801229A847B6840221A620F23FB181B
:10BC00001B781800BD4605B090BD80B582B000AF6E
:10BC100078600A00FB1C1A707B68FA1C12781A7490
:10BC200000231800BD4602B080BD000080B582B080
:10BC300000AF78607A68A7239B00D35CDBB2042B4B
:10BC400007D07A68A7239B00D35CD9B27B68064AE9
:10BC500099547A68A7239B000421D154002318002B
:10BC6000BD4602B080BDC0469D02000080B582B0D6
:10BC700000AF78607A68A7239B00D35CDBB2042B0B
:10BC800007D17B68054A9B5CD9B27A68A7239B00E1
:10BC9000D15400231800BD4602B080BD9D020000B3
:10BCA00080B582B000AF78607A68A7239B00D35C30
:10BCB000DBB2032B14D17A68AE239B00D358002B40
:10BCC0000ED07A68AE239B00D358DB69002B07D0D7
:10BCD0007A68AE239B00D358DB697A6810009847D6
:10BCE00000231800BD4602B080BD80B582B000AF11
:10BCF00078600A00FB1C1A7000231800BD4602B0D1
:10BD000080BD80B582B000AF78600A00FB1C1A705D
:10BD100000231800BD4602B080BD80B586B000AFDC
:10BD200078600A00FB1C1A707B687B617B68FB6093
:10BD300000233B61FB689A78DB781B0213439BB2BC
:10BD4000FA68127893422AD9FB681B781A000A23F2
:10BD5000FB181A8016E00A23FA187B6911001800F4
:10BD600000F022F803007B617B695B78052B09D129
:10BD70007B693B613B699B78FA1C12789A420DD033
:10BD800000233B61FB689A78DB781B0213439AB26D
:10BD90000A23FB181B889A42DDD800E0C0463B69A5
:10BDA0001800BD4606B080BD80B584B000AF786095
:10BDB00039607B68FB603B681B88FA6812789B18C7
:10BDC0009AB23B681A80FB681B781A007B689B1844
:10BDD000FB60FB681800BD4604B080BD80B586B02E
:10BDE00000AF78607B687B617B691A7812217B18D1
:10BDF0001A807B6901337B617B691A7810203B18BC
:10BE00001A803B181B881B021AB27B1800215B5E4C
:10BE100013431AB20E217B181A807B181B88180056
:10BE2000BD4606B080BD000090B585B000AF78601B
:10BE300039600F23FB1800221A703B681B781A0028
:10BE400060231340402B04D05BD8002B13D0202B51
:10BE500057D17A68B5239B00D2587B68AE329200E6
:10BE6000D3589B680F22BC1839687A68100098472D
:10BE7000030023704CE03B685B78092B39D89A00AB
:10BE8000274BD3181B689F463A687B68110018003F
:10BE900000F0DAFA34E03A687B681100180000F02C
:10BEA000ADFC2DE00F23FC183A687B6811001800E8
:10BEB00000F0FAFC0300237022E03A687B6811006E
:10BEC000180000F0BFFD1BE03A687B681100180005
:10BED00000F0F4FD14E03A687B681100180000F0EF
:10BEE00028FE0DE03A687B681100180000F050FE53
:10BEF00006E03A687B681100180000F0ADFEC0460D
:10BF000006E03A687B681100180000F0A5FEC04604
:10BF10000F23FB181B781800BD4605B090BDC04626
:10BF200048F10108B0B584B000AF786039600F23E4
:10BF3000FB1800221A703B681B781A00602313401C
:10BF4000402B05D000D96CE0002B01D0202B68D10C
:10BF50007A68A7239B00D35CDBB2013B022B57D846
:10BF60003B689B88DBB2012B4BD83B689B88DAB2DD
:10BF70000E257C197B6811001800FFF7B6FE030040
:10BF8000237029007B181B78FF2B28D07B181B7887
:10BF9000002B24D17B181A787B68AE329200D358DC
:10BFA0009B68002B16D008007B1819787A68B52397
:10BFB0009B00D1503B181A787B68AE329200D35860
:10BFC0009B680F22BC1839687A68100098470300F4
:10BFD000237008E00F23FB1803221A7003E00F23DD
:10BFE000FB1803221A703B68DB88002B17D10F2344
:10BFF000FB181B78002B12D17B68180000F012FF91
:10C000000DE03A687B681100180000F025FE06E09C
:10C010003A687B681100180000F01EFE00E0C04680
:10C0200006E03A687B681100180000F015FEC04673
:10C030000F23FB181B781800BD4604B0B0BDB0B587
:10C0400084B000AF786039600F23FB1800221A70AB
:10C050003B689A880E23FB181A703B681B781A00FD
:10C0600060231340402B06D000D9DEE1002B39D0ED
:10C07000202B00D0D9E10D257C190E23FB181A784E
:10C080007B6811001800FFF73CFE030023707B194A
:10C090001B78FF2B00D1CFE17B191B78002B00D040
:10C0A000CAE17B1919787A68B5239B00D150290021
:10C0B0007B181A787B68AE329200D3589B68002BAD
:10C0C00000D1B9E17B181A787B68AE329200D35860
:10C0D0009B680F22BC1839687A68100098470300E3
:10C0E0002370A9E13B685B78032B07D000DD94E166
:10C0F000002B00D1C9E0012B4DD08EE17A68A72337
:10C100009B00D35CDBB2022B02D0032B1ED03AE0A3
:10C110000E22BB181B78002B11D0BB181B78802B6C
:10C120000DD0BB181A787B681100180002F041F896
:10C130007B688021180002F03CF8C0462AE03A688B
:10C140007B681100180000F087FD23E03B685B88E6
:10C15000002B13D10E22BB181B78002B0ED0BB185E
:10C160001B78802B0AD03B68DB88002B06D1BB18DC
:10C170001A787B681100180002F01BF87B68180021
:10C1800000F050FE06E03A687B681100180000F0ED
:10C1900063FDC04648E17A68A7239B00D35CDBB20D
:10C1A000022B02D0032B1ED066E00E22BB181B7898
:10C1B000002B11D0BB181B78802B0DD0BB181A7820
:10C1C0007B681100180001F0F4FF7B6880211800E3
:10C1D00001F0EFFFC04657E03A687B681100180095
:10C1E00000F03AFD50E03B685B88002B4BD10E21FC
:10C1F0007B181B787F22134006D07B181A787B6847
:10C200001100180002F000F87B68180000F00AFE28
:10C210000D257C190E23FB181A787B681100180075
:10C22000FFF76FFD030023707B191B78FF2B2AD0CB
:10C230007B191B78002B26D17B1919787A68B523D6
:10C240009B00D15029007B181A787B68AE3292008F
:10C25000D3589B68002B16D07B181A787B68AE32B7
:10C260009200D3589B680F22BC1839687A68100076
:10C2700098470300237006E03A687B6811001800B5
:10C2800000F0EAFC00E0C046CEE07A68A7239B00FD
:10C29000D35CDBB2022B02D0032B3CD0B5E00E22E4
:10C2A000BB181B78002B0AD0BB181B78802B06D03C
:10C2B0003A687B681100180000F0CEFCACE00E225A
:10C2C000BB181B785BB2002B0CDABB181B787F22E3
:10C2D0001A4013009B009B189B0010337A68D318F8
:10C2E00004330DE00E23FB181B787F221A40130045
:10C2F0009B009B189B005133FF337A68D31804339B
:10C30000BB60BB6800221A60B9687B680222180013
:10C3100000F02AFD80E00E22BB181B785BB2002BD8
:10C3200014DABB181B780F221A40796813009B009F
:10C330009B189B00CB1824331B88002B1ED13A6816
:10C340007B681100180000F087FC65E00E23FB18E5
:10C350001B780F221A407868B223590013009B0003
:10C360009B189B00C3185B181B88002B06D13A68EA
:10C370007B681100180000F06FFC4DE00E22BB1826
:10C380001B785BB2002B0CDABB181B787F221A409B
:10C3900013009B009B189B0010337A68D31804335A
:10C3A0000DE00E23FB181B787F221A4013009B0020
:10C3B0009B189B005133FF337A68D3180433BB605A
:10C3C0000E22BB181B78002B03D0BB181B78802BC8
:10C3D00003D1BB6800221A6010E00E23FB181A7804
:10C3E0007B681100180001F03AFF031E03D0BB6800
:10C3F00001221A6002E0BB6800221A60B9687B68FB
:10C400000222180000F0B0FC06E03A687B681100D8
:10C41000180000F021FCC04606E03A687B68110075
:10C42000180000F019FCC04607E03A687B6811006C
:10C43000180000F011FC00E0C0460F23FB181B7829
:10C440001800BD4604B0B0BD80B584B000AF7860C0
:10C4500039600823FB1800221A800023FB600B239D
:10C46000FB1800221A703B685B881B0A9BB20F2BDB
:10C4700000D97BE19A00DD4BD3181B689F467A6890
:10C48000AD239B00D358DB69002B0DD07A68AD2318
:10C490009B00D358DB697A68127C08217918100058
:10C4A00098470300FB606EE13A687B681100180052
:10C4B00000F0D2FB0B217B181A787B1801321A701E
:10C4C00061E17A68AD239B00D3581B687A68127CBF
:10C4D00008217918100098470300FB6053E17B683E
:10C4E0001B7C002B0FD17A68AE239B00D3589B6A2C
:10C4F0000822BA18100098470300FB60FB6801335C
:10C5000002221A703FE17A68AE239B00D358DB6A9F
:10C510000822BA18100098470300FB60FB6801333B
:10C5200002221A702FE13B685B88DBB2052B00D931
:10C53000D0E09A00AE4BD3181B689F467A68AD23B3
:10C540009B00D3585B68002B0DD07A68AD239B000D
:10C55000D3585B687A68127C0821791810009847D4
:10C560000300FB60C3E03A687B681100180000F02C
:10C5700073FB0B217B181A787B1801321A70B6E016
:10C580007A68AD239B00D3589B68002B0DD07A6846
:10C59000AD239B00D3589B687A68127C08217918D8
:10C5A000100098470300FB60A1E03A687B68110027
:10C5B000180000F051FB0B217B181A787B18013210
:10C5C0001A7094E07A68AD239B00D358DB68002B87
:10C5D0000DD07A68AD239B00D358DB687A68127C53
:10C5E00008217918100098470300FB607FE03A6843
:10C5F0007B681100180000F02FFB0B217B181A78C4
:10C600007B1801321A7072E07A68AD239B00D35810
:10C610001B69002B0DD07A68AD239B00D3581B6992
:10C620007A68127C08217918100098470300FB6093
:10C630005DE03A687B681100180000F00DFB0B21EB
:10C640007B181A787B1801321A7050E07A68AD2393
:10C650009B00D3585B69002B0DD07A68AD239B00FB
:10C66000D3585B697A68127C0821791810009847C2
:10C670000300FB603BE03A687B681100180000F0A3
:10C68000EBFA0B217B181A787B1801321A702EE016
:10C690007A68AD239B00D3589B69002B0DD07A6834
:10C6A000AD239B00D3589B697A68127C08217918C6
:10C6B000100098470300FB6019E03A687B6811009E
:10C6C000180000F0C9FA0B217B181A787B18013288
:10C6D0001A700CE03A687B681100180000F0BCFA90
:10C6E0000B217B181A787B1801321A70C0464AE079
:10C6F0007B681B7C002B0BD17A68AE239B00D35840
:10C700005B6B0822BA18100098470300FB603AE000
:10C710003A687B681100180000F09EFA0B217B1824
:10C720001A787B1801321A702DE07B681B7C002B75
:10C730000FD17A68AE239B00D3581B6B0822BA181E
:10C74000100098470300FB60FB68013307221A7052
:10C7500019E03A687B681100180000F07DFA0B219F
:10C760007B181A787B1801321A700CE03A687B68E3
:10C770001100180000F070FA0B217B181A787B1852
:10C7800001321A70C0460B23FB181B78002B31D1E5
:10C790003B68DB88002B23D008217B181B88002BEB
:10C7A00017D03B68DA887B181B88181C111C8AB2CA
:10C7B00083B29A4200D9011C8AB208217B181A80E0
:10C7C0007B181B881A00F9687B68180000F0CCFA07
:10C7D00011E03A687B681100180000F03DFA0AE0A9
:10C7E0007B68180000F01EFB05E0C04670F10108F0
:10C7F000B0F10108C046BD4604B080BD90B585B01B
:10C8000000AF786039603B689B88002B3ED13B6865
:10C81000DB88002B3AD13B685B887F2B36D83B689E
:10C820005B88DAB20F23FB187F210A401A707A68FE
:10C83000A7239B00D35CDBB2032B06D13A687B684D
:10C840001100180000F008FA27E07B680F243A195D
:10C85000144912785A543B191A787B681100180051
:10C8600001F02DFD7B68180000F0DCFA3B191B7805
:10C87000002B05D07A68A7239B000221D1540CE03D
:10C880007A68A7239B000121D15406E03A687B68AF
:10C890001100180000F0E0F9C046C046BD4605B0E2
:10C8A00090BDC0469E020000B0B584B000AF786075
:10C8B00039600F23FB1800221A703B685B88DAB2DC
:10C8C0005F4B1A705E4B1B78012B07D93A687B6867
:10C8D0001100180000F0C0F90323ACE07A68A72328
:10C8E0009B00D35CDBB2022B02D0032B33D08DE054
:10C8F000534B1B78002B29D0514B1B781A007B68B7
:10C900005A604F4B1A780F257C197B68110018006C
:10C91000FEF7ACFE030023707B191B78002B0BD0B5
:10C920003A687B681100180000F096F97A68A7232E
:10C930009B000221D1547BE07B68180000F072FA62
:10C940007A68A7239B000321D15471E07B6818000B
:10C9500000F068FA6CE03A4B1B78002B15D17A682E
:10C96000A7239B000221D154354B1B781A007B680A
:10C970005A60334B1A787B6811001800FEF79BFE53
:10C980007B68180000F04EFA52E02D4B1B781A001D
:10C990007B685B689A4234D07B685B68DAB27B68FC
:10C9A00011001800FEF787FE254B1B781A007B68E4
:10C9B0005A60234B1A780F257C197B6811001800E8
:10C9C000FEF754FE030023707B191B78002B13D055
:10C9D0003A687B681100180000F03EF97B685B68DC
:10C9E000DAB27B6811001800FEF765FE7A68A723AB
:10C9F0009B000221D1541BE07B68180000F012FA62
:10CA000016E07B68180000F00DFA11E03A687B68C8
:10CA10001100180000F020F9094B1A787B6811000A
:10CA20001800FEF748FE0F23FB1803221A70C046B9
:10CA30000F23FB181B781800BD4604B0B0BDC046DC
:10CA40001802002080B582B000AF786039603B6882
:10CA5000DB88012B06D03A687B681100180000F0D3
:10CA6000FBF827E07A68A7239B00D35CDBB2022B9C
:10CA700002DC002B03DC16E0032B0CD013E07B68F8
:10CA800000229A607B68083319007B680122180035
:10CA900000F06AF90EE07B68191D7B68012218001E
:10CAA00000F062F906E03A687B681100180000F0B7
:10CAB000D3F8C046C046BD4602B080BD80B582B046
:10CAC00000AF786039607A68A7239B00D35CDBB243
:10CAD000013B022B22D83B68DB88022B06D03A6848
:10CAE0007B681100180000F0B7F81EE07B68012297
:10CAF000DA607A68A9239B00D358002B05D07B68A5
:10CB0000DB6802221A437B68DA607B680C33190009
:10CB10007B680222180000F027F906E03A687B687B
:10CB20001100180000F098F8C046C046BD4602B09B
:10CB300080BD80B582B000AF786039603B685B88AB
:10CB4000012B09D17A68A9239B000121D1507B6870
:10CB5000180000F067F917E03B685B88022B0DD1E5
:10CB60003B689B881B0A9BB2D9B27A68A8239B00BA
:10CB7000D1547B68180000F055F905E03A687B68ED
:10CB80001100180000F068F8C046BD4602B080BD34
:10CB900080B582B000AF786039607A68A7239B00C7
:10CBA000D35CDBB2013B022B0DD83B685B88012BC9
:10CBB00010D17A68A9239B000021D1507B6818000E
:10CBC00000F030F906E03A687B681100180000F0C8
:10CBD00043F800E0C046C046BD4602B080BD80B507
:10CBE00084B000AF786039603B68FB60FB681A78FE
:10CBF0007B681A70FB680133FB60FB681A787B68FE
:10CC00005A70FB680133FB60FB681800FFF7E6F819
:10CC100003001A007B685A80FB680133FB60FB68E5
:10CC20000133FB60FB681800FFF7D8F803001A0017
:10CC30007B689A80FB680133FB60FB680133FB6013
:10CC4000FB681800FFF7CAF803001A007B68DA8057
:10CC5000C046BD4604B080BD80B582B000AF7860EC
:10CC600039607B688021180001F0A3FA7B680021FD
:10CC7000180001F09EFAC046BD4602B080BD90B5D6
:10CC800087B000AFF860B9607A6017243B190022C2
:10CC90001A70FB68002B44D0FB683B613B691800AD
:10CCA00000F043F8030001339BB2DB189AB27B68B3
:10CCB0001A803B191B78BA68D3187A6812781A70F0
:10CCC0003B191A783B1901321A703B191B78BA6864
:10CCD000D31803221A703B191A783B1901321A70C3
:10CCE0001AE017217B181B78BA68D3183A691278B2
:10CCF0001A703B6901333B617B181A787B1801324B
:10CD00001A707B181B78BA68D31800221A707B1827
:10CD10001A787B1801321A703B691B78002BE0D11E
:10CD200000E0C046BD4607B090BD80B584B000AFFE
:10CD300078600F23FB1800221A707B68BB6008E044
:10CD40000F217B181A787B1801321A70BB680133E7
:10CD5000BB60BB681B78002BF2D10F23FB181B783C
:10CD60001800BD4604B080BD80B584B000AFF86047
:10CD7000B9607A60FA68A5239B000221D150FB6854
:10CD80007A689A61FB687A68DA617B68BA68F868E1
:10CD9000002101F0BFFA00231800BD4604B080BD99
:10CDA00080B584B000AFF860B9607A607B68BA681B
:10CDB000F868002101F0AEFA00231800BD4604B067
:10CDC00080BD80B584B000AFF860B9607A60FA6861
:10CDD000A5239B000321D150FA68AC235B0079683E
:10CDE000D150FA68AE235B007968D1507B68BA688D
:10CDF000F868002101F0BEFA00231800BD4604B017
:10CE000080BD80B584B000AFF860B9607A607B689F
:10CE1000BA68F868002101F0ADFA00231800BD4699
:10CE200004B080BD80B582B000AF78607A68A52379
:10CE30009B000421D150786800230022002101F0DA
:10CE400069FA00231800BD4602B080BD80B582B0EB
:10CE500000AF78607A68A5239B000521D1507868DF
:10CE600000230022002101F085FA00231800BD46AE
:10CE700002B080BD80B584B000AF78600A00FB1CB2
:10CE80001A7087239B00180001F0F4FA0300FB607E
:10CE9000FB68002B0AD17A68B5239B00D2587B68C7
:10CEA000B03292000021D1500223E9E087239A009A
:10CEB000FB680021180010F08FFD7A68B5239B00F5
:10CEC000D2587B68B0329200F968D1507A68B523A5
:10CED0009B00D2587B68B0329200D1587A68AF2359
:10CEE0009B00D1507B681B7C002B3CD1664B197892
:10CEF00080239B007868022201F0F9F8624B1B78CE
:10CF00001A000F231A40796813009B009B189B009E
:10CF1000CB18243301221A805C4B197880239B00A4
:10CF20007868022201F0E3F8584B1B781A000F23AF
:10CF30001A407868B223590013009B009B189B008D
:10CF4000C3185B1801221A80514B1B781A000F235B
:10CF50001A40796813009B009B189B00CB1826335E
:10CF600010221A8039E0484B197878684023022251
:10CF700001F0BDF8444B1B781A000F231A40796862
:10CF800013009B009B189B00CB18243301221A80AE
:10CF90003E4B197878684023022201F0A8F83B4BF9
:10CFA0001B781A000F231A407868B2235900130027
:10CFB0009B009B189B00C3185B1801221A80344BFE
:10CFC0001B781A000F231A40796813009B009B18E6
:10CFD0009B00CB18263310221A802D4B19787868C5
:10CFE0000823032201F083F8294B1B781A000F2332
:10CFF0001A40796813009B009B189B00CB182433C0
:10D0000001221A80FA6881239B000021D1507A689E
:10D01000B5239B00D3587A68B0339B00D3180433F0
:10D020001B681B689847FA6885239B000021D15034
:10D03000FA6886239B000021D150FA6881239B0067
:10D04000D358002B01D102231AE07B681B7C002BF4
:10D050000BD10E4B1978FA6881239B00D25880239C
:10D060009B00786801F086F909E0084B1978FA68A6
:10D0700081239B00D2587868402301F07BF900237C
:10D080001800BD4604B080BD93000020940000202D
:10D090009500002080B582B000AF78600A00FB1CCC
:10D0A0001A70414B1A787B681100180001F056F88D
:10D0B0003D4B1B781A000F231A40796813009B0020
:10D0C0009B189B00CB18243300221A80374B1A7808
:10D0D0007B681100180001F041F8344B1B781A00EE
:10D0E0000F231A407868B223590013009B009B1845
:10D0F0009B00C3185B1800221A802D4B1A787B689E
:10D100001100180001F02AF8294B1B781A000F2390
:10D110001A40796813009B009B189B00CB1824339E
:10D1200000221A80224B1B781A000F231A407968BC
:10D1300013009B009B189B00CB18263300221A80FB
:10D140007A68B5239B00D2587B68B0329200D358DE
:10D15000002B24D07A68B5239B00D3587A68B0336B
:10D160009B00D31804331B685B6898477A68B52323
:10D170009B00D2587B68B0329200D358180001F05F
:10D1800085F97A68B5239B00D2587B68B03292004B
:10D190000021D1507A68AF239B000021D150002399
:10D1A0001800BD4602B080BD93000020940000200E
:10D1B0009500002080B586B000AF786039607A684D
:10D1C000B5239B00D2587B68B0329200D3583B61A4
:10D1D0000D23FB1800221A700A23FB1800221A8064
:10D1E0001723FB1800221A703B69002B01D103237F
:10D1F000D1E03B681B781A00602313405BD0202BE2
:10D2000000D0BAE03B68DB88002B43D03B681B783A
:10D210005BB2002B22DA7A68B5239B00D3587A6878
:10D22000B0339B00D31804331B689B683A6850786E
:10D2300039693A68D28898473B68DB880E22BA1869
:10D2400099B2072900D90723138039690E23FB18E7
:10D250001A887B681800FFF787FD99E03B685978CA
:10D260003A6980239B00D1543B68DB883F2B03D86D
:10D270003B68DB88DAB200E040223B6948495A54F7
:10D2800039693B69464A9B5C1A007B681800FFF7C6
:10D2900098FD7DE07A68B5239B00D3587A68B03357
:10D2A0009B00D31804331B689B683A685078396830
:10D2B000002298476CE03B685B780B2B3CD04DDC40
:10D2C0000A2B1FD04ADC002B02D0012B51D045E0A5
:10D2D0007A68A7239B00D35CDBB2032B07D10A2318
:10D2E000F9187B6802221800FFF73EFD44E03A6817
:10D2F0007B6811001800FFF7AFFC1723FB1803220F
:10D300001A7039E07A68A7239B00D35CDBB2032B49
:10D3100007D10D23F9187B6801221800FFF724FDBF
:10D320002AE03A687B6811001800FFF795FC172384
:10D33000FB1803221A701FE07A68A7239B00D35CB6
:10D34000DBB2032B17D03A687B6811001800FFF797
:10D3500083FC1723FB1803221A700CE03A687B68E1
:10D3600011001800FFF778FC1723FB1803221A702E
:10D3700002E0C0460CE0C0460AE03A687B68110053
:10D380001800FFF769FC1723FB1803221A70C04628
:10D390001723FB181B781800BD4606B080BDC04699
:10D3A0000102000090B585B000AF78600A00FB1C58
:10D3B0001A707A68B2239B00D358FB607A68B52351
:10D3C0009B00D2587B68B0329200D358002B01D119
:10D3D000032372E07A68B5239B00D2587B68B03291
:10D3E0009200D358BB60FB1C1B780F221A4079684F
:10D3F00013009B009B189B00CB1818331B68002B55
:10D4000031D0FB1C1B780F221A40796813009B0057
:10D410009B189B00CB1818331868FB1C1B780F2235
:10D420001A40F96813009B009B18DB00CB182433CB
:10D430001B681900F2F7EEFE0B1E14D1FB1C1B78C3
:10D440000F221A40796813009B009B189B00CB1891
:10D45000183300221A60FB1C197878680023002218
:10D4600000F058FF28E0BA6885239B000021D150C6
:10D470007A68B5239B00D3587A68B0339B00D318E1
:10D4800004331B681B69002B16D07A68B5239B00F8
:10D49000D3587A68B0339B00D31804331B681C69D7
:10D4A000BA6882239B00D058BB68842292009918E6
:10D4B000FB1C1B781A00A04700231800BD4605B0CE
:10D4C00090BD80B584B000AF78600A00FB1C1A7074
:10D4D0007A68B5239B00D2587B68B0329200D3584B
:10D4E000FB607A68B5239B00D2587B68B03292000B
:10D4F000D358002B01D1032322E0FB1C1A787B6850
:10D500001100180000F066FF0100FA6883239B00F9
:10D51000D1507A68B5239B00D3587A68B0339B000A
:10D52000D31804331B68DA68F96881239B00C85854
:10D53000FB68832189008C466344190090470023CF
:10D540001800BD4604B080BD90B585B000AF7860CE
:10D550007A68B5239B00D2587B68B0329200D358CA
:10D56000FB60FB68002B01D103232BE07A68B52315
:10D570009B00D3587A68B0339B00D31804331B68E0
:10D58000002B1ED0FA6880239B00D35CFF2B18D0A1
:10D590007A68B5239B00D3587A68B0339B00D318C0
:10D5A00004331B689B68F96880229200885CF968E4
:10D5B000FA68064C125D9847FA6880239B00FF21A9
:10D5C000D15400231800BD4605B090BD01020000F3
:10D5D00080B586B000AF7860204B82211800FEF73E
:10D5E0009CFB03007B611D4B01211800FEF795FB9E
:10D5F00003003B61194B81211800FEF78EFB0300ED
:10D60000FB607B69002B02D07B6910229A713B6919
:10D61000002B0BD03B691A7900210A40111C4022D3
:10D620000A431A715A7900210A405A71FB68002B8B
:10D630000BD0FB681A7900210A40111C40220A43D2
:10D640001A715A7900210A405A717B6843221A8064
:10D65000024B1800BD4606B080BDC04650000020F9
:10D6600080B586B000AF7860204B82211800FEF7AD
:10D6700054FB03007B611D4B01211800FEF74DFB9D
:10D6800003003B61194B81211800FEF746FB0300A4
:10D69000FB607B69002B02D07B6910229A713B6989
:10D6A000002B0BD03B691A7900210A401A715A7974
:10D6B00000210A40111C02220A435A71FB68002B08
:10D6C0000BD0FB681A7900210A401A715A7900219F
:10D6D0000A40111C02220A435A717B6843221A80B5
:10D6E000024B1800BD4606B080BDC0465000002069
:10D6F00080B586B000AF7860204B82211800FEF71D
:10D700000CFB03007B611D4B01211800FEF705FB9C
:10D7100003003B61194B81211800FEF7FEFA03005C
:10D72000FB607B69002B02D07B6910229A713B69F8
:10D73000002B0BD03B691A7900210A40111C4022B2
:10D740000A431A715A7900210A405A71FB68002B6A
:10D750000BD0FB681A7900210A40111C40220A43B1
:10D760001A715A7900210A405A717B6843221A8043
:10D77000024B1800BD4606B080BDC04650000020D8
:10D7800080B582B000AF78607B680A221A80024BB5
:10D790001800BD4602B080BD0C00002080B582B0EC
:10D7A00000AF786039603B68002B01D103230BE0A8
:10D7B0007A68B5239B00D3587A68B0339B00D3189E
:10D7C00004333A681A6000231800BD4602B080BDD9
:10D7D00080B586B000AFF860B9607A60FA68B523AA
:10D7E0009B00D258FB68B0329200D3587B617B69B2
:10D7F000002B01D103230AE07A6982239B00B968D8
:10D80000D1507A6984239B007968D1500023180095
:10D81000BD4606B080BD80B584B000AF7860396089
:10D820007A68B5239B00D2587B68B0329200D358F7
:10D83000FB60FB68002B01D1032305E0FA6881231C
:10D840009B003968D15000231800BD4604B080BD4C
:10D8500090B585B000AF78607A68B5239B00D25848
:10D860007B68B0329200D358BB600F23FB180122B3
:10D870001A70BB68002B01D1032330E0BA688523FE
:10D880009B00D358002B27D1BA6885239B00012128
:10D89000D150154B1B781A000F231A40B968842306
:10D8A0009B00C958786813009B009B189B00C31805
:10D8B000183319600C4B1978BA6882239B00D4582E
:10D8C000BA6884239B00D3587868220000F022FDB8
:10D8D0000F23FB1800221A700F23FB181B78180067
:10D8E000BD4605B090BDC0469300002080B584B011
:10D8F00000AF78607A68B5239B00D2587B68B0325D
:10D900009200D358FB607A68B5239B00D2587B689D
:10D91000B0329200D358002B01D103231AE07B6868
:10D920001B7C002B0BD10D4B1978FA6881239B00CF
:10D93000D25880239B00786800F01CFD09E0074B5B
:10D940001978FA6881239B00D2587868402300F048
:10D9500011FD00231800BD4604B080BD94000020D6
:10D9600080B500AF1649174B00221800FDF7F0FDF7
:10D97000031E01D000F0C0FE134A124B1100180024
:10D98000FDF720FE031E01D000F0B6FE0F4A0D4B3E
:10D9900011001800FFF702FF031E01D000F0ACFEDB
:10D9A000084B1800FDF74CFE031E01D000F0A4FE4A
:10D9B000074B18000FF012FEC046BD4680BDC046A2
:10D9C000980000201C02002018000020EC0000201D
:10D9D00000E3010880B582B000AF02003960FB1D92
:10D9E0001A703B6812221A80024B1800BD4602B022
:10D9F00080BDC046B800002080B582B000AF0200F4
:10DA00003960FB1D1A703B6804221A80024B180013
:10DA1000BD4602B080BDC046CC00002080B582B0BB
:10DA200000AF02003960FB1D1A70FB1D1B78002B34
:10DA300006D13A680849094B1800FFF720F905E0BC
:10DA40003A680549054B1800FFF719F9024B180011
:10DA5000BD4602B080BDC046F804002018E30108AE
:10DA600080B582B000AF02003960FB1D1A703A68C1
:10DA70000449054B1800FFF702F9024B1800BD4698
:10DA800002B080BDF804002030E3010880B582B008
:10DA900000AF02003960FB1D1A703B681A221A8021
:10DAA00000F04CF8024B1800BD4602B080BDC046E5
:10DAB000D000002080B582B000AF02003960FB1DAD
:10DAC0001A70FB1D1B78002B06D13A680849094BD8
:10DAD0001800FFF7D4F805E03A680549054B18002F
:10DAE000FFF7CDF8024B1800BD4602B080BDC0461E
:10DAF000F804002044E3010880B582B000AF0200C2
:10DB00003960FB1D1A70FB1D1B78002B06D13A688B
:10DB10000849094B1800FFF7B2F805E03A680549D3
:10DB2000054B1800FFF7ABF8024B1800BD4602B0DA
:10DB300080BDC046F804002050E3010880B584B0E1
:10DB400000AF104B1B68FB600F4B1B68BB600F4B9B
:10DB50001B687B60FA687B68D318FB60FB68002B4E
:10DB60000BD00B49FB680822180000F015F8094992
:10DB7000BB680422180000F00FF8C046BD4604B090
:10DB800080BDC0469075FF1F9475FF1F9875FF1FDD
:10DB9000D2000020E200002080B586B000AFF8601F
:10DBA000B960FB1D1A7017217B1800221A707B18B0
:10DBB00000221A702FE0FB681B0F092B0DD8FB68A1
:10DBC0001B0FDAB21723FB181B785B001900BB6828
:10DBD0005B183032D2B21A700CE0FB681B0FDAB25D
:10DBE0001723FB181B785B001900BB685B183732E2
:10DBF000D2B21A70FB681B01FB6017217B181B78DF
:10DC00005B000133BA68D31800221A707B181A78A7
:10DC10007B1801321A701723FA18FB1D12781B7833
:10DC20009A42C8D3C046C046BD4606B080BD00007B
:10DC300080B500AF0749084B00221800FFF7C8FD68
:10DC4000064A054B11001800FFF7E5FD00231800F8
:10DC5000BD4680BDF80E00201C020020F806002002
:10DC600080B500AF00231800BD4680BD80B582B0EE
:10DC700000AF39601100FB1D021C1A703B1D0A1C0D
:10DC80001A80FB1D1B78232B04D89A00044BD31851
:10DC90001B689F46C04600231800BD4602B080BDE9
:10DCA000C8F1010880B584B000AF78603960002306
:10DCB000FB6009E07A68FB68D3181B7818000DF048
:10DCC000C3FCFB680133FB603B681B68FA689A423F
:10DCD000F0D37A68064B11001800FFF79CFD044B47
:10DCE0001800FFF703FE00231800BD4604B080BDF6
:10DCF0001C020020B0B584B000AF78600A00BB1CE5
:10DD00001A800F23FB1800221A70114AAF239B00C0
:10DD1000D358BB60BA6885239B00D358002B01D031
:10DD2000012310E0BB1C1A887968094B1800FFF723
:10DD30004FFD0F257C19064B1800FFF789FD0300E6
:10DD400023707B191B781800BD4604B0B0BDC046D7
:10DD50001C02002090B587B000AFF860B960FB1DD1
:10DD60001A7017243B1900221A700CF0DFFF3B19C0
:10DD70001B785BB21800BD4607B090BD90B599B056
:10DD800000AF786014243B1918004C231A000021BE
:10DD90000FF022FE7B681B68254A934243D13B1952
:10DDA000802252041A603B1900225A643B19180061
:10DDB000F7F72EFC031E01D000F09EFC1D4BDA6B22
:10DDC0001C4B802189010A43DA631A4BDA6B8023EA
:10DDD0009B0113403B613B69164BDA6B80235B056B
:10DDE000134016D1134BDA6B124B802149050A43BD
:10DDF000DA63104BDA6B80235B051340FB60FB6832
:10DE0000F8F70CFD0B4BDA6B0A4B0B490A40DA634F
:10DE100001E0F8F703FD002200210820F8F7F8FDE3
:10DE20000820F8F70AFEC046BD4619B090BDC046AE
:10DE3000005C004000100240FFFFFFEF80B582B0A1
:10DE400000AF78607A68B7239B00D2587B68A7211F
:10DE500089008C46634419001000FDF74DFCC04654
:10DE6000BD4602B080BD90B583B000AF78600A00B7
:10DE7000FB1C1A707A68B7239B00D458FB1C1A78D5
:10DE80007868B423590013009B009B18DB00C3186B
:10DE90005B181A68FB1C1B7819002000FDF796FC24
:10DEA000C046BD4603B090BD80B582B000AF78607B
:10DEB0000A00FB1C1A707A68B7239B00D058FB1C21
:10DEC0001A78796813009B009B18DB00CB18283365
:10DED0001A68FB1C1B781900FDF760FDC046BD46A3
:10DEE00002B080BD80B582B000AF78607A68B72399
:10DEF0009B00D3581800FDF7D3FEC046BD4602B0C4
:10DF000080BD80B584B000AF78600F23FB1801227C
:10DF10001A707B68DB79022B01D000F0EDFB7A6888
:10DF2000B7239B00D2580F23FB181B781900100051
:10DF3000FDF76BFE7A68B7239B00D3581800FDF7F6
:10DF400005FEC046BD4604B080BD000080B582B06D
:10DF500000AF78607A68B7239B00D3581800FDF7AC
:10DF600065FE7B68DB7A002B05D0054B1A69044BF4
:10DF700006210A431A61C046BD4602B080BDC046B4
:10DF800000ED00E080B582B000AF78607B68DB7A9E
:10DF9000002B07D0094B1A69084B06218A431A61E6
:10DFA00000F07CFA7A68B7239B00D3581800FDF77D
:10DFB0005DFEC046BD4602B080BDC04600ED00E03B
:10DFC00080B582B000AF7860344AB7239B0079688F
:10DFD000D1507A68B2239B003049D1502F4B304A40
:10DFE0001A602E4B08221A712C4B08225A712B4BA7
:10DFF0000222DA71294B02225A72284B00229A72AD
:10E00000264B0022DA72254B00221A73234B002282
:10E010005A73224B00229A73204B0022DA731F4B53
:10E0200000221A741D4B1800F3F7D8FA031E01D012
:10E0300000F062FB7A68B2239B00D0584023002294
:10E040000021F4F78FFF7A68B2239B00D058802319
:10E0500000228021F4F786FF7A68B2239B00D05813
:10E06000C02300228121F4F77DFF7A68B2239B0050
:10E07000D05880235B0000220121F4F773FF7A68F7
:10E08000B2239B00D058A0235B0000228221F4F72A
:10E0900069FF00231800BD4602B080BDF8160020BD
:10E0A000005C0040F0B585B000AF78600F217B18B0
:10E0B00000221A700E26BB1900221A707A68B22349
:10E0C0009B00D3580D007C181800F3F781FB030068
:10E0D0002370BC197B191B78180000F0E6F90300C7
:10E0E0002370BB191B781800BD4605B0F0BDF0B514
:10E0F00085B000AF78600C0010001900FB1C221CDA
:10E100001A70BB1C021C1A703B000A1C1A800F26D6
:10E11000BB1900221A700E257B1900221A707A682A
:10E12000B2239B00D058BC19BB1C1D783B001A8839
:10E13000FB1C19782B00F3F7B1FC030023700E25AC
:10E140007C19BB191B78180000F0AFF9030023708D
:10E150007B191B781800BD4605B0F0BDF0B585B041
:10E1600000AF78600A00FB1C1A700F217B18002298
:10E170001A700E26BB1900221A707A68B2239B000F
:10E18000D2580D007C18FB1C1B7819001000F3F707
:10E19000F8FC03002370BC197B191B78180000F0F1
:10E1A00084F903002370BB191B781800BD4605B025
:10E1B000F0BDF0B585B000AF78600A00FB1C1A70A6
:10E1C0000F217B1800221A700E26BB1900221A702C
:10E1D0007A68B2239B00D2580D007C18FB1C1B7878
:10E1E00019001000F3F7AEFD03002370BC197B1972
:10E1F0001B78180000F059F903002370BB191B7835
:10E200001800BD4605B0F0BDF0B585B000AF786030
:10E210000A00FB1C1A700F217B1800221A700E26B0
:10E22000BB1900221A707A68B2239B00D2580D00E5
:10E230007C18FB1C1B7819001000F3F7E1FD0300AC
:10E240002370BC197B191B78180000F02EF903000D
:10E250002370BB191B781800BD4605B0F0BD80B512
:10E2600084B000AF78600A00FB1C1A707A68B22391
:10E270009B00D358FB60FB1C1B785BB2002B0CDAB5
:10E28000FB1C1B787F221A40F96813009B009B1827
:10E29000DB00CB1816331B780DE0FB1C1B787F22AC
:10E2A0001A40F868AB23590013009B009B18DB0051
:10E2B000C3185B181B781800BD4604B080BDF0B5CC
:10E2C00085B000AF78600A00FB1C1A700F217B1824
:10E2D00000221A700E26BB1900221A707A68B22327
:10E2E0009B00D2580D007C18FB1C1B7819001000F5
:10E2F000F3F7AAFB03002370BC197B191B781800E5
:10E3000000F0D3F803002370BB191B781800BD463A
:10E3100005B0F0BDF0B587B000AFF8607A603B6043
:10E320000B23FB180A1C1A701726BB1900221A703F
:10E3300016257B1900221A70FA68B2239B00D05868
:10E34000BC193D687A680B23FB1819782B00F3F78A
:10E35000BCFC0300237016257C19BB191B78180020
:10E3600000F0A3F8030023707B191B781800BD464A
:10E3700007B0F0BDF0B587B000AFF8607A603B60E1
:10E380000B23FB180A1C1A701726BB1900221A70DF
:10E3900016257B1900221A70FA68B2239B00D05808
:10E3A000BC193D687A680B23FB1819782B00F3F72A
:10E3B0003BFC0300237016257C19BB191B78180041
:10E3C00000F073F8030023707B191B781800BD461A
:10E3D00007B0F0BD80B582B000AF78600A00FB1CCA
:10E3E0001A707A68B2239B00D258FB1C1B78190064
:10E3F0001000F3F751FC03001800BD4602B080BDC9
:10E4000080B582B000AF78600A00FB1C1A70FB1C5C
:10E410001B78002B02D0012B14D025E07B68DB7A1F
:10E42000002B07D000F03AF8114B1A69104B062167
:10E430008A431A617A68B7239B00D3581800FDF706
:10E4400015FC11E07A68B7239B00D3581800FDF73C
:10E45000EDFB7B68DB7A002B05D0054B1A69044B7A
:10E4600006210A431A61C046C046BD4602B080BDBF
:10E4700000ED00E080B582B000AF7860024B18007C
:10E48000BD4602B080BDC046D819002080B582B01C
:10E4900000AF7860C046BD4602B080BD80B500AF19
:10E4A00000F0C8F8C046BD4680BD80B584B000AF5E
:10E4B0000200FB1D1A700F23FB1800221A70FB1DAF
:10E4C0001B78032B17D01BDC022B0FD018DC002B82
:10E4D00002D0012B05D013E00F23FB1800221A7085
:10E4E00013E00F23FB1803221A700EE00F23FB1812
:10E4F00001221A7009E00F23FB1803221A7004E0AE
:10E500000F23FB1803221A70C0460F23FB181B7839
:10E510001800BD4604B080BD80B588B000AFF8F7E4
:10E52000A9FA3B4B5A6B3A4B04210A435A63384BC6
:10E530005B6B04221340FB60FB68364B1A68354B5B
:10E5400035490A401A60334B1A68324B8021490121
:10E550000A431A602F4B40229A610023BB6002E0FD
:10E56000BB680133BB60BB682C4A9342F8D9294B86
:10E570008022D2039A6100237B6002E07B68013332
:10E580007B607B68254A9342F8D900F053F800F08D
:10E5900023F900F033FB00F015FA00F01FFD00F046
:10E5A0001DFF1F4BFB61F9691E4864232322FAF704
:10E5B0001DFE00F051FB00F097FB1B4BBB61B969DE
:10E5C000184864231B22FAF711FE00F045FD00F005
:10E5D00053FF00F0A3FF00F019FE00F053FE134BB1
:10E5E0007B6179690F4864231E22FAF7FFFDFFF76C
:10E5F000B7F90F4B3B6139690A4864231722FAF7D0
:10E60000F5FD0EF083FD00F099FC0EF0FDFDFCE73A
:10E610000010024000080050FFCFFFFF1FA10700BD
:10E6200060E30108481F002088E30108A4E3010813
:10E63000C4E3010890B595B000AF14243B1918004D
:10E640003C231A0000210FF0C7F93B1D18001023CE
:10E650001A0000210FF0C0F980239B001800F8F782
:10E66000EBF83B1922221A603B1980225200DA6033
:10E670003B198022D203DA6121007B1800221A6143
:10E680007B1840225A617B1802221A627B180222F0
:10E690005A627B1800229A627B180822DA627B1881
:10E6A000802292021A637B18802292045A637B189C
:10E6B000802292059A637B181800F6F79FFA031ED2
:10E6C00001D000F019F83B1D07221A603B1D022201
:10E6D0005A603B1D00229A603B1D0022DA603B1D00
:10E6E00002211800F6F7EAFD031E01D000F004F83D
:10E6F000C046BD4615B090BD90B58BB000AF01F0DF
:10E70000ABFE314B1A6C304B8021C9010A431A64AD
:10E710002D4B1A6C8023DB011340BB60BB682A4B76
:10E720005A6B294B01210A435A63274B5B6B012229
:10E7300013407B607B680C243B19180014231A00DB
:10E7400000210FF049F921007B18802292001A6005
:10E750007B1802225A607B180022DA607B180122A3
:10E760001A617A18A023DB0511001800F7F748FB9F
:10E77000164B09221A60164B1B68144CE1225102F9
:10E780001800F1F7C1FC0300E360124B3B62002369
:10E790007B620EE0C0460D4BDB6980221340FAD04D
:10E7A0007B6A3A6AD3181A78084B9A627B6A0133FB
:10E7B0007B627B6A3A6AD3181B78002BEAD172B667
:10E7C000C046C046FDE7C046001002400038014088
:10E7D00000000020DCE3010890B58BB000AF1424EA
:10E7E0003B19180014231A0000210FF0F5F86F4BA5
:10E7F0005A6B6E4B04210A435A636C4B5B6B0422C9
:10E8000013403B613B69694B5A6B684B20210A43BB
:10E810005A63664B5B6B20221340FB60FB68634BC3
:10E820005A6B624B01210A435A63604B5B6B0122B6
:10E830001340BB60BB685D4B5A6B5C4B02210A43C3
:10E840005A635A4B5B6B022213407B607B68574BC9
:10E850005A6B564B08210A435A63544B5B6B082290
:10E8600013403B603B6883239B0151480022190001
:10E87000F7F74FFC88235900A023DB05002218007E
:10E88000F7F747FC4B4B012203211800F7F741FC37
:10E890004949484B00221800F7F73BFC474B002240
:10E8A00008211800F7F735FC3B19832292011A6002
:10E8B0003B1901225A603B1900229A603B19002241
:10E8C000DA603B193A4A19001000F7F799FA21006B
:10E8D0007B18882252001A600C003B1901225A60F2
:10E8E0003B1900229A603B190022DA603A19A023F2
:10E8F000DB0511001800F7F783FA3B19304A1A605C
:10E900003B1901225A603B1900229A603B190022F0
:10E91000DA603B19274A19001000F7F771FA3B1922
:10E9200004221A603B1900225A603B1901229A60A6
:10E930003B19204A19001000F7F762FA3B198022B0
:10E9400012021A603B1900225A603B1900229A6099
:10E950003A19A023DB0511001800F7F751FA3B190B
:10E9600004221A603B1900225A603B1900229A6067
:10E970003B19124A19001000F7F742FA21007B18E0
:10E9800008221A607B1801225A607B1800229A60C4
:10E990007B180022DA607B18084A19001000F7F78C
:10E9A0002FFAC046BD460BB090BDC04600100240D5
:10E9B000000800500004005020C20000000C00506D
:10E9C00023C2000080B584B000AF3B1D18000C23AB
:10E9D0001A0000210FF000F8464B474A1A60454BD9
:10E9E0008022D2055A60434B00229A60414B00229C
:10E9F000DA60404B802292031A613E4B08225A6132
:10EA00003C4B00221A763B4B00225A76394B0022AF
:10EA10009A76384B0422DA61364B20220021995431
:10EA2000344B00225A62334B00229A62314B2C2223
:10EA3000012199542F4B802252011A632D4B002241
:10EA40005A632C4B00229A632A4B3C220021995492
:10EA5000284B0022DA64274B1800F8F71FFA031E30
:10EA600001D0FFF749FE3B1D01221A603B1D002229
:10EA70005A603B1D00229A603A1D1E4B110018007F
:10EA8000F8F77AFD031E01D0FFF736FE3B1D1B4A47
:10EA90001A603B1D04225A603A1D164B11001800E3
:10EAA000F8F76AFD031E01D0FFF726FE3B1D144A4E
:10EAB0001A603B1D08225A603A1D0E4B11001800C7
:10EAC000F8F75AFD031E01D0FFF716FE3B1D0D4A55
:10EAD0001A603B1D0C225A603A1D064B11001800AB
:10EAE000F8F74AFD031E01D0FFF706FEC046BD46FB
:10EAF00004B080BDF81B0020002401400200000487
:10EB0000040000080800000C90B58BB000AF7860DE
:10EB100014243B19180014231A0000210EF05CFF86
:10EB20007B681B68314A93425CD1314B1A6C304B85
:10EB3000802149030A431A642D4B1A6C80235B031E
:10EB400013403B613B692A4B5A6B294B01210A4315
:10EB50005A63274B5B6B01221340FB60FB683B1938
:10EB60000F221A603B1903225A603B1900229A6057
:10EB70003A19A023DB0511001800F7F741F91D4BE6
:10EB80001D4A1A601B4B05225A601A4B00229A60DC
:10EB9000184B0022DA60174B80221A61154B802235
:10EBA00052005A61134B8022D2009A61114B00220D
:10EBB000DA61104B00221A620E4B1800F7F7C6FA02
:10EBC000031E01D0FFF798FD7B680A4A1A65094BBE
:10EBD0007A689A62002202210C20F7F719FF0C20B4
:10EBE000F7F72BFFC046BD460BB090BD0024014097
:10EBF000001002405C1C00200800024080B582B07A
:10EC000000AF144B9A6B134B01210A439A63114BCB
:10EC10009B6B012213407B607B680022022109204C
:10EC2000F7F7F6FE0920F7F708FF002201210A2076
:10EC3000F7F7EEFE0A20F7F700FF002201210B2074
:10EC4000F7F7E6FE0B20F7F7F8FEC046BD4602B028
:10EC500080BDC0460010024080B500AF204B214A65
:10EC60001A601F4B00225A601D4B00229A601C4BF9
:10EC70000022DA601A4B01221A74194B00225A74CE
:10EC8000174B00229A74164B20225A61144B012212
:10EC90009A61134B0C22DA61114B03221A62104B5A
:10ECA00001225A620E4B01229A620D4B0122DA6256
:10ECB0000B4B01221A630A4B00225A63084B0122B4
:10ECC0009A63074B0022DA63054B1800F8F760FFE0
:10ECD000031E01D0FFF710FDC046BD4680BDC046F3
:10ECE000BC1C00200064004080B500AF204B214ACE
:10ECF0001A601F4B00225A601D4B00229A601C4B69
:10ED00000022DA601A4B01221A74194B00225A743D
:10ED1000174B00229A74164B10225A61144B012291
:10ED20009A61134B0C22DA61114B03221A62104BC9
:10ED300001225A620E4B01229A620D4B0122DA62C5
:10ED40000B4B01221A630A4B01225A63084B012222
:10ED50009A63074B0022DA63054B1800F8F718FF97
:10ED6000031E01D0FFF7C8FCC046BD4680BDC046AB
:10ED7000201D00200068004090B59FB000AF786073
:10ED80006423FB18180014231A0000210EF024FE3F
:10ED900018243B1918004C231A0000210EF01CFE09
:10EDA0007B681B685F4A934258D13B1980229204CA
:10EDB0001A603B1900229A643B191800F6F728FCE8
:10EDC000031E01D0FFF798FC574B1B685A1C564B8B
:10EDD0001A60554B1B68012B0DD1544BDA6B534B0A
:10EDE000802149010A43DA63504BDA6B80235B01CF
:10EDF00013407B617B694D4B5A6B4C4B08210A4396
:10EE00005A634A4B5B6B082213403B613B696421A8
:10EE10007B1803221A607B1802225A607B1800229A
:10EE20009A607B180022DA607B1803221A617B1833
:10EE30003F4A19001000F6F7E3FF002200211520D9
:10EE4000F7F7E6FD1520F7F7F8FD00220021162060
:10EE5000F7F7DEFD1620F7F7F0FD5EE07B681B6834
:10EE6000344A934259D118217B18802292041A60A7
:10EE70007B1800229A647B181800F6F7C9FB031E62
:10EE800001D0FFF739FC284B1B685A1C264B1A602F
:10EE9000254B1B68012B0DD1244BDA6B234B8021B2
:10EEA00049010A43DA63214BDA6B80235B0113408B
:10EEB000FB60FB681D4B5A6B1C4B02210A435A63D3
:10EEC0001A4B5B6B02221340BB60BB6864217B184A
:10EED000C02292011A607B1802225A607B1800221D
:10EEE0009A607B180022DA607B1803221A617B1873
:10EEF000114A19001000F6F783FF002200211520A7
:10EF0000F7F786FD1520F7F798FD0022002116205F
:10EF1000F7F77EFD1620F7F790FDC046BD461FB0FF
:10EF200090BDC04600640040841D002000100240D7
:10EF3000000C0050006800400004005080B582B012
:10EF400000AF1A4B1A6E194B01210A431A66F7F7E4
:10EF50000DFE03007B6006E0F7F708FE02007B6809
:10EF6000D31A642B1DD8114B1B6E02221340F3D011
:10EF70000F4B104A1A600E4B03225A600C4BFA22B8
:10EF800092009A600A4B0C4A1A61C046084BDB6833
:10EF9000002BFBD1064B094A1A60054B084A1A6040
:10EFA00000E0C046BD4602B080BDC0460010024031
:10EFB0000030004055550000FF0F0000AAAA0000D5
:10EFC000CCCC000080B500AF024B034A1A60C046AB
:10EFD000BD4680BD00300040AAAA000080B500AF49
:10EFE0001B4B1C4A1A601A4B822252005A60184B63
:10EFF00000229A60164BE022D200DA60144B002205
:10F000001A61134B00225A61114B802292009A61BF
:10F010000F4B0022DA610E4B00221A620C4B0022C9
:10F020005A620B4B00229A62094B0722DA62084BA4
:10F0300000221A63064B08225A63054B1800F9F7A1
:10F040001DFD031E01D0FFF757FBC046BD4680BD26
:10F05000881D00200030014080B500AF1B4B1C4ACA
:10F060001A601A4B822252005A60184B00229A6092
:10F07000164BE022D200DA60144B00221A61134BC7
:10F0800000225A61114B802292009A610F4B00229C
:10F09000DA610E4B00221A620C4B00225A620B4BB3
:10F0A00000229A62094B0722DA62084B00221A6397
:10F0B000064B08225A63054B1800F9F7DFFC031EC4
:10F0C00001D0FFF719FBC046BD4680BDEC1D0020F6
:10F0D0000038004090B58DB000AF78601C243B191B
:10F0E000180014231A0000210EF076FC7B681B68C0
:10F0F000424A934231D1424B1A6C414B8021490123
:10F100000A431A643E4B1A6C80235B011340BB61B7
:10F11000BB693B4B5A6B3A4B01210A435A63384B4C
:10F120005B6B012213407B617B6921007B18E0222D
:10F130001A607B1802225A607B1800229A607B18A2
:10F140000022DA607B1800221A617A18A023DB05FE
:10F1500011001800F6F754FE4BE07B681B68294A43
:10F16000934246D1264BDA6B254B8021C9010A43D5
:10F17000DA63234BDA6B8023DB0113403B613B698D
:10F180001F4B5A6B1E4B02210A435A631C4B5B6B8D
:10F1900002221340FB60FB681C243B1940221A60CA
:10F1A0003B1902225A603B1900229A603B19002247
:10F1B000DA603B1904221A613B19134A1900100046
:10F1C000F6F71EFE21007B18C02252001A607B1841
:10F1D00002225A607B1800229A607B180022DA60B3
:10F1E0007B1801221A617B18074A19001000F6F7F4
:10F1F00007FEC046BD460DB090BDC0460030014080
:10F2000000100240003800400004005080B584B077
:10F2100000AF3B1D18000C231A0000210EF0DCFB90
:10F22000154B164A1A60144B00225A60124B0022EA
:10F230009A60114B124ADA600F4B00229A610E4B12
:10F240001800F9F7D3FC031E01D0FFF755FA3B1D58
:10F2500000221A603B1D00229A603A1D064B1100E5
:10F260001800F9F7DFFE031E01D0FFF745FAC0468C
:10F27000BD4604B080BDC046501E002000100040B6
:10F28000FFFF000080B584B000AF3B1D18000C23C9
:10F290001A0000210EF0A0FB154B164A1A60144B01
:10F2A00000225A60124B00229A60114B124ADA6017
:10F2B0000F4B00229A610E4B1800F9F797FC031EC2
:10F2C00001D0FFF719FA3B1D00221A603B1D0022F6
:10F2D0009A603A1D064B11001800F9F7A3FE031EB1
:10F2E00001D0FFF709FAC046BD4604B080BDC04654
:10F2F0009C1E002000140040FFFF000080B584B079
:10F3000000AF78607B681B682F4A93423FD12F4B38
:10F31000DA6B2E4B10210A43DA632C4BDB6B102285
:10F320001340FB60FB682A4B2A4A1A60284B2622AE
:10F330005A60274B00229A60254B0022DA60244B4A
:10F3400080221A61224B802252005A61204B802277
:10F35000D2009A611E4B0022DA611D4B00221A6214
:10F360001B4B1800F6F7F2FE031E01D0FFF7C4F99D
:10F370007B68174A1A62164B7A689A620022022149
:10F380001120F7F745FB1120F7F757FB18E07B68D2
:10F390001B68114A934213D10C4BDA6B0B4B2021A3
:10F3A0000A43DA63094BDB6B20221340BB60BB6866
:10F3B000002202211220F7F72BFB1220F7F73DFB6A
:10F3C000C046BD4604B080BD0010004000100240A1
:10F3D000E81E0020580002400014004080B500AF35
:10F3E000234B244A1A60224BE12252025A60204BDE
:10F3F00000229A601E4B0022DA601D4B00221A6127
:10F400001B4B0C225A611A4B00229A61184B0022A6
:10F41000DA61174B00221A62154B00225A62144B14
:10F4200000229A62124B1800F9F78AFE031E01D0DF
:10F43000FFF762F90E4B00211800FBF7A9FF031E2E
:10F4400001D0FFF759F90A4B00211800FBF7E0FF44
:10F45000031E01D0FFF750F9054B1800FBF75EFFC4
:10F46000031E01D0FFF748F9C046BD4680BDC04627
:10F47000481F00200038014080B500AF254B264AC8
:10F480001A60244BE12252025A60224B00229A60F9
:10F49000204B0022DA601F4B00221A611D4B0C2208
:10F4A0005A611C4B00229A611A4B0022DA61194BF7
:10F4B00000221A62174B00225A62164B08229A62E7
:10F4C000144B802212029A63124B1800F9F738FE8F
:10F4D000031E01D0FFF710F90E4B00211800FBF7B7
:10F4E00057FF031E01D0FFF707F90A4B0021180050
:10F4F000FBF78EFF031E01D0FFF7FEF8054B180047
:10F50000FBF70CFF031E01D0FFF7F6F8C046BD461F
:10F5100080BDC046DC1F00200048004080B500AF21
:10F52000164B174A1A60154BE12252025A60134BD0
:10F5300000229A60114B0022DA60104B00221A61FF
:10F540000E4B0C225A610D4B00229A610B4B00228C
:10F55000DA610A4B00221A62084B00225A62074BFA
:10F5600000229A62054B1800F9F7EAFD031E01D04C
:10F57000FFF7C2F8C046BD4680BDC04670200020DF
:10F580000050004090B5A1B000AF78606C23FB182C
:10F59000180014231A0000210EF01EFA20243B1933
:10F5A00018004C231A0000210EF016FA7B681B6825
:10F5B000AC4A934272D13B1901221A603B190022D6
:10F5C0005A603B191800F6F723F8031E01D0FFF725
:10F5D00093F8A54B1A6CA44B8021C9010A431A6405
:10F5E000A14B1A6C8023DB011340FB61FB699E4B2E
:10F5F0005A6B9D4B01210A435A639B4B5B6B012263
:10F600001340BB61BB696C217B18C022D2001A6019
:10F610007B1802225A607B1800229A607B18002215
:10F62000DA607B1801221A617A18A023DB05110029
:10F630001800F6F7E5FB8D4B8D4A1A608B4B322292
:10F640005A608A4B00229A60884B0022DA60874B0E
:10F6500080221A61854B00225A61844B00229A61F4
:10F66000824B0022DA61814B00221A627F4B180024
:10F67000F6F76CFD031E01D0FFF73EF87B68802192
:10F680007A4A5A50794B7A689A62002201211B20EB
:10F69000F7F7BEF91B20F7F7D0F9DEE07B681B68AF
:10F6A000744A934272D120217B1804221A607B187D
:10F6B0000022DA607B181800F5F7AAFF031E01D0BC
:10F6C000FFF71AF8684BDA6B674B8021C9020A43CF
:10F6D000DA63654BDA6B8023DB0213407B617B6965
:10F6E000614B5A6B604B02210A435A635E4B5B6B62
:10F6F000022213403B613B696C217B18C02212013E
:10F700001A607B1802225A607B1800229A607B18CC
:10F710000022DA607B1804221A617B18564A19000D
:10F720001000F6F76DFB554B554A1A60534B3622C5
:10F730005A60524B00229A60504B0022DA604F4BC5
:10F7400080221A614D4B00225A614C4B00229A6173
:10F750004A4B0022DA61494B00221A62474B1800DB
:10F76000F6F7F4FC031E01D0FEF7C6FF7B6880218C
:10F77000424A5A50414B7A689A62002201211D2068
:10F78000F7F746F91D20F7F758F966E07B681B6824
:10F790003C4A934261D1344BDA6B334B80214900B0
:10F7A0000A43DA63304BDA6B80235B001340FB6063
:10F7B000FB682D4B5A6B2C4B02210A435A632A4B90
:10F7C0005B6B02221340BB60BB686C217B18182264
:10F7D0001A607B1802225A607B1800229A607B18FC
:10F7E0000022DA607B1803221A617B18224A190072
:10F7F0001000F6F705FB244B244A1A60224B4A22DC
:10F800005A60214B00229A601F4B0022DA601E4B87
:10F8100080221A611C4B00225A611B4B00229A6104
:10F82000194B0022DA61184B00221A62164B18009D
:10F83000F6F78CFC031E01D0FEF75EFF7B6880218B
:10F84000114A5A50104B7A689A62002201211D20F9
:10F85000F7F7DEF81D20F7F7F0F8C046BD4621B0F7
:10F8600090BDC04600380140001002400421002035
:10F870001C000240004800400004005064210020A9
:10F880003000024000500040C421002044000240EB
:10F8900080B500AFC046FDE790B58BB000AF00F07B
:10F8A000DBFD2D4B1A6C2C4B8021C9010A431A64D5
:10F8B000294B1A6C8023DB011340BB60BB68264BCD
:10F8C0005A6B254B01210A435A63234B5B6B012280
:10F8D00013407B607B680C243B19180014231A002A
:10F8E00000210EF079F821007B18802292001A6026
:10F8F0007B1802225A607B180022DA607B180122F2
:10F900001A617A18A023DB0511001800F6F778FABF
:10F91000124B09221A60114B114ADA60114B3B62FB
:10F9200000237B620EE0C0460C4BDB698022134053
:10F93000FAD07B6A3A6AD3181A78084B9A627B6AC3
:10F9400001337B627B6A3A6AD3181B78002BEAD1B9
:10F9500072B6C046C046FDE70010024000380140C4
:10F960002B02000000E4010880B500AFC046BD4690
:10F9700080BD80B500AFC046BD4680BD80B500AF3C
:10F98000F7F7E2F8C046BD4680BD000080B500AF85
:10F99000034B1800F1F742FFC046BD4680BDC0468C
:10F9A000F816002080B500AF034B1800F6F7C8FD2D
:10F9B000C046BD4680BDC0465C1C002080B500AF7F
:10F9C000054B1800F6F7BCFD044B1800F6F7B8FD20
:10F9D000C046BD4680BDC0460421002064210020F1
:10F9E00080B500AF054B1800F6F7AAFD044B1800D0
:10F9F000F6F7A6FDC046BD4680BDC046C421002026
:10FA0000E81E002080B500AF034B1800F7F77CFC20
:10FA1000C046BD4680BDC046F81B002080B500AF83
:10FA2000034B1800F9F73AF9C046BD4680BDC04601
:10FA3000501E002080B500AF034B1800F9F72EF9D7
:10FA4000C046BD4680BDC0469C1E002080B500AFAC
:10FA5000054B1800F8F7A0FD044B1800F8F79CFDC3
:10FA6000C046BD4680BDC046BC1C0020201D0020F5
:10FA700080B500AF054B1800F8F78EFD044B180059
:10FA8000F8F78AFDC046BD4680BDC046BC1C0020BC
:10FA9000201D002080B500AF034B1800F9F7BAFC19
:10FAA000C046BD4680BDC046481F002080B500AF9F
:10FAB000054B1800F9F7AEFC044B1800F9F7AAFC47
:10FAC000C046BD4680BDC046DC1F0020702000201F
:10FAD00080B582B000AF114B1A6C104B01210A4364
:10FAE0001A640E4B1B6C012213407B607B680B4B2E
:10FAF000DA6B0A4B802149050A43DA63074BDA6B5C
:10FB000080235B0513403B603B68C023DB0018008B
:10FB1000F7F75AF8C046BD4602B080BD001002405B
:10FB200080B586B000AF7860144A154BD31A7B615C
:10FB30007B693B61134B1B68002B02D1114B124AAE
:10FB40001A60104B1A687B68D3183A699A4207D238
:10FB50000DF04AFF03000C221A6001235B4209E00A
:10FB6000084B1B68FB60074B1A687B68D218054B73
:10FB70001A60FB681800BD4606B080BD0040022038
:10FB80000008000024220020D04500200D488546B2
:10FB9000F1F7B8FC0C480D490D4A002302E0D45897
:10FBA000C4500433C4188C42F9D30A4A0A4C0023C7
:10FBB00001E013600432A242FBD30DF01BFFFEF7FD
:10FBC000ABFCFEE70040022000000020DC0100202A
:10FBD000B4F70108DC010020D0450020FEE700005A
:10FBE00080B500AF074B002202211800F6F791FA0A
:10FBF0000549064B01221800F9F7A6FBC046BD4691
:10FC000080BDC0460004005028220020DC1F0020D8
:10FC100080B582B000AF78600A00BB1C1A80BB1CA4
:10FC20001B88002B19D07B68002B16D00D4B0122AE
:10FC300002211800F6F76DFA0220F6F7A1FFBB1CAF
:10FC40001A88796808486423F9F7D0FA054B00222E
:10FC500002211800F6F75DFA00E0C046BD4602B08A
:10FC600080BDC04600040050DC1F002080B584B079
:10FC700000AF78607B681B68144A934222D1144B12
:10FC80001B78DBB20133DAB20F203B187F210A4028
:10FC90001A70104B1B78DBB23A1812789A420BD0CC
:10FCA0000B4B1B78DBB21A000B4B19780B4B99549A
:10FCB000074B3A1812781A700749094B01221800AD
:10FCC000F9F742FBC046BD4604B080BD0048004085
:10FCD000AC220020AD220020282200202C2200206F
:10FCE000DC1F002080B582B000AF78607B681B68A5
:10FCF000084A934209D17B681B680F221A620649A1
:10FD0000064B01221800F9F71FFBC046BD4602B0A2
:10FD100080BDC0460048004028220020DC1F002093
:10FD200080B584B000AF78600A00BB1C1A800E2337
:10FD3000FB1800221A8019E0174B1B78DBB2190060
:10FD40000E22BB181B88BA18581C10801A007B683A
:10FD50009B18124A525C1A700F4B1B78DBB20133AE
:10FD6000DBB27F221340DAB20B4B1A700A4B1B78BE
:10FD7000DAB20B4B1B78DBB29A4206D00E23FA188C
:10FD8000BB1C12881B889A42D6D30E23FB181B88F3
:10FD90001800BD4604B080BDAD2200202C220020FA
:10FDA000AC22002080B58AB002AF786008217B18B1
:10FDB0008022D2051A607B1800225A607B1802222A
:10FDC0009A607B180122DA607B1800221A617B1886
:10FDD00000225A617A187B6811001800F8F73EF883
:10FDE000031E16D17868002300930023022202210B
:10FDF000F8F791F8031E0ED17B681800F8F7BBF8EE
:10FE0000031E0AD17B68002201211800F8F7EEFAE0
:10FE100004E0C04602E0C04600E0C046BD4608B06F
:10FE200080BD90B58BB002AF786008243B190022EA
:10FE30001A603B1900225A603B1902229A603B1952
:10FE40000122DA603B1900221A613B1900225A6133
:10FE50003A197B6811001800F8F700F8031E32D138
:10FE60003B198022D2051A6021007B1800225A60BB
:10FE70007B1802229A607B180122DA607B1800222C
:10FE80001A617B1800225A617A187B6811001800E9
:10FE9000F7F7E4FF031E18D17868002300930023CE
:10FEA00002220221F8F737F8031E10D17B681800F0
:10FEB000F8F761F8031E0CD17B68002201211800BD
:10FEC000F8F794FA06E0C04604E0C04602E0C046F7
:10FED00000E0C046BD4609B090BD000080B500AF4F
:10FEE000054B1800FFF75EFF044B1800FFF799FF62
:10FEF00001231800BD4680BDBC1C0020201D002031
:10FF000080B58CB000AF02003960FB1D1A703B68F1
:10FF10001A680C217B181A607B188022D2055A605F
:10FF20007B1800229A603B681B7B082B31D89A0013
:10FF30003B4BD3181B689F460C23FB180022DA604A
:10FF40002CE00C23FB180122DA6027E00C23FB18BD
:10FF50000222DA6022E00C23FB180322DA601DE0A3
:10FF60000C23FB180422DA6018E00C23FB1805228E
:10FF7000DA6013E00C23FB180622DA600EE00C2393
:10FF8000FB180722DA6009E00C23FB180822DA606C
:10FF900004E00C23FB180822DA60C0460C217B1811
:10FFA00000221A617B1800225A617B1800229A6194
:10FFB0007B180022DA617B1800221A62FB1D1B7875
:10FFC000012B01D1174B00E0174B3A6804320C218A
:10FFD00079181800F8F768F8031E09D0FB1D197886
:10FFE0003B681A68114B18000DF0F8FA002313E073
:10FFF000FB1D1B78012B05D10D4B1B685A1C0C4BAC
:020000040801F1
:100000001A6008E0FB1D1B78022B04D1094B1B680A
:100010005A1C084B1A6001231800BD460CB080BD65
:1000200058F20108BC1C0020201D002028E4010813
:10003000B0220020B822002090B593B000AF7860C5
:1000400039603B68012213405DD03423FB180C2437
:100050003A1978684021F8F76DF8031E53D13B191F
:10006000DB68DAB247203B180F210A401A703B18B0
:100070001B78082B02D93B1808221A707B681B6872
:10008000234A934216D1234B1B685A1C214B1A60FA
:100090000C217B185A688023DB059A4233D17B18E8
:1000A00018684723FB181A783423FB18190001F04D
:1000B000F3FF28E07B681B68174A934223D1174B54
:1000C0001B685A1C154B1A600C217B185A68802338
:1000D000DB059A4202D17B181B6800E000233B64D9
:1000E0000C22BB185B68002B02D1BB181B6800E018
:1000F0000023FB634723FB181B783422BA18F96BE3
:10010000386C00F07DFDC046BD4613B090BDC046C2
:1001100000640040B422002000680040BC2200209F
:1001200080B58CB000AFF6F721FD0300FB62264BD3
:100130001B68FA6AD21AFA239B009A423FD3224BD9
:10014000FA6A1A603A00214B11001800F8F700F91A
:10015000031E15D13B005B69002B11D01C4B18000E
:100160000DF03CFA194B1800F7F72BFF174B18004E
:10017000F7F701FF154B002201211800F8F736F9B7
:100180003A00144B11001800F8F7E2F8031E17D1DB
:100190003B005B69002B13D00F4B18000DF01EFACB
:1001A0000C4B1800F7F70DFF0A4B1800F7F7E3FEAA
:1001B000084B002201211800F8F718F900E0C046AA
:1001C000BD460CB080BDC046C0220020BC1C002033
:1001D00048E40108201D002070E40108F0B58BB050
:1001E00000AF78600023FB610C23FB18180010237C
:1001F0001A0000210DF0F0FB7B680722134001D0AC
:10020000002338E07A6880231B059A4203D37B6879
:100210001B4A934201D900232DE07B68F822120685
:1002200094466344DB0A7B620C257B1902221A6028
:100230007B197A6A9A607B190122DA607B190422A1
:100240005A6072B6C046F5F76DFC2326BC191C2314
:10025000FA187B1911001800F5F722FD030023702E
:10026000F5F784FC62B6C046BB191B78002B01D0A1
:10027000002300E001231800BD460BB0F0BDC046CE
:10028000FFFF010880B58CB000AFF860B9607A60FC
:10029000FB680722134001D000235BE0FA6880234B
:1002A0001B059A4205D3FA687B68D3182B4A934200
:1002B00001D900234EE0BB68002B04D17B68002BE2
:1002C00001D0002346E072B6C046F5F72BFCFA6871
:1002D0007B68D3187B62FB68FB62BB68BB6230E063
:1002E00001225242D3173A617B617A6AFB6AD31AC0
:1002F000082B00D908233B623A6AB96A1023FB181D
:1003000018000DF09DFB3A697B69F96A0120F5F749
:10031000BBFB031E0FD0F5F74BFC0300FB61FA6932
:10032000F96A0F4B18000DF059F9F5F71FFC62B68A
:10033000C04600230EE0FB6A0833FB62BB6A083349
:10034000BB62FA6A7B6A9A42CAD3F5F70FFC62B6BF
:10035000C04601231800BD460CB080BD0000020855
:1003600098E4010880B582B000AF0200FB1D1A704E
:10037000FB1D1B78002B06D10A4B012240211800DF
:10038000F5F7C7FE09E0FB1D1B78012B05D1054BD6
:10039000012280211800F5F7BCFEC046BD4602B020
:1003A00080BDC0460008005080B582B000AF02009A
:1003B000FB1D1A70FB1D1B78002B06D10A4B002277
:1003C00040211800F5F7A5FE09E0FB1D1B78012B65
:1003D00005D1054B002280211800F5F79AFEC04692
:1003E000BD4602B080BDC0460008005080B582B056
:1003F00000AF0200FB1D1A70FB1D1B78002B0DD1F6
:1004000080231A02A023DB0511001800F5F764FE13
:100410000300013B5A425341DBB20FE0FB1D1B7846
:10042000012B0AD1074B04211800F5F755FE0300F4
:10043000013B5A425341DBB200E000231800BD46A5
:1004400002B080BD000C005080B500AFF6F78EFB07
:1004500003001800BD4680BD80B500AF114BC0221F
:1004600012069A61A023DB05802252049A61A02320
:10047000DB05802252039A610B4B1B68002B03D0D3
:10048000094B1800F7F79DFD084B1B68002B03D0A4
:10049000064B1800F7F795FD054B80229A61C04680
:1004A000BD4680BD00040050BC1C0020201D002063
:1004B0000008005080B500AF0449054B0422180025
:1004C000F6F794FEC046BD4680BDC046C42200205B
:1004D000F81B0020B0B586B000AF0200FB1D1A70FB
:1004E000FB1D1B78032B01D92D4B55E0FB1D197803
:1004F00016203B182B4A49008A5A1A803B181B8841
:10050000002B04D03B181B88274A934201D9244B67
:1005100042E016257B191B881800F0F77DFF041CAC
:100520007B191B881800F0F777FF031C191C1F4864
:10053000F0F74CFD031C191C201CF0F723FA031CD8
:100540001B49181CF0F704FC031C3B61184938696F
:10055000F0F718FA031CFB60FB68181C0DF0A2F8FA
:10056000031CFB601349F868F0F70CFA031CFB60EE
:100570001149F868F0F77CF8031CFB60F968FE206D
:100580008005F0F7FFF9031CFB600C49F868F0F7F1
:100590001DFD031CFB60FB68181CBD4606B0B0BD0A
:1005A0000000C07FC4220020FE0F000000F07F4545
:1005B00000401C4600E076450FCF5B3B33938843F9
:1005C00080B58AB000AFF860B960FB1D1A701421C5
:1005D0007B18FA681A607B18FA1D12781A730023C8
:1005E0007B6214E0FB1D1B787A6A9A4204DA7B6A0C
:1005F000BA68D318197800E000211423FA187B6A2E
:10060000D31804330A1C1A707B6A01337B627B6A3D
:10061000072BE7DD1423FB1819000220FFF770FCFD
:1006200003001800BD460AB080BD000080B582B04E
:1006300000AF284B1B78DBB2002B26D1254B1B7A51
:10064000DBB2002B21D1234B9B7CDBB2002B1CD1D6
:10065000204B1B7EDBB2002B17D11E4B26229B5C4E
:10066000DBB2002B11D11B4B30229B5CDBB2002B89
:100670000BD1184B36229B5CDBB2002B05D1154BFE
:100680008A229B5CDBB2002B01D001231DE0FB1D05
:1006900000221A7014E0FB1D1A780E493A2013004C
:1006A0009B009B185B00CB181B181B78DBB2002B40
:1006B00001D0012309E0FB1D1A78FB1D01321A70DD
:1006C000FB1D1B78072BE6D900231800BD4602B09E
:1006D00080BDC046CC22002090B583B000AF964BC1
:1006E0003B60964B1B78DBB2002B27D0934B5B888B
:1006F0009BB21800F0F790FE031C9149181CF0F70C
:1007000027FB031C1A1C3B685A608C4B9B881BB24E
:100710001800F0F735FE031C8949181CF0F718FB88
:10072000031C8849181CF0F751FC031C1A1C3B6879
:100730009A60824B9B79DAB23B681A737F4B262210
:100740009B5CDBB2002B14D07C4B1B8D9AB23B68B8
:10075000DA817A4B5B8D9AB23B681A82774B9B8D1C
:100760009AB23B685A82754B2E229B5CDAB23B6888
:100770001A75724B1B7ADBB2002B15D06F4B5B895D
:100780009AB23B68DA826D4BDB899AB23B681A8376
:100790006A4B1B7BD9B23B6828229954674B1B7C60
:1007A000D9B23B6829229954644B9B7CDBB2002B65
:1007B00038D0624BDB7CDBB21800F0F72DFE031C57
:1007C0006149181CF0F702FC031C1A1C3B68DA6133
:1007D0005A4B5B7DDBB21800F0F71EFE031C5A4932
:1007E000181CF0F7F3FB031C1A1C3B681A62534BEE
:1007F000DB7DDBB21800F0F70FFE031C5249181C1A
:10080000F0F7E4FB031C1A1C3B685A624B4B1B7D40
:10081000D9B23B682A229954484B9B7DD9B23B6898
:100820002B229954454B8A229B5CDBB2002B47D08C
:10083000424B8B229B5CDBB21800F0F7EDFD031CF2
:100840004149181CF0F7C2FB031C1A1C3B68DA6212
:100850003A4B8C229B5CDBB21800F0F7DDFD031CE9
:100860003949181CF0F7B2FB031C1A1C3B681A63C9
:10087000FB1D00221A701FE0FB1D1B782F4A8D21E3
:10088000D3185B181B78DBB21800F0F7C5FD021C0B
:10089000FB1D1C782C49101CF0F798FB031C191C3D
:1008A0003A6823000C339B00D31804331960FB1DF6
:1008B0001A78FB1D01321A70FB1D1B78052BDBD942
:1008C0001E4B30229B5CDBB2002B1DD01B4B5B8E82
:1008D0009BB21800F0F7A0FD031C1949181CF0F793
:1008E00037FA031C1A1C3B681A65144B9B8E9BB28B
:1008F0001800F0F791FD031C1149181CF0F728FAB5
:10090000031C1A1C3B685A650C4B36229B5CDBB2FD
:10091000002B0DD0094B39229B5CD9B23B684C228D
:100920009954064B38229B5CD9B23B684D229954AE
:10093000C046BD4603B090BD84230020CC220020D9
:10094000CDCCCC3D0000C8430000484280B582B009
:1009500000AF02003960FB1D1A70FB1D1B78002BD5
:1009600001D03B6800E000231800BD4602B080BD06
:1009700080B582B000AF00237B60564B3B603B6884
:100980001B78DBB201225340DBB2002B03D0524B69
:100990007A689A659BE03B685B78DBB201211800BE
:1009A000FFF7D4FF02007B6813437B603B689B78B2
:1009B000DBB202211800FFF7C9FF02007B68134376
:1009C0007B603B68DB78DBB204211800FFF7BEFFD9
:1009D00002007B6813437B603B681B79DBB2082114
:1009E0001800FFF7B3FF02007B6813437B603B688E
:1009F0005B79DBB210211800FFF7A8FF02007B68CB
:100A000013437B603B689B79DBB220211800FFF722
:100A10009DFF02007B6813437B603B68DB79DBB2A0
:100A200040211800FFF792FF02007B6813437B60B0
:100A30003B681B7ADBB280211800FFF787FF0200BA
:100A40007B6813437B603B685B7ADBB28022520099
:100A500011001800FFF77AFF02007B6813437B60E8
:100A60003B689B7ADBB28022920011001800FFF7EE
:100A70006DFF02007B6813437B603B68DB7ADBB26F
:100A80008022D20011001800FFF760FF02007B688F
:100A900013437B603B681B7BDBB280221201110099
:100AA0001800FFF753FF02007B6813437B603B682D
:100AB0005B7BDBB28022520111001800FFF746FF7A
:100AC00002007B6813437B60034B7A689A65BD46DE
:100AD00002B080BDE42200208423002090B587B0BE
:100AE00000AF08217B18254A1A607B1808221A7368
:100AF0003B0000221A70224B1B78DBB2002B06D081
:100B00003B001B7801221343DAB23B001A701C4BE6
:100B10005B78DBB2002B06D03B001B78022213432C
:100B2000DAB23B001A70164B1B78DBB2002B01D0F7
:100B3000012200E000223B005A70114B5B78DBB2CF
:100B4000002B01D0012200E000223B009A703A0005
:100B500008243B1904331100180000F083FF210022
:100B60007B1818687B181A7B7B1804331900FFF771
:100B700027FDC046BD4607B090BDC04628F4F0181A
:100B8000F823002080B500AF144BB82200211800D4
:100B90000CF022FF124B6422002118000CF01CFF05
:100BA000104B0222002118000CF016FF0E4B002201
:100BB0001A70F5F7DBFF02000C4B1A600C4B002299
:100BC0001A600C4B00221A600B4B01221A700B4B5F
:100BD00018000CF003FDC046BD4680BDCC220020AD
:100BE00084230020F8230020E8230020EC230020A9
:100BF000F0230020F4230020FA230020CCE4010895
:100C000090B589B002AFF860B9607A601A00FB1C39
:100C10001A70194B1B78DBB201225340DBB2002B58
:100C200024D1164B7B61FB1C1C787A68B968F86884
:100C30007B690093230000F097FE03001A00012354
:100C40005340DBB2002B13D1F5F790FF02000C4BA1
:100C50001A600C4B1B685A1C0A4B1A600A4B012283
:100C60001A70FFF739FDFFF783FE02E0C04600E08F
:100C7000C046BD4607B090BDFA230020CC2200201C
:100C8000EC230020FC23002000240020F0B5DE46E9
:100C900057464E464546E0B5DDB016AFF8639B4B70
:100CA0001B78DBB201225340DBB2002B00D077E38C
:100CB00072B6C046964B1B68D02138200A18D2194C
:100CC000136062B6C046FA6B0B18DB191B689A42B8
:100CD00009D3FA6B0B18DB191B68D31ADC22121824
:100CE000D219136005E00023DC2238215218D219F2
:100CF000136072B6C046702338255B19DA19854B2C
:100D000094215B1813CB13C213CB13C213CB13C2A2
:100D100062B6C046DB235B19DB1900221A70002380
:100D2000D4225219D219136043E0D42138240B196C
:100D3000DB191B68062B32D00B19DB191B68072B3C
:100D40002DD00B19DB191B68082B28D07020031934
:100D5000DB190A19D21912689200D358FA6B9A4219
:100D600009D30319DB190A19D21912689200D35852
:100D7000FA6BD31A00E00023CC2238201118C919CD
:100D80000B6001005318DB191A68FA23DB009A4242
:100D900006D3DB235B18DB1901221A7010E0C04672
:100DA000D42238215318DB191B6801335218D21989
:100DB0001360D42338229B18DB191B68082BB4DD81
:100DC000554B1B78DBB2002B10D1FFF72FFC031E15
:100DD00000D1DAE0504B01221A70504B6022012101
:100DE00099544F4B18000CF0F9FBCEE04A4B1B789E
:100DF000DBB2012B53D1DC2438256319DB191B68C6
:100E0000484A93421CD9444B00221A70434B60223B
:100E100000219954414B802292019A653D4BB822A2
:100E2000002118000CF0D8FDFB6BD0225219D2190A
:100E300012686119C91909683B480CF0CFFBA4E09E
:100E4000364B602201219954DB2338229B18DB1991
:100E50001B78002B06D0314B9B6D8022D2011A43A8
:100E60002E4B9A65314BC42138200A18D2191360D1
:100E70002A4B9B6D0A18D2191268134000D184E0E6
:100E8000254B02221A70254B9B6D0A18D219126845
:100E90001A40274B110018000CF0A0FB75E01E4B08
:100EA0001B78DBB2022B70D1DC2338229B18DB19B4
:100EB0001B681C4A934215D9174B00221A70174B16
:100EC000602200219954154B802292019A65114BA2
:100ED000B822002118000CF07FFD164B18000CF012
:100EE0007DFB2FE00D4B602201219954DB2338223A
:100EF0009B18DB191B78002B1ED0084B9B6D8022A2
:100F0000D2011A43054B9A651CE0C046FA23002023
:100F1000EC230020CC220020E823002084230020A2
:100F2000E8E401088713000014E501081822000016
:100F300054E501087CE50108E54B9B6DE54A1A4044
:100F4000E34B9A65E24B9B6DE24A1340C82238207E
:100F50001118C9190B60E04B1B78DBB2022B14D1BE
:100F60001318DB191B68002B0FD1DB231B18DB19AF
:100F70001B7801225340DBB2002B06D0D64B012256
:100F80001A70D64B18000CF029FBD54B1B68FA6B76
:100F9000D21AFA235B009A4204D3D14BFA6B1A603F
:100FA000FFF79CFDCF4B1B78DBB2002B00D1EAE1B1
:100FB00072B6C046CC4B1B68C02138200A18D21923
:100FC000136062B6C046FA6B0B18DB191B68D21AA5
:100FD000FA239B009A4200D2D5E172B6C046C24BBA
:100FE000FA6B1A60BF4B00221A7062B6C04672B626
:100FF000C0460C240600A319DA19B54B10001900DD
:1010000064231A000CF01CFD62B6C046A319DB195C
:101010005B68B649181CEFF79BFE031C181CF0F721
:101020008FF90300BC229219D2191360A319DB199E
:101030009B68AE49181CEFF78BFE031C181CF0F7D9
:101040007FF90300B825AA19D2191360A319DB1977
:10105000DB69A649181CEFF77BFE031C181CF0F790
:101060006FF90300B42638203218D2191360231800
:10107000DB191B6A9D49181CEFF76AFE031C181C3C
:10108000F0F75EF90300B02238201218D1190B6076
:101090002318DB191B6D9549181CEFF759FE031C2B
:1010A000181CF0F74DF90300AC2138228918C81933
:1010B0000360A318DB195B6D8C49181CEFF748FE21
:1010C000031C181CF0F73CF90300A8203821421833
:1010D000D21913606B18DB191B68DA179B18534081
:1010E000A4256A18D5192B607318DB191B68DA1749
:1010F0009B185340A0256A18D5192B60B0220D000B
:101100005318DB191B68DA179B1853409C2252199D
:10111000D2191360AC214B19DB191B68DA179B1825
:101120005340982229005218D21913604318DB1932
:101130001B68DA179B18534094225218D219136077
:101140006318DB1960229B5C002B02D00123BB6378
:1011500001E00023BB63BC2438256319DB191B683D
:101160000A211800EFF75AF80300FB626319DB1934
:101170001B680A211800EFF737F90B00BB62B82390
:101180005B19DB191B68002B02DA594B7B6301E00A
:10119000584B7B63A42438256319DB191B680A218B
:1011A0001800EFF73BF803007B626319DB191B683B
:1011B0000A211800EFF718F90B003B620C225319B3
:1011C000DB191B7BFB615319DB19DB8ABB615319EC
:1011D000DB191B8B7B61B4235B19DB191B68002BAC
:1011E00002DA434B3B6301E0424B3B63A0243825CA
:1011F0006319DB191B680A211800EFF70FF80300C9
:101200003B616319DB191B680A211800EFF7ECF842
:101210000B00FB60B0235B19DB191B68002B02DAA3
:10122000334B9B4601E0334B9B469C243825631986
:10123000DB191B680A211800EEF7F0FF0300BB6002
:101240006319DB191B680A211800EFF7CDF80B00B2
:101250007B600C235B19DA194C23D35C002B02D082
:1012600001239A4601E000239A460C2338229B185A
:10127000DA194D23D35C002B02D00123984601E0FC
:1012800000239846AC2338229B18DB191B68002BDF
:1012900001DA174E00E0174E982438256319DB1940
:1012A0001B680A211800EEF7B9FF03003B606319C1
:1012B000DB191B680A211800EFF796F80B00994616
:1012C000A8235B19DB191B68002B15DA084C14E006
:1012D00084230020FFBFFFFFE8230020A4E50108CE
:1012E000F023002000240020F423002000002041EF
:1012F000CCE50108D0E501082E4C942338229B1838
:10130000DA1913680A211800EEF788FF03001D00A0
:10131000942338229B18DB191B680A211800EFF769
:1013200063F80B001A000C2338215B18DB199B6D46
:10133000214814931392129511944B4610933B68D5
:101340000F930E9643460D9353460C937B680B9375
:10135000BB680A935B460993FB6808933B69079354
:101360003B6B06937B690593BB690493FB6903930D
:101370003B6A02937B6A01937B6B0093BB6AFA6AB8
:10138000B96B0CF02BF90D4B1B78DAB20C4B1A70C1
:1013900072B6C0460B4B1A68094BDA6562B600E0BC
:1013A000C046BD4647B0F0BCBB46B246A946A046C3
:1013B000F0BDC046D0E50108D4E50108E8230020CF
:1013C00084230020EC23002080B500AF034B602273
:1013D0009B5CDBB21800BD4680BDC0468423002064
:1013E00080B582B000AF064B7B60064B9B6D7A6880
:1013F00013405A1E9341DBB21800BD4602B080BDB7
:10140000182200008423002080B582B000AF7860ED
:101410007B68002B0BD072B6C0467A68064B100072
:10142000190064231A000CF00BFB62B600E0C04602
:10143000BD4602B080BDC0468423002080B59AB06E
:1014400000AFFFF7C1FF03001A0001235340DBB2D6
:10145000002B01D000231CE0FFF7C2FF031E01D0C8
:10146000002316E072B6C0463A1D0C4B100019005E
:1014700064231A000CF0E4FA62B6C0463B1D4C220D
:101480009B5C01225340DBB2002B01D0002300E023
:1014900001231800BD461AB080BDC0468423002039
:1014A00080B582B000AF78600A00FB1C1A70FB1C8C
:1014B0001B787A68D3181B781AB2FB1C1B7801338F
:1014C0007968CB181B781B021BB213431BB29BB26B
:1014D0001800BD4602B080BD80B582B000AF786014
:1014E0000A00FB1C1A70FB1C1B787A68D3181B7847
:1014F0001B021AB2FB1C1B7801337968CB181B78CE
:101500001BB213431BB29BB21800BD4602B080BD94
:1015100080B582B000AF78600A00FB1C1A70FB1C1B
:101520001B787A68D3181B781900FB1C1B780133D1
:101530007A68D3181B781B020A001A43FB1C1B781D
:1015400002337968CB181B781B041A43FB1C1B78E9
:1015500003337968CB181B781B0613431800BD466C
:1015600002B080BD80B586B000AFF860B9607A6027
:10157000BB687B61FB6800211800FFF791FF030047
:101580001A007B695A80FB6802211800FFF788FF68
:1015900003001AB27B699A80FB6804331A787B696E
:1015A0009A717B6901221A70C046BD4606B080BDA3
:1015B00080B586B000AFF860B9607A60BB68083368
:1015C0007B61FB6800211800FFF76AFF03001A0027
:1015D0007B695A80FB6802331A787B691A71FB6851
:1015E00003211800FFF75CFF03001A007B69DA8013
:1015F000FB6805331A787B691A727B6901221A70BD
:10160000C046BD4606B080BD80B586B000AFF8606C
:10161000B9607A60BB6812337B61FB681A787B69BA
:101620005A70FB6801331A787B699A70FB68023341
:101630001A787B69DA70FB6803331A787B691A7150
:10164000FB6804331A787B695A717B6901221A702E
:10165000C046BD4606B080BD80B586B000AFF8601C
:10166000B9607A60BB6818337B61FB6800211800A1
:10167000FFF74EFF03003B613B69DBB203221340DF
:10168000DAB27B695A703B699B08DBB203221340D4
:10169000DAB27B699A703B691B09DBB20322134003
:1016A000DAB27B69DA703B699B09DBB20322134033
:1016B000DAB27B691A713B691B0ADBB20322134061
:1016C000DAB27B695A713B699B0ADBB20322134091
:1016D000DAB27B699A713B691B0BDBB203221340C0
:1016E000DAB27B69DA713B699B0BDBB203221340F0
:1016F000DAB27B691A723B691B0CDBB2032213401E
:10170000DAB27B695A723B699B0CDBB2032213404D
:10171000DAB27B699A723B691B0DDBB2032213407C
:10172000DAB27B69DA723B699B0DDBB203221340AC
:10173000DAB27B691A733B691B0EDBB203221340DA
:10174000DAB27B695A737B6901221A70C046BD46C2
:1017500006B080BD80B586B000AFF860B9607A6031
:10176000BB6826337B61FB6800211800FFF798FEF9
:1017700003001A007B695A80FB6802211800FFF7FA
:101780008FFE03001A007B699A80FB680421180011
:10179000FFF786FE03001A007B69DA80FB680633D8
:1017A0001A787B691A727B6901221A70C046BD469D
:1017B00006B080BD80B586B000AFF860B9607A60D1
:1017C000BB6830337B61FB6800211800FFF784FEA3
:1017D00003001A007B695A80FB6802211800FFF79A
:1017E0007BFE03001A007B699A807B6901221A70D4
:1017F000C046BD4606B080BD80B586B000AFF8607B
:10180000B9607A60BB6836337B6113217B18FA6854
:1018100012781A707B181B78012213405A1E9341CC
:10182000DAB27B695A707B181B78022213405A1E69
:101830009341DAB27B699A707B181B7804221340BB
:101840005A1E9341DAB27B69DA707B6901221A7001
:10185000C046BD4606B080BDF0B587B000AFF860A9
:10186000B9607A607B681B0CDAB216203B1807213E
:101870000A401A70BB683A333B613B181B78072B50
:1018800037D81723FB1800221A7020E017203B18C6
:101890001B78DB18D9B21623FB181A7813009B00AB
:1018A0009B185B001A003B699C1806003B181D78CA
:1018B000FB681800FFF7F4FD03001A006B00E31843
:1018C00002331A80BB191A78BB1901321A70172318
:1018D000FB181B78032BD9D91623FB181A78130091
:1018E0009B009B185B001A003B699B1801221A7031
:1018F00000E0C046BD4607B0F0BD80B586B000AF81
:10190000F860B9607A60BB688A337B61FB681A78DB
:101910007B695A70FB6801331A787B699A70FB689F
:1019200002331A787B69DA70FB6803331A787B69B3
:101930001A71FB6804331A787B695A71FB680533A6
:101940001A787B699A71FB6806331A787B69DA71B9
:10195000FB6807331A787B691A727B6901221A7057
:10196000C046BD4606B080BD90B587B000AFF860F8
:10197000B9607A601A00FB1C1A707B68002B06D0D5
:10198000BB6A002B03D0FB1C1B78082B01D900235A
:1019900061E000237B615AE07A6913009B009B1889
:1019A0009B002F4A9B183B613B691B78002B25D07D
:1019B000BB68002B48D13B699B68FA681A403B69B9
:1019C0005B689A4240D13B691B7BFA1C12789A42B1
:1019D0003AD33B691B69FA68B96A786898473B69EA
:1019E0005B7B1C00F5F7C2F80100BA6A23002433C0
:1019F0009B00D3180433196001232CE0BB68002B33
:101A000022D03B699B68BA681A403B695B689A427E
:101A10001AD13B691B7BFA1C12789A4214D33B699A
:101A20001B69BA68B96A786898473B695B7B1C0098
:101A3000F5F79CF80100BA6A230024339B00D31801
:101A400004331960012306E07B6901337B617B6904
:101A5000092BA1D900231800BD4607B090BDC04690
:101A60007CF2010880B582B000AF786039607B6895
:101A70000822002118000BF0AFFF3B681A787B6842
:101A80001A707B6801333A6852781A707B680233A7
:101A90003A6892781A70C046BD4602B080BD80B5E3
:101AA00084B000AF0200BB1D1A803B1D0A1C1A80C7
:101AB00008217B185A221A707B18A5225A707B18AD
:101AC00005229A707B188222DA70BB1D1B881B0AC4
:101AD0009BB2DAB27B181A71BB1D1B88DAB27B1875
:101AE0005A713B1D1B881B0A9BB2DAB27B189A7194
:101AF0003B1D1B88DAB27B18DA717B1808211800AD
:101B0000FEF786F8C046BD4604B080BD80B582B001
:101B100000AF7860414B1B780B2B00D96AE09A002C
:101B20003F4BD3181B689F467B689A8A80235B01D2
:101B300011001800FFF7B3FF60E07B681A88882364
:101B40005B0111001800FFF7AAFF57E07B685B8874
:101B5000344A19001000FFF7A2FF4FE07B689A8813
:101B600090235B0111001800FFF799FF46E07B68A6
:101B7000DB882D4A19001000FFF791FF3EE07B68DB
:101B80001B892A4A19001000FFF789FF36E07B689D
:101B90005A8998235B0111001800FFF780FF2DE0A0
:101BA0007B689B89224A19001000FFF778FF25E027
:101BB0007B68DB891F4A19001000FFF770FF1DE0EA
:101BC0007B681A8AA0235B0111001800FFF767FFEA
:101BD00014E07B685B8A184A19001000FFF75FFF6A
:101BE0000CE07B68DA8A80239B0111001800FFF764
:101BF00056FF03E0094B00221A700CE0074B1B78DC
:101C00000133DAB2054B1A70044B1B780B2B02D947
:101C1000024B00221A70BD4602B080BD0124002094
:101C200044F3010802110000021200000412000037
:101C300002130000041300000214000080B586B0F7
:101C400000AF78600A00BB1C1A801623FB18002224
:101C50001A80B6E01623FB181B887A68D218152064
:101C60003B1812781A705D4B1B78002B10D13B1873
:101C70001B785A2B00D09EE0584B1B785A1CD1B2CF
:101C8000564A11701900564B3A1812785A5492E07D
:101C9000524B1B78012B25D115203B181B78A52B07
:101CA0000BD14E4B1B785A1CD1B24C4A1170190003
:101CB0004B4B3A1812785A547DE0484B00221A7068
:101CC00015203B181B785A2B00D074E0434B1B782F
:101CD0005A1CD1B2414A11701900414B3A1812787E
:101CE0005A5468E03D4B1B78022B1BD13D4B15200D
:101CF0003A1812781A70394B1B785A1CD1B2374AED
:101D000011701900364B3A1812785A54354B1B781B
:101D1000002B03D0334B1B783C2B4CD92F4B00228C
:101D20001A7048E02D4B1B785A1CD1B22B4A117007
:101D300019002B4B1522BA1812785A54294B1B78CC
:101D40000233264A1278934235DA254BDB78832B0F
:101D50002ED1234B1B791B021AB2214B5B791BB28C
:101D600013431AB212217B181A8011203B181C4A07
:101D700092791A707B181B881B4A934218D13B1822
:101D80001B78012B14D1154B1B78082B10D9144B41
:101D9000DB791B021AB2124B1B7A1BB213431AB225
:101DA0000E217B181A807B181B8818000BF0E8FBAB
:101DB0000A4B00221A7016217B181A887B180132F0
:101DC0001A801623FA18BB1C12881B889A4200D26C
:101DD00040E7C046C046BD4606B080BD0224002094
:101DE00004240020442400200210000080B500AF2D
:101DF000024B1B681800BD4680BDC0466824002009
:101E000080B582B000AF02003960FB1D1A70FB1D67
:101E10001B78072B02D83B68002B01D1002306E07A
:101E2000FB1D1A78044B92003968D1500123180029
:101E3000BD4602B080BDC0464824002080B584B0B5
:101E400000AF0200FB1D1A70FB1D1B78072B06D884
:101E5000FB1D1A781A4B9200D358002B01D1002396
:101E600029E0184B1B68FB60FB68002B0ED0FB6859
:101E70009B68002B03D0FB689B68984706E0FB68D3
:101E80005B68002B02D0FB685B689847FB1D1A78E3
:101E90000B4B9200D2580B4B1A600B4BFA1D127869
:101EA0001A70084B1B685B68002B03D0054B1B683E
:101EB0005B68984701231800BD4604B080BDC0464A
:101EC00048240020682400206C24002080B500AF46
:101ED000024B1B781800BD4680BDC0466C24002014
:101EE00080B582B000AFFFF781FF03007B607B68A5
:101EF000002B06D07B681B68002B02D07B681B6818
:101F000000E0024B1800BD4602B080BD5CE601084F
:101F100080B582B000AFFFF769FF03007B607B688C
:101F2000002B06D07B685B68002B02D07B685B6867
:101F30009847C046BD4602B080BD80B584B000AFB2
:101F40000200FB1D1A70BB1D0A1C1A70FFF74EFF22
:101F50000300FB60FB68002B0DD0FB68DB68002BE7
:101F600009D0FB68DB68BA1D1178FA1D12781000E1
:101F70009847030001E001235B421800BD4604B00E
:101F800080BD80B584B000AF7860FFF72FFF0300FD
:101F9000FB60FB68002B08D0FB689B6A002B04D019
:101FA000FB689B6A7A68101C9847C046BD4604B01F
:101FB00080BD80B584B000AF7860FFF717FF0300E5
:101FC000FB60FB68002B08D0FB68DB6A002B04D0A9
:101FD000FB68DB6A7A68101C9847C046BD4604B0AF
:101FE00080BD80B582B000AFFFF700FF03007B60CB
:101FF0007B68002B06D07B681B6B002B02D07B68B4
:102000001B6B9847C046BD4602B080BD80B582B00C
:1020100000AFFFF7EBFE03007B607B68002B06D070
:102020007B685B6B002B02D07B685B6B9847C0467C
:10203000BD4602B080BD80B582B000AFFFF7D6FECE
:1020400003007B607B68002B06D07B689B6B002BBA
:1020500002D07B689B6B9847C046BD4602B080BDEE
:1020600080B584B000AF786072B6C046FFF7BEFEA0
:102070000300FB6062B6C046FB68002B08D0FB681B
:10208000DB6B002B04D0FB68DB6B7A681000984791
:10209000C046BD4604B080BD80B586B000AFF860D4
:1020A000B960FB1D1A7072B6C046FFF79FFE0300B1
:1020B0007B6162B6C0467B69002B0AD07B691B6CD2
:1020C000002B06D07B691B6CFA1D1278B968F86882
:1020D0009847C046BD4606B080BD80B584B000AF0D
:1020E0007860FFF783FE0300FB607B68002B12D053
:1020F0007B681022002118000BF06EFCFB68002B9F
:102100000AD0FB685B6C002B06D0FB685B6C7A68BE
:102110001000984700E0C046BD4604B080BD80B5C1
:1021200082B000AFFFF762FE03007B607B68002B8C
:1021300008D07B689B6C002B04D07B689B6C984715
:10214000030000E000231800BD4602B080BD80B54A
:1021500084B000AF02003960FB1D1A7072B6C04631
:10216000FFF744FE0300FB6062B6C046FB68002B2D
:1021700005D0FB68DB6C002B01D0012300E00023BD
:102180001A1C01231340DBB2002B0AD0FB68DB6C66
:102190003968FA1D127810009847031E01D00123F8
:1021A00000E000231800BD4604B080BD80B58AB0B1
:1021B00000AFF860B960FB1D1A7014217B18FA6833
:1021C0001A607B18FA1D12781A732723FB18002255
:1021D0001A7011E027203B181B78BA68D2183B18F8
:1021E0001B7811781422BA18D3180A1C1A713B18DC
:1021F0001A783B1801321A7027217A18FB1D1278C1
:102200001B789A4203D27B181B78072BE2D9142340
:10221000FB1819000120FDF773FE03001800BD46EE
:102220000AB080BD80B500AFF4F7A0FC0300180031
:10223000BD4680BD80B500AF034B180000F006F826
:10224000C046BD4680BDC04674F3010880B582B06B
:1022500000AF78607B68002B0AD07B681B68002B7E
:1022600006D07B685B68002B02D0034B7A681A604B
:10227000C046BD4602B080BD7024002080B500AFCE
:102280000A4B1B68002B0AD0084B1B685B68002BAD
:1022900005D0064B1B685B689847030002E0F4F723
:1022A00065FC03001800BD4680BDC04670240020B8
:1022B00080B584B000AFF860B960FB1D1A700C4B9C
:1022C0001B68002B0ED00A4B1B681B68002B09D023
:1022D000074B1B681B68FA1D1278B968F8689847A5
:1022E000030000E000231800BD4604B080BDC046D6
:1022F0007024002080B586B000AFF860B9607A60C5
:10230000FB68002B5DD0BB68002B5AD0BB689B7864
:1023100001225340DBB2002B53D1BB68DB78002B8A
:1023200005D0FB681B7B0133DAB2FB681A73BB680C
:102330005B79052B08D1FB685B7B0133DAB2FB6864
:102340005A73FB6801229A73BB685B6C002B02D046
:10235000FB6801229A73FB681A68BB68DB68191C6A
:10236000101CEEF785F9031C1A1CFB681A607B68C9
:102370007B6100217868EEF749F8031E0AD0BB683C
:102380005B6B002B06D0BB685B6B1800EFF744F863
:10239000031C7B61FB685B687969181CEEF768F9C0
:1023A000031C1A1CFB685A60BB689B680749181C11
:1023B000EEF746F8031E05D0BB689A68FB689A6082
:1023C00000E0C046BD4606B080BDC046CDCCCC3D89
:1023D00080B586B000AFF860B9603B60FB1D1A7035
:1023E000FB681A78BB6A1A70FB6A00221A70FB68D5
:1023F0001B78042B30D0FB681B78062B2CD07A6A14
:10240000BB68D31A7B617A693B689A4206D9FB6A3A
:1024100001221A70BB6A04221A701EE07A693B6AB4
:102420009A420BD9FB681B78022B03D0FB681B7800
:10243000012B12D1BB6A03221A700EE0FB681B78D5
:10244000032B0AD1FB1D1B78002B01D0022200E0D8
:102450000022BB6A1A7000E0C046BD4606B080BDCF
:1024600080B500AFFFF70AFF03001800BD4680BD2E
:1024700080B582B000AF78607B681B781B021AB20F
:102480007B6801331B781BB213431BB29BB218004D
:10249000BD4602B080BD000080B584B000AF020030
:1024A000FB1D1A70BB1D0A1C1A70BB1D1B78002B6C
:1024B00001D0074B00E0074BFB60FB1D1B787F2220
:1024C0001A40FB6813431800BD4604B080BDC046E7
:1024D00080C0071880C0071980B582B000AF78604F
:1024E0007B68DBB27F221340DBB21800BD4602B02E
:1024F00080BD0000B0B584B000AF78607B68043365
:102500000E257C191800FFF7B3FF030023807B1909
:102510001B881800EEF780FF031C0449181CEEF717
:1025200031FA031C181CBD4604B0B0BD00002041A8
:10253000B0B584B000AF78607B6802330E257C199B
:102540001800FFF795FF030023807B191B881800F4
:10255000EEF762FF031C0449181CEEF713FA031C84
:10256000181CBD4604B0B0BD0000204180B584B049
:1025700000AF0200BB1D1A800023FB60BB1D1B883F
:102580000222134003D0FB6801221343FB60BB1DF2
:102590001B880822134003D0FB6801221343FB6011
:1025A000BB1D1B881022134003D0FB68012213437C
:1025B000FB60BB1D1B882022134003D0FB68202238
:1025C0001343FB60BB1D1B884022134003D0FB68F4
:1025D00008221343FB60BB1D1B888022134003D0DD
:1025E000FB6801221343FB60BB1D1A8880239B01FB
:1025F000134003D0FB6840221343FB60BB1D1A88C5
:102600008023DB01134003D0FB6804221343FB60EB
:10261000FB681800BD4604B080BD80B582B000AF35
:10262000786008001100FB1C021C1A70BB1C0A1CFD
:102630001A70BB1C1B78002B01D0062325E0FB1C65
:102640001B78002B01D005231FE07B68002B06D0F0
:102650007B68DB7801225340DBB2002B01D00423DE
:1026600013E07B6872229B5C002B07D07B681B7990
:10267000002B01D0022308E0012306E07B681B79D0
:10268000002B01D0072300E000231800BD4602B054
:1026900080BD80B582B000AF78607B686822002181
:1026A00018000BF099F97B6801229A707B68FE2272
:1026B00092051A617B6800225A71C046BD4602B07D
:1026C00080BD000080B584B000AFF8607A600B2058
:1026D0003B180A1C1A70FB685B793A1812789A4208
:1026E00000D181E03B181B78012B08D1FB687122D7
:1026F0009B5C0133D9B2FB687122995410E00B2224
:10270000BB181B78002B07D0BB181B78042B03D0F9
:10271000BB181B78052B03D1FB687122002199544B
:10272000FB680B203A1812785A71FB687A689A662F
:10273000FB687022002199543B181B7807229A42AB
:1027400092415242D2B2002A51D101229A40130042
:10275000AB221A40511E8A41D2B2002A0ED1502219
:102760001A40511E8A41D2B2002A2CD104221340B1
:102770005A1E9341DBB2002B1ED138E00B23FB180D
:102780001B78033B5A425341DAB2FB681A71FB686B
:10279000DB6C002B08D0FB68DB6C7A68D31A154A17
:1027A000934201D8012300E000231A1C01231340A7
:1027B000DAB2FB68DA701AE0FB6801221A71FB6872
:1027C0000122DA7013E0FB6800221A71FB68002214
:1027D000DA700B23FB181B78062B07D1FB689A6D68
:1027E000FB6880215A5001E0C04600E0C046BD466B
:1027F00004B080BD10270000B0B588B004AF786089
:1028000039607B68581D7B68D96C7B6872229A5C42
:10281000144C0E257B1903930F23FB1802933B687E
:102820000193FA23DB0000932300FFF7D1FD7B190E
:102830001B78002B04D07B681B6E5A1C7B681A66C1
:102840007B685A790F217B181B789A4206D07B1837
:1028500019783A687B681800FFF734FFC046BD4618
:1028600004B0B0BD1027000090B587B000AF78600D
:102870000C243B190D4A03CA03C37B681B78002153
:102880001800FFF709FE03007B6139197B690822F4
:102890001800FFF70DFD031E04D07B685B6D5A1C0A
:1028A0007B685A65C046BD4607B090BD64E6010826
:1028B00090B58BB000AFB9607A600F243B19021C51
:1028C0001A702D49B868EEF743FA031C181CEDF78F
:1028D000EBFD03007B6228497868EEF739FA031CA8
:1028E000181CEDF7E1FD03003B623B191A78130059
:1028F0005B019B189B00214A9B18FB6110243B192C
:1029000000221A703B6A1B0CDAB23B195A703B6A00
:102910001B0ADAB23B199A703B6ADAB23B19DA70D9
:102920007B6A1B0EDAB23B191A717B6A1B0CDAB296
:102930003B195A717B6A1B0ADAB23B199A717B6A9E
:10294000DAB23B19DA71FB691B7800211800FFF736
:10295000A3FD0300BB613919BB6908221800FFF70A
:10296000A7FC031E04D0FB695B6D5A1CFB695A650A
:10297000C046BD460BB090BD00007A4474240020D0
:1029800090B587B000AF0200FB1D1A70FB1D1A78CE
:1029900013005B019B189B00104A9B187B61082465
:1029A0003B190F4A03CA03C37B691B780021180037
:1029B000FFF772FD03003B6139193B6908221800DB
:1029C000FFF776FC031E04D07B695B6D5A1C7B69A4
:1029D0005A65C046BD4607B090BDC046742400206D
:1029E0006CE6010890B587B000AF0200FB1D1A70BD
:1029F000FB1D1A7813005B019B189B00104A9B1863
:102A00007B6108243B190F4A03CA03C37B691B7807
:102A100000211800FFF740FD03003B6139193B69B5
:102A200008221800FFF744FC031E04D07B695B6D8D
:102A30005A1C7B695A65C046BD4607B090BDC0466A
:102A40007424002074E6010890B587B000AF786068
:102A50000C243B190C4A03CA03C37B681B781A0079
:102A60000A4B13437B6139197B6908221800FFF771
:102A70001FFC031E04D07B685B6D5A1C7B685A6583
:102A8000C046BD4607B090BD7CE6010880A007198E
:102A900090B587B000AF78600C243B190C4A03CA8C
:102AA00003C37B681B781A000A4B13437B613919F7
:102AB0007B6908221800FFF7FBFB031E04D07B682C
:102AC0005B6D5A1C7B685A65C046BD4607B090BD19
:102AD00084E601088080001980B584B000AF020050
:102AE0003960FB1D1A70FB1D1A7813005B019B18DF
:102AF0009B00224A9B18FB60FB683A681A65FB68DA
:102B00007C229B5C0133D9B2FB687C229954FB6820
:102B10007C229B5C032B29D9FB687C2200219954E1
:102B2000FB687D229B5C013303211800EDF75CFC00
:102B30000B00D9B2FB687D229954FB687D229B5C17
:102B4000012B04D1FB681800FFF77EFF12E0FB6841
:102B50007D229B5C022B04D1FB681800FFF798FFD5
:102B600008E0FB681800FFF77FFE03E0FB68180031
:102B7000FFF77AFEC046BD4604B080BD7424002035
:102B800080B584B000AF0200FB1D1A700F23FB1844
:102B900000221A7021E00F203B181A781549130003
:102BA0005B019B189B00CB1802331B78002B0ED0C7
:102BB0003B181A780F4913005B019B189B005B5C64
:102BC000FA1D12789A4202D13B181B780EE00F21B1
:102BD0007B181A787B1801321A70074B1B78DBB20E
:102BE0000F22BA1812789A42D5D3FF231800BD4697
:102BF00004B080BD7424002094280020F0B585B076
:102C000000AF786039600F26BB197A6812791A70A4
:102C10007B685A6C0E203B18511E8A411A707B68E3
:102C20005A790D257B19063A51424A411A700C23F4
:102C3000FC187B191A7805003B1819787B68180076
:102C4000FFF7EBFC030023703A680C23FB1819789C
:102C50007B681800FFF736FD7B191B780122534073
:102C6000DBB2002B07D07B68DB78002B03D07B68BE
:102C7000BA1912781A717B683A68DA64C046BD46A0
:102C800005B0F0BDB0B586B000AFB9607A600F2175
:102C90007B18021C1A707B181A7813005B019B18B2
:102CA0009B00324A9B187B61BB681800FFF740FC11
:102CB000021C7B69DA60BB681800FFF71BFC021C72
:102CC0007B699A60BB68063312257C191800FFF7F0
:102CD000CFFB030023807B191A887B691A647B1958
:102CE0001B881800FFF742FC02007B695A647B19BD
:102CF0001B88012213405A425341DAB27B691A7190
:102D00007B690122DA707B697A68DA647B699B6D82
:102D10005A1C7B699A657B695B6C002B06D07A68CC
:102D20007B6905211800FFF7CDFC1CE07B695B790E
:102D3000042B03D07B695B79062B0ED17B695B6E1C
:102D40005A1C7B695A667B6972229B5C19007A68FF
:102D50007B691800FFF7B6FC05E07A687B69110013
:102D60001800FFF74BFFBD4606B0B0BD742400202D
:102D700080B584B000AF02003960FB1D1A70FB1DE6
:102D80001A7813005B019B189B009B4A9B18FB6001
:102D9000FB689B7801225340DBB2002B00D018E186
:102DA0003A68FB6811001800FFF726FDFB685B79A5
:102DB000072B00D90FE19A00904BD3181B689F4650
:102DC000FB68DB6E3A68D21AFA239B009A4209D359
:102DD0003A68FB1D1B7811001800FFF77DFEFB68A9
:102DE0003A68DA66FB6872229B5C002B00D1F4E043
:102DF0003A68FB6801211800FFF764FCEDE0FB680E
:102E000071229B5C032B0CD9FB685B6C02221A437A
:102E1000FB685A643A68FB6805211800FFF752FC0A
:102E2000E6E0FB6870229B5C002B10D1FB68596FB9
:102E3000FB681A69FB1D1B781800FFF739FDFB685A
:102E4000702201219954FB683A689A66C7E0FB68D2
:102E500070229B5C012B12D1FB689B6E3A68D31ADF
:102E6000312B0CD9FB1D1B781800FFF789FDFB687F
:102E7000702202219954FB683A689A6635E0FB6833
:102E800070229B5C022B17D9FB689B6E3A68D21AA2
:102E9000FA235B009A420FD3FB6871229B5C0133DB
:102EA000D9B2FB6871229954FB68702200219954B1
:102EB000FB683A689A6618E0FB6870229B5C022BFC
:102EC00000D08CE0FB689B6E3A68D31A312B00D897
:102ED00085E0FB681800FFF7C7FCFB687022032140
:102EE0009954FB683A689A6679E078E03A68FB1D85
:102EF0001B7811001800FFF7EFFDFB6872229B5C46
:102F000001225340DBB2002B6BD0FB1D1B78180055
:102F1000FFF768FD3A68FB6807211800FFF7D2FB4E
:102F20005FE0FB68DB6E3A68D21AFA235B009A42D4
:102F300059D33A68FB1D1B7811001800FFF7CCFD30
:102F4000FB683A68DA664EE0FB689B6E3A68D31A13
:102F50002B4A934249D93A68FB6806211800FFF7CB
:102F6000B1FB42E0FB68DB6C3A68D21AFA23DB0063
:102F70009A4211D8FB689A6DFB6880215B58D31A7E
:102F8000042B09D9FB6872229B5C19003A68FB6824
:102F90001800FFF797FB2BE03A68FB1D1B78110028
:102FA0001800FFF799FD23E03A68FB1D1B7811001C
:102FB0001800FFF791FDFB685B6C002B17D1FB68D5
:102FC00072229B5C19003A68FB681800FFF77AFBD5
:102FD0000DE0C0460CE0C0460AE0C04608E0C0462E
:102FE00006E0C04604E0C04602E0C04600E0C0463D
:102FF000BD4604B080BDC046742400207CF30108A7
:10300000B70B000080B500AF8423DA00064B002127
:1030100018000AF0E1FC054B00221A70044B002254
:103020001A70C046BD4680BD74240020942800203C
:103030009528002080B500AFFFF7E4FFC046BD46ED
:1030400080BD000080B584B000AF0200FB1D1A7087
:10305000BB1D0A1C1A70FB1D1B78002B03D0FB1D27
:103060001B783C2B02D901235B4259E0FB1D1B78E6
:103070001800FFF785FD0300FF2B02D001235B4200
:103080004EE0294B1B78DBB2072B02D901235B42B0
:1030900046E0254B1B78DBB21A0013005B019B183E
:1030A0009B00224A9B18FB60FB68842200211800C9
:1030B0000AF092FCFB681800FFF7EBFAFB68FA1DB8
:1030C00012781A70FB68BA1D12785A70FB68722267
:1030D00000219954FB6800229A66FB680022DA6698
:1030E000FB68702200219954FB6800229A67FB68F4
:1030F0007C2200219954FB687D2200219954FB68B1
:10310000802200219950084B1B78DBB20133DAB2E0
:10311000054B1A70044B1B78DBB2013BDBB25BB290
:103120001800BD4604B080BD9428002074240020FF
:1031300080B582B000AF02003960FB1D1A70184BD9
:103140001B78DBB2FA1D12789A420ED2FB1D1A7858
:10315000144913005B019B189B00CB1802331B78AA
:1031600001225340DBB2002B01D0002313E00021E9
:103170003868EDF75BF9031E01D000230BE0FB1D5F
:103180001A78084913005B019B189B00CB18783311
:103190003A681A6001231800BD4602B080BDC046DF
:1031A0009428002074240020B0B584B000AF020041
:1031B000FB1D1A70384B1B78DBB2FA1D12789A424D
:1031C00065D272B6C046FB1D1A78344972201300CE
:1031D0005B019B189B00CB181B1800221A700F2351
:1031E000FB18FA1D12781A701CE00F257B191B784A
:1031F000591C7B191B78294C1A005201D2189300D4
:103200001A0026480B005B015B189B00A418C3182A
:103210008422190020000AF013FC7B191A787B190C
:1032200001321A700F23FB181B7801331A4A1278E7
:10323000D2B29342D9DB184B1B78DBB25A1E130073
:103240005B019B189B00154A9B18842200211800E3
:103250000AF0C2FB104B1B78DBB2013BDAB20E4B1B
:103260001A700F4B1B78DAB20B4B1B78DBB29A4209
:103270000BD3094B1B78DBB2002B06D0064B1B7817
:10328000DBB2013BDAB2064B1A7062B600E0C04610
:10329000BD4604B0B0BDC046942800207424002070
:1032A0009528002080B582B000AF02003960FB1D78
:1032B0001A70224B1B78DBB2FA1D12789A420ED29A
:1032C000FB1D1A781E4913005B019B189B00CB184D
:1032D00002331B7801225340DBB2002B01D00023C4
:1032E00027E0FB1D1A78164913005B019B189B0011
:1032F000CB1874333A681A60FB1D1A781049130012
:103300005B019B189B00CB1805331B78022B0FD158
:10331000FB1D1A780A4913005B019B189B00CB1810
:1033200010331A683968FB1D1B781800FFF7C0FAC4
:1033300001231800BD4602B080BDC046942800207D
:103340007424002080B582B000AF02003960FB1DFC
:103350001A703B4B1B78DBB2FA1D12789A420ED2E0
:10336000FB1D1A78374913005B019B189B00CB1893
:1033700002331B7801225340DBB2002B01D0002323
:103380005AE000213868EDF747F8031E01D000230A
:103390003B60FB1D1A782B4913005B019B189B00B7
:1033A000CB1878331B680021181CEDF749F8031E71
:1033B0001AD0FB1D1A78234913005B019B189B0050
:1033C000CB1878331B68191C3868EDF739F8031EE1
:1033D0000AD0FB1D1A781B4913005B019B189B0048
:1033E000CB1878331B683B60FB1D1A781549130016
:1033F0005B019B189B00CB1810333A681A60FB1DC9
:103400001A78104913005B019B189B00CB180533F9
:103410001B78022B0FD1FB1D1A780A4913005B01A0
:103420009B189B00CB18743319683A68FB1D1B78F6
:103430001800FFF73DFA01231800BD4602B080BD19
:10344000942800207424002080B584B000AF0200CE
:10345000FB1D1A70FFF704F80300FB60204B1B787C
:10346000DBB2FA1D12789A420ED2FB1D1A781D4962
:1034700013005B019B189B00CB1802331B780122C1
:103480005340DBB2002B01D0002325E0FB1D1A784E
:103490001449722013005B019B189B00CB181B186A
:1034A00001221A70FB1D1A780E4913005B019B184C
:1034B0009B00CB1805331B78002B0CD1FB1D1A7811
:1034C00013005B019B189B00064A9B18FA680121B8
:1034D0001800FFF7F7F801231800BD4604B080BDBF
:1034E000942800207424002080B584B000AF02002E
:1034F000FB1D1A70FEF7B4FF0300FB601D4B1B7829
:10350000DBB2FA1D12789A420ED2FB1D1A781A49C4
:1035100013005B019B189B00CB1802331B78012220
:103520005340DBB2002B01D000231EE0FB1D1A78B4
:103530001149722013005B019B189B00CB181B18CC
:1035400000221A70FB1D1B781800FFF74BFAFB1DB9
:103550001A7813005B019B189B00074A9B18FA68B6
:1035600007211800FFF7AEF801231800BD4604B08C
:1035700080BDC046942800207424002090B585B0FA
:1035800000AF78600F23FB1800221A700DE07A68F4
:103590000F243B191B78111C1800FFF783FE210034
:1035A0007B181A787B1801321A70064B1B78DBB235
:1035B0000F22BA1812789A42E9D3C046C046BD46D7
:1035C00005B090BD9428002090B585B000AF78601C
:1035D0000F23FB1800221A700DE07A680F243B19A4
:1035E0001B78111C1800FFF7ADFE21007B181A781C
:1035F0007B1801321A70064B1B78DBB20F22BA1807
:1036000012789A42E9D3C046C046BD4605B090BD87
:103610009428002080B582B000AFFB1D00221A70F4
:1036200009E0FB1D1B781800FFF70EFFFB1D1A7841
:10363000FB1D01321A70064B1B78DBB2FA1D1278A3
:103640009A42EED3C046C046BD4602B080BDC046D9
:103650009428002080B582B000AFFB1D00221A70B4
:1036600009E0FB1D1B781800FFF73EFFFB1D1A78D1
:10367000FB1D01321A70064B1B78DBB2FA1D127863
:103680009A42EED3C046C046BD4602B080BDC04699
:103690009428002080B582B000AFFEF7E1FE030061
:1036A0003B60FB1D00221A7033E0FB1D1A781F4996
:1036B00013005B019B189B00CB1802331B7801227F
:1036C0005340DBB2002B1ED1FB1D1A781749722024
:1036D00013005B019B189B00CB181B1800221A706B
:1036E000FB1D1B781800FFF77DF9FB1D1A781300EE
:1036F0005B019B189B000D4A9B183A680721180034
:10370000FEF7E0FF00E0C046FB1D1A78FB1D01320A
:103710001A70074B1B78DBB2FA1D12789A42C4D399
:10372000C046C046BD4602B080BDC04674240020DD
:103730009428002080B584B000AF78601D4B1B78C2
:10374000DBB2002B32D072B6C0460F217B181A4A6A
:1037500012781A7062B6C046164B1B78DBB27A1824
:1037600012789A4202D37B1800221A707A680F23CB
:10377000FB181B7811001800FFF7FAFA72B6C04662
:103780000C4B1B78DBB2002B0ED00B4B1B78DBB243
:103790005A1C084B1B78DBB219001000ECF73AFDFD
:1037A0000B00DAB2044B1A7062B600E0C046BD46A8
:1037B00004B080BD9428002095280020F0B58DB07D
:1037C00000AFF860B9603B60FB1D1A70FB1D1B78F1
:1037D000072B00D80CE1FB687F229343FB62FB6A56
:1037E000884A934248D11526BC19FB681800FEF799
:1037F00073FE0300237014257C19BB191B78180075
:10380000FFF7BEF9030023707B191B78FF2B00D153
:10381000F0E0BB681B78012B07D13A68B9687B19C7
:103820001B781800FFF72EFAE9E0BB681B78002B25
:1038300004D0BB681B78022B00D0E0E01423FB18F7
:103840001A7813005B019B189B006F4A9B183B6121
:103850003B693A68DA64BB6801331B78002B05D0FA
:103860003B699B6D5A1C3B699A65C8E03B69DB6DFF
:103870005A1C3B69DA65C2E0FB6A644A934275D11F
:103880002126BC19FB681800FEF726FE03002370F2
:1038900020257C19BB191B781800FFF771F903006C
:1038A00023707B191B78FF2B00D1A5E07B191A78B8
:1038B00013005B019B189B00534A9B18FB61BB687C
:1038C0001B78312B00D09AE0BB6802331A257C1993
:1038D0001800FEF7CDFD03002380BB6804331826D3
:1038E000BC191800FEF7C4FD03002380BB68063333
:1038F0001622BC181800FEF7BBFD030023807B19BD
:103900001B881800EDF788FD031C8421C905181CCD
:10391000EDF738F8031C1A1CFB691A62BB191B88E7
:103920001800EDF779FD031C8421C905181CEDF77B
:1039300029F8031C1A1CFB695A621622BB181B8843
:103940001800EDF769FD031C8421C905181CEDF76B
:1039500019F8031C1A1CFB699A62FB693A68DA645D
:10396000FB699B6D5A1CFB699A6548E0FB6A284A13
:10397000934244D12B26BC19FB681800FEF7ACFD1E
:10398000030023702A257C19BB191B781800FFF748
:10399000F7F8030023707B191B78FF2B2ED07B19BF
:1039A0001A7813005B019B189B00174A9B187B62D7
:1039B000BB68043322257C191800FEF759FD03006B
:1039C00023807B191B881800EDF726FD031C114985
:1039D000181CECF7D7FF031C1A1C7B6A9A617B6AE0
:1039E0003A68DA647B6A9B6D5A1C7B6A9A6506E0CA
:1039F000C04604E0C04602E0C04600E0C046BD4606
:103A00000DB0F0BD80C007187424002080A00718F6
:103A1000808000180000204190B587B000AFF860AA
:103A2000B960FB1D1A70FB1D1B78072B0FD9BB68F3
:103A3000002B0CD0FEF714FD03007B617C69FB1D9D
:103A40001A78B968F8682300FFF7B8FE00E0C046AE
:103A5000BD4607B090BD000090B585B000AF78605E
:103A60007B68002B26D07B6810220021180009F00B
:103A7000B3FF0F23FB1800221A7012E00F243B192A
:103A80001A7813005B019B189B000C4A99180022BE
:103A90007B681800FEF72EFC3B191A783B1901329F
:103AA0001A70074B1B78DBB20F22BA1812789A42B1
:103AB000E4D300E0C046BD4605B090BD74240020AC
:103AC0009428002080B500AF024B1B78DBB21800B1
:103AD000BD4680BD9428002090B59DB000AF020087
:103AE0003960FB1D1A703B68002B01D1002325E0D3
:103AF00072B6C046134B1B78DBB2FA1D12789A429D
:103B000003D362B6C046002318E0FB1D1A780824D0
:103B100038190D4913005B019B189B00CB186822D4
:103B2000190009F08DFF62B6C0463A683B191000D3
:103B3000190068231A0009F083FF01231800BD460D
:103B40001DB090BD942800207424002080B500AFE3
:103B5000014B1800BD4680BD9CF3010880B500AF45
:103B6000FEF78CFB03001800BD4680BD80B584B015
:103B700000AF786039607B68FB60FB681B0EDAB2CF
:103B80003B681A70FB681A0C3B680133D2B21A709A
:103B9000FB681A0A3B680233D2B21A70FA683B68B3
:103BA0000333D2B21A70C046BD4604B080BD80B5A2
:103BB00084B000AF78607B681B781A067B6801339D
:103BC0001B781B041A437B6802331B781B021343C8
:103BD0007A68033212781343FB60FB68BB60BB68F2
:103BE000181CBD4604B080BD80B582B000AF7860BF
:103BF00039607B681B0EDAB23B681A707B681A0C5E
:103C00003B680133D2B21A707B681A0A3B680233F0
:103C1000D2B21A703B6803337A68D2B21A70C046C7
:103C2000BD4602B080BD80B582B000AF78607B68D1
:103C30001B781A067B6801331B781B041A437B68C8
:103C400002331B781B0213437A6803321278134342
:103C50001800BD4602B080BDB0B584B000AF05000D
:103C60000C0010001900FB1D2A1C1A70BB1D221C21
:103C70001A707B1D021C1A703B1D0A1C1A7000234F
:103C8000FB60FB68C022D2041343FB607B1D1B78E2
:103C9000DA0480231B031340FA681343FB60FB1D07
:103CA0001B78DB02FA681343FB60BB1D1B78DB004B
:103CB000FA681343FB603B1D1B7807221340FA6828
:103CC0001343FB60FB681800BD4604B0B0BD90B55F
:103CD00089B000AFF860080011007B600B243B192D
:103CE000021C1A7008203B180A1C1A8014217B1829
:103CF0003A1912781A707B1800225A703B181B88E8
:103D00001B0A9BB2DAB27B189A703B181B88DAB296
:103D10000C003B19DA707B681A783B191A717B68C2
:103D200001331A783B195A717B6802331A783B19B0
:103D30009A717B6803331A783B19DA71FB6818783B
:103D4000FB685B780122F021FFF786FF0300FB612F
:103D50003919FB6908221800FEF7AAFA031E0BD0D6
:103D6000FB685B6D5A1CFB685A65FFF7F7FE0200A3
:103D7000FB681A65012300E000231800BD4609B066
:103D800090BDB0B586B000AFF8607A600A243B19E8
:103D90000A1C1A8014257A197B681100181CFFF779
:103DA000E5FE79193B191A88F8680B000321FFF723
:103DB0008EFF03001800BD4606B0B0BDB0B586B09A
:103DC00000AFF8607A600A243B190A1C1A80142597
:103DD0007A197B6811001800FFF706FF79193B1963
:103DE0001A88F8680B000321FFF771FF0300180021
:103DF000BD4606B0B0BD80B584B000AF78600A00A3
:103E0000BB1C1A800C217B1800221A607918BB1C7D
:103E10001A8878680B001021FFF759FF030018007B
:103E2000BD4604B080BD000080B584B000AF7860AE
:103E30007B6880229B58FB600021F868ECF7F6FA5B
:103E4000031E02D07B68DB6BFB600021F868ECF797
:103E5000EDFA031E01D0034BFB60FB68181CBD4646
:103E600004B080BD0000A04190B585B000AF78607F
:103E70007B68DC6E7B681800FFF7D6FF031C191CFB
:103E8000201CECF77FFD031CFB600021F868ECF7B9
:103E9000C3FA031E01D00023FB60FE218905F868E8
:103EA000ECF7CEFA031E02D0FE239B05FB60FB68F5
:103EB000181CBD4605B090BD80B582B000AF7860DB
:103EC0007B681800FFF7D0FF021C7B6822211800D6
:103ED000FFF757FF03001800BD4602B080BD000089
:103EE00080B584B000AFF8607A600B203B180A1CE4
:103EF0001A70FB685B793A1812789A4200D181E017
:103F0000FB683A1812785A71FB687A685A67FB683E
:103F10007C22002199543B181B78012B08D1FB68A7
:103F20007D229B5C0133D9B2FB687D22995410E05D
:103F30000B22BB181B78002B07D0BB181B78042B57
:103F400003D0BB181B78052B03D1FB687D22002111
:103F500099540B23FB181B7807229A429241524234
:103F6000D2B2002A51D101229A401300AB221A404A
:103F7000511E8A41D2B2002A0ED150221A40511E3F
:103F80008A41D2B2002A2CD1042213405A1E9341F6
:103F9000DBB2002B1ED138E00B23FB181B78033B50
:103FA0005A425341DAB2FB681A71FB68DB6C002B92
:103FB00008D0FB68DB6C7A68D31A154A934201D8A3
:103FC000012300E000231A1C01231340DAB2FB682E
:103FD000DA701AE0FB6801221A71FB680122DA70BC
:103FE00013E0FB6800221A71FB680022DA700B23D1
:103FF000FB181B78062B07D1FB689A6DFB6888219C
:104000005A5001E0C04600E0C046BD4604B080BD45
:1040100010270000B0B588B004AF786039607B68C5
:10402000581D7B68D96C7B6870229A5C144C0E25F5
:104030007B1903930F23FB1802933B680193FA2328
:10404000DB0000932300FEF7C3F97B191B78002BDC
:1040500004D07B681B6E5A1C7B681A667B685A7991
:104060000F217B181B789A4206D07B1819783A6882
:104070007B681800FFF734FFC046BD4604B0B0BDF2
:104080001027000080B584B000AF0200FB1D1A703D
:104090000F23FB1800221A7021E00F203B181B7819
:1040A000154A8C214B43D31802331B78002B10D0B8
:1040B0003B181A78104B8C214A43D35CFA1D1278B6
:1040C0009A4206D13B181B788C225A430A4BD318CC
:1040D0000EE00F217B181A787B1801321A70074BFB
:1040E0001B78DBB20F22BA1812789A42D5D300237C
:1040F0001800BD4604B080BD98280020F82C002090
:1041000080B584B000AF78600023FB607B6801223B
:10411000134003D0FB6801221343FB607B6802223B
:10412000134003D0FB6801221343FB607B68082225
:10413000134003D0FB6802221343FB607B6810220C
:10414000134003D0FB6801221343FB607B682022ED
:10415000134003D0FB6801221343FB607B6880227D
:10416000134003D0FB6808221343FB607A68802366
:104170005B00134003D0FB6801221343FB607A68A5
:1041800080239B00134003D0FB6808221343FB608D
:104190007A688023DB01134003D0FB68202213439D
:1041A000FB607A6880235B02134003D0FB68022225
:1041B0001343FB607A6880239B02134003D0FB68A3
:1041C00040221343FB607A688023DB03134003D053
:1041D000FB6801221343FB607A6880231B041340B1
:1041E00003D0FB6801221343FB607A6880235B04E1
:1041F000134003D0FB6804221343FB607A688023DA
:104200009B04134003D0FB6801221343FB607A68D0
:1042100080231B05134003D0FB6801221343FB607E
:104220007A6880235B05134003D0FB681022134398
:10423000FB607A688023DB05134003D0FB6804220F
:104240001343FB607B68002B03DAFB6808221343EF
:10425000FB60FB681800BD4604B080BD90B587B018
:1042600000AFF860B9607A6017217B18BA681278DD
:104270001A70BB685A1C1623FB1812781A70BB6898
:1042800002331B781B021AB2BB6803331B781BB2C4
:1042900013431AB21423FB181A807B181B78412B86
:1042A00009D07B181B78422B05D0FB68DB6D5A1CAC
:1042B000FB68DA65FEE01623FB181B78F02B05D0AF
:1042C000FB68DB6D5A1CFB68DA65F3E01423FB180E
:1042D0001B88482B00D9ECE09A00784BD3181B6858
:1042E0009F46BB6804331800FFF761FC021CFB68A3
:1042F0009A60A6E0BB6804331800FFF758FC021C64
:10430000FB68DA609DE0BB6804331800FFF74FFCE0
:10431000041CFB681800FFF787FD031C191C201CF8
:10432000ECF716FD031C1A1CFB681A6189E0BB68D8
:1043300004331800FFF73BFC021CFB685A6180E065
:10434000BB6804331800FFF732FC021CFB689A615B
:1043500077E0BB6804331800FFF765FC0200FB68D8
:104360001A64FB681B6C1800FFF7CAFE0200FB68AA
:104370005A6466E0BB6804331800FFF754FC03007E
:104380003B613B694E4A934258D8FB683A695A638D
:1043900054E0BB6804331800FFF709FC021CFB68FB
:1043A000DA624EE0BB6804331800FFF700FC021C21
:1043B000FB681A6345E0BB6804331800FFF7F7FB9E
:1043C000021CFB68DA613CE0BB6804331800FFF7AD
:1043D000EEFB021CFB689A6333E0BB6804331800F1
:1043E000FFF7E5FB021CFB68DA632AE0BB680433D5
:1043F0001800FFF7DCFB021CFB681A6221E0BB68B7
:1044000004331800FFF7D3FB021CFB685A6218E064
:10441000BB6804331800FFF7CAFB021CFB689A62F2
:104420000FE0FB685B79072B0AD17A68FB680021F3
:104430001800FFF755FD03E0C04602E0C04600E06B
:10444000C046FB680122DA70FB687A68DA64FB68B0
:104450009B6D5A1CFB689A65FB685B79012B12D136
:10446000FB687C229B5C022B0DD9FB689B680021BA
:10447000181CEBF7E5FF031E05D07A68FB680221E4
:104480001800FFF72DFDFB685B6C002B12D0FB685A
:104490005B79022B0ED17A68FB6805211800FFF7C3
:1044A0001FFD80235A02FB6830211800FFF786FCAD
:1044B00000E0C046BD4607B090BDC0460CF4010800
:1044C000A086010080B584B000AF786039607B6859
:1044D0009B7801225340DBB2002B00D07AE13A688E
:1044E0007B6811001800FFF795FD7B685B6F3A68E9
:1044F000D31AFB607B685B79072B00D96CE19A00CB
:10450000BD4BD3181B689F467B689B6F3A68D21AD5
:10451000FA239B009A421BD37B687E229B5C1A0085
:10452000B64B5200D25A7B6811001800FFF763FCAB
:104530007B687E229B5C01330F211800EBF754FF50
:104540000B00D9B27B687E2299547B683A689A67DF
:104550007B6870229B5C002B00D13FE13A687B684E
:1045600001211800FFF7BCFC38E17B687D229B5CD1
:10457000032B0CD97B685B6C02221A437B685A645C
:104580003A687B6805211800FFF7AAFC31E17B68D7
:104590007C229B5C002B12D17B689A6E7B68212168
:1045A0001800FFF7EEFB7B687C229B5C0133D9B2DD
:1045B0007B687C2299547B683A685A6710E17B6873
:1045C0007C229B5C012B15D17B685B6F3A68D31A08
:1045D000312B0FD97B681800FFF76EFC7B687C22BB
:1045E0009B5C0133D9B27B687C2299547B683A6822
:1045F0005A674BE07B687C229B5C022B13D17B6863
:104600005B6F3A68D31A312B0DD97B6800223021B9
:104610001800FFF7D3FB7B687C22032199547B6849
:104620003A681A6532E07B687C229B5C022B00D8DA
:10463000D6E07B681B6D3A68D31A632B00D8CFE0B5
:104640007B687C229B5C033B042B11D97B681B6E2F
:104650005A1C7B681A667B685B6C02221A437B6873
:104660005A643A687B6805211800FFF739FCB7E007
:104670007B6840211800FFF7BEFB7B687C229B5CB7
:104680000133D9B27B687C229954A9E0A8E07B6809
:104690007E229B5C1A00594B5200D25A7B68110053
:1046A0001800FFF7A8FB7B687E229B5C01330F217B
:1046B0001800EBF799FE0B00D9B27B687E22995463
:1046C0007B6870229B5C01225340DBB2002B00D13F
:1046D00088E080235A027B6830211800FFF76EFBC8
:1046E0003A687B6807211800FFF7FAFB7AE07B68DD
:1046F0005B6F3A68D21AFA235B009A4200D273E0E9
:104700007B687C229B5C042B12D880235A027B6836
:1047100030211800FFF752FB7B687C229B5C013341
:10472000D9B27B687C2299547B683A685A675BE00F
:104730007B685B6C02221A437B685A643A687B6828
:1047400005211800FFF7CCFB4EE0FB682C4A934292
:104750004CD93A687B6806211800FFF7C1FB45E099
:104760007B68DB6C3A68D21AFA23DB009A4218D8CD
:104770007B689A6D7B6888215B58D31A042B10D90B
:104780007B685B6C022293431A007B685A647B68E7
:1047900070229B5C19003A687B681800FFF7A0FB49
:1047A00027E07B6840211800FFF725FB21E07B68AC
:1047B00040211800FFF71FFB7B685B6C002B17D1B3
:1047C0007B6870229B5C19003A687B681800FFF7D1
:1047D00087FB0DE0C0460CE0C0460AE0C04608E09A
:1047E000C04606E0C04604E0C04602E0C04600E025
:1047F000C046BD4604B080BD30F50108ECF30108A9
:10480000B80B000080B500AF8C23DA00064B002106
:10481000180009F0E1F8054B00221A70044B002241
:104820001A70C046BD4680BD98280020F82C002094
:10483000F92C002080B584B000AF0200FB1D1A7077
:10484000BB1D0A1C1A702C4B1B78DBB2072B02D93C
:1048500001235B424BE0FB1D1B781800FFF712FCA5
:10486000031E02D001235B4241E0234B1B78DBB2E5
:104870001A008C235A43214BD318FB60FB688C220F
:104880000021180009F0A8F8FB68FA1D12781A70C8
:10489000FB68BA1D12785A70FB6801229A70FB6897
:1048A00000225A71FB68FE2292051A61FB68002201
:1048B0009A66FB68FE229205DA66FB687022002188
:1048C0009954FB6800229A66FB688822002199505F
:1048D000FB6800229A67FB68802200219950064BF2
:1048E0001B78DBB25A1CD1B2034A11705BB21800BC
:1048F000BD4604B080BDC046F82C0020982800209A
:1049000080B582B000AF02003960FB1D1A70164BF3
:104910001B78DBB2FA1D12789A420CD2FB1D1B7871
:10492000124A8C214B43D31802331B780122534087
:10493000DBB2002B01D0002312E000213868EBF736
:1049400075FD031E01D000230AE0FB1D1B78074AFA
:1049500080218C204343D3185B183A681A600123E6
:104960001800BD4602B080BDF82C00209828002019
:10497000B0B584B000AF0200FB1D1A703B4B1B7832
:10498000DBB2FA1D12789A426BD272B6C046FB1D9A
:104990001B788C225A43364BD318BB60BB685B79BB
:1049A000022B03D0BB685B79012B0AD162B6C046EB
:1049B00080235A02BB6830211800FFF7FFF972B656
:1049C000C0460F23FB18FA1D12781A7016E00F2547
:1049D0007B191B7801337A19127825488C215143B1
:1049E000234A8C2463434018D3188C22190009F001
:1049F00027F87B191A787B1901321A700F23FB18DC
:104A00001B780133194A1278D2B29342DFDB174B7D
:104A10001B78DBB2013B8C225A43154BD3188C22F6
:104A20000021180008F0D8FF104B1B78DBB2013BC7
:104A3000DAB20E4B1A700F4B1B78DAB20B4B1B78A5
:104A4000DBB29A420BD3094B1B78DBB2002B06D0AA
:104A5000064B1B78DBB2013BDAB2064B1A7062B62A
:104A600000E0C046BD4604B0B0BDC046F82C0020F2
:104A700098280020F92C002080B582B000AF0200F9
:104A80003960FB1D1A701D4B1B78DBB2FA1D1278C2
:104A90009A420CD2FB1D1B78194A8C214B43D31828
:104AA00002331B7801225340DBB2002B01D00023DC
:104AB00020E0FB1D1B78124A8C214B43D31868332E
:104AC0003A681A60FB1D1B780D4A8C214B43D318A2
:104AD00005331B78022B0CD1FB1D1B788C225A430B
:104AE000074BD3183A6821211800FFF74AF9030051
:104AF00000E001231800BD4602B080BDF82C002064
:104B00009828002080B582B000AF02003960FB1DFC
:104B10001A70254B1B78DBB2FA1D12789A420CD220
:104B2000FB1D1B78214A8C214B43D31802331B7881
:104B300001225340DBB2002B01D000232FE00021E3
:104B40003868EBF769FC031E01D000233B60FB1DB6
:104B50001B78164A8C214B43D3186C333A681A6081
:104B6000FB1D1B78114A8C214B43D31810333A6834
:104B70001A60FB1D1B780D4A8C214B43D31805335B
:104B80001B78022B0AD1FB1D1B788C225A43074B42
:104B9000D3181800FFF790F9030000E00123180074
:104BA000BD4602B080BDC046F82C002098280020E9
:104BB00080B584B000AF0200FB1D1A70FEF7CEFF77
:104BC0000300FB601C4B1B78DBB2FA1D12789A4283
:104BD0000CD2FB1D1B78194A8C214B43D31802338E
:104BE0001B7801225340DBB2002B01D000231FE0D1
:104BF000FB1D1B78114A70218C204343D3185B188E
:104C000001221A70FB1D1B780C4A8C214B43D318D0
:104C100005331B78002B0AD1FB1D1B788C225A43CD
:104C2000064BD318FA6801211800FFF759F9012340
:104C30001800BD4604B080BDF82C00209828002044
:104C400080B584B000AF0200FB1D1A70FEF786FF2E
:104C50000300FB60204B1B78DBB2FA1D12789A42EE
:104C60000CD2FB1D1B781D4A8C214B43D3180233F9
:104C70001B7801225340DBB2002B01D0002326E039
:104C8000FB1D1B78154A70218C204343D3185B18F9
:104C900000221A70FB1D1B788C225A430F4BD3182D
:104CA000BB60BB685B79022B03D0BB685B79012BCF
:104CB0000CD180235A02BB6830211800FFF77EF820
:104CC000FA68BB6807211800FFF70AF901231800EA
:104CD000BD4604B080BDC046F82C002098280020B6
:104CE00090B585B000AF78600F23FB1800221A70D2
:104CF0000DE07A680F243B191B78111C1800FFF790
:104D0000BBFE21007B181A787B1801321A70064B03
:104D10001B78DBB20F22BA1812789A42E9D3C04648
:104D2000C046BD4605B090BDF82C002090B585B0BA
:104D300000AF78600F23FB1800221A700DE07A682C
:104D40000F243B191B78111C1800FFF7DBFE210014
:104D50007B181A787B1801321A70064B1B78DBB26D
:104D60000F22BA1812789A42E9D3C046C046BD460F
:104D700005B090BDF82C002080B582B000AFFB1DBF
:104D800000221A7009E0FB1D1B781800FFF710FFC6
:104D9000FB1D1A78FB1D01321A70064B1B78DBB223
:104DA000FA1D12789A42EED3C046C046BD4602B004
:104DB00080BDC046F82C002080B582B000AFFB1D3E
:104DC00000221A7009E0FB1D1B781800FFF738FF5E
:104DD000FB1D1A78FB1D01321A70064B1B78DBB2E3
:104DE000FA1D12789A42EED3C046C046BD4602B0C4
:104DF00080BDC046F82C002080B584B000AFFEF71F
:104E0000ADFE0300BB600F23FB1800221A7027E0E1
:104E10000F23FB181B788C225A43184BD3187B6046
:104E20007B689B7801225340DBB2002B11D17B6859
:104E300070220021995480235A027B683021180087
:104E4000FEF7BCFFBA687B6807211800FFF748F837
:104E500000E0C0460F217B181A787B1801321A70C7
:104E6000074B1B78DBB20F22BA1812789A42CFD3C5
:104E7000C046C046BD4604B080BDC046982800204C
:104E8000F82C002080B586B000AF7860274B1B78E7
:104E9000DBB2002B45D072B6C04617217B18244ADE
:104EA00012781A7062B6C046204B1B78DBB27A18B3
:104EB00012789A4202D37B1800221A701723FB182B
:104EC0001B788C225A431B4BD3183B6172B6C046E9
:104ED0000F217B183A6992781A7062B6C0467B1827
:104EE0001B78002B05D07A683B6911001800FFF78A
:104EF000E9FA72B6C0460D4B1B78DBB2002B0ED020
:104F00000B4B1B78DBB25A1C084B1B78DBB2190029
:104F10001000EBF769FA0B00DAB2054B1A7062B6B3
:104F200000E0C046BD4606B080BDC046F82C00205B
:104F3000F92C002098280020F0B589B000AFF86067
:104F4000B960FB1D1A70FB1D1B78072B48D9BB6885
:104F5000002B45D0FB681B0D9AB21E203B18D205D2
:104F6000D20D1A80FB68DB0CDAB21D243B1901213B
:104F70000A401A70FB68DA0A1C257B191A70FB6854
:104F8000DAB21B26BB1907210A401A703B181B888E
:104F9000602B27D13B191B78012B23D17B191B7860
:104FA000F02B1FD1FB68DA081A217B181A707B18C6
:104FB0001B781800FFF766F803007B617B69002B04
:104FC00012D07B695B78BA1912789A420ED1FEF73B
:104FD000C5FD0200B9687B691800FFF73FF906E0DC
:104FE000C04604E0C04602E0C04600E0C046BD4600
:104FF00009B0F0BD90B585B000AF78607B68002B3C
:1050000024D07B6810220021180008F0E5FC0F2353
:10501000FB1800221A7010E00F243B191B788C2219
:105020005A430C4BD11800227B681800FDF762F937
:105030003B191A783B1901321A70074B1B78DBB207
:105040000F22BA1812789A42E6D300E0C046BD4655
:1050500005B090BD98280020F82C002080B500AF46
:10506000024B1B78DBB21800BD4680BDF82C002037
:1050700090B59DB000AF02003960FB1D1A703B680F
:10508000002B01D1002323E072B6C046124B1B78DF
:10509000DBB2FA1D12789A4203D362B6C0460023EF
:1050A00016E0FB1D1B78082438190C4A8C214B4351
:1050B000D3186822190008F0C3FC62B6C0463A68EB
:1050C0003B191000190068231A0008F0B9FC0123ED
:1050D0001800BD461DB090BDF82C00209828002077
:1050E00080B500AF014B1800BD4680BD50F50108EA
:1050F00080B500AFFDF7C2F803001800BD4680BDC3
:10510000B0B582B000AF05000C0010001900FB1D07
:105110002A1C1A70BB1D221C1A707B1D021C1A70DF
:105120003B1D0A1C1A703B1D1B789A06E0235B0589
:105130001A40FB1D1B781B041A43BB1D1B781B0266
:105140001A437B1D1B7813431800BD4602B0B0BD47
:1051500080B582B000AF0200FB1D1A70FB1D1978EC
:105160000223A0220620FFF7CBFF03001800BD4654
:1051700002B080BD80B500AF0423A022FF2104202F
:10518000FFF7BEFF03001800BD4680BD80B500AF2D
:105190000623A022FF210520FFF7B2FF030018001D
:1051A000BD4680BD90B585B000AF3A60FB1D021CC6
:1051B0001A70BB1D0A1C1A703B68002B07D0FB1D20
:1051C0001B78002B03D0FB1D1B78F02B01D900238B
:1051D00040E0FB1D1B78013B18211800EAF794FF03
:1051E00003001A000F243B191A70FB1D1B78013BAA
:1051F00018211800EBF70EF80B001A000E203B18D0
:105200001A703B6800221A703B68013300221A7042
:105210003B68023300221A70BB1D1B781B01D9B2F8
:105220003B191B780F221340DAB23B6803330A4361
:10523000D2B21A703B181B780722134001229A4001
:105240003B181B78DB08DBB219003B685B18D2B255
:105250001A7001231800BD4605B090BD80B584B01A
:1052600000AF0200BB1D1A807B1D0A1C1A700023B0
:10527000FB60BB1D1B880122134003D0FB6820226A
:105280001343FB60BB1D1B880222134003D0FB6845
:1052900020221343FB60BB1D1B880422134003D054
:1052A000FB6808221343FB60BB1D1B8808221340C8
:1052B00003D0FB6808221343FB60BB1D1B88102230
:1052C000134003D0FB6840221343FB60BB1D1B88C7
:1052D0002022134003D0FB6804221343FB60BB1D54
:1052E0001B884022134003D0FB6801221343FB605C
:1052F000BB1D1B888022134003D0FB68012213438F
:10530000FB60BB1D1A8880235B00134003D0FB6841
:1053100001221343FB60BB1D1A8880239B001340AE
:1053200003D0FB6802221343FB60BB1D1A88802355
:10533000DB00134003D0FB6801221343FB60BB1D5D
:105340001A8880231B01134003D0FB6801221343FA
:10535000FB60BB1D1A8880239B01134003D0FB68B0
:1053600008221343FB60BB1D1A888023DB01134016
:1053700003D0FB6804221343FB60BB1D00229B5E2D
:10538000002B03DAFB6810221343FB607B1D1B78A4
:105390000122134004D0FB68802292021343FB6079
:1053A0007B1D1B780222134004D0FB68802212036D
:1053B0001343FB607B1D1B780422134004D0FB6861
:1053C0008022D2021343FB607B1D1B78082213400E
:1053D00003D0FB6801221343FB607B1D1B78102266
:1053E000134003D0FB6801221343FB607B1D1B7835
:1053F0002022134004D0FB688022D2021343FB60BA
:105400007B1D1B784022134003D0FB68012213430D
:10541000FB607B1D1B785BB2002B04DAFB688022EB
:1054200052021343FB60FB681800BD4604B080BD08
:1054300080B584B000AF0200BB1D1A800023FB6062
:10544000BB1D1B880422134003D0FB6802221343B8
:10545000FB60BB1D1B881022134003D0FB68012298
:105460001343FB60BB1D1B884022134003D0FB6825
:1054700004221343FB60BB1D1B888022134003D012
:10548000FB6804221343FB60BB1D1A8880239B002A
:10549000134003D0FB6804221343FB60BB1D1A8832
:1054A0008023DB00134003D0FB6801221343FB6021
:1054B000BB1D1A8880231B01134003D0FB68012207
:1054C0001343FB60BB1D1A8880235B01134003D08C
:1054D000FB6804221343FB60BB1D1A8880239B01D9
:1054E000134003D0FB6801221343FB60BB1D002265
:1054F0009B5E002B04DAFB688022D2021343FB6020
:10550000FB681800BD4604B080BD0000F0B587B050
:1055100000AF78600A00FB1C1A70FB1C1B78002B84
:1055200001D0AA2200E0552208257B191A707B19A8
:1055300000225A707B6880229B583549181CEBF773
:1055400021FA031C1626BC19181CEAF7ADFF03004C
:10555000238031007B181B88DAB27B199A707B1884
:105560001B881B0A9BB2DAB27B19DA707B68842233
:105570009B582849181CEBF705FA031C1426BC1984
:10558000181CEAF791FF0300238031007B181B8869
:10559000DAB27B191A717B181B881B0A9BB2DAB22C
:1055A0007B195A717B1900229A717B190022DA71DA
:1055B0007B681B781800FFF7CBFD03003B6179196E
:1055C0003B6908221800FCF773FE031E1BD07B68A2
:1055D0005B6D5A1C7B685A65FFF78AFD02007B6889
:1055E0005A67FB1C1B78002B09D07B687C220121A9
:1055F0009954FFF77DFD02007B689A6703E07B68A2
:105600007C2200219954C046BD4607B0F0BDC0467B
:10561000CDCCCC3D0AD7233CF0B587B000AF786045
:105620007B68002B5FD07B6818787B685B780C25E3
:105630007A191900FFF7B6FD03001A000123534041
:10564000DBB2002B51D17B6880229B582949181C62
:10565000EBF798F9031C1626BC19181CEAF724FF6F
:105660000300238031007B181B88DAB27B191A7182
:105670007B181B881B0A9BB2DAB27B195A717B68B4
:1056800084229B581C49181CEBF77CF9031C142638
:10569000BC19181CEAF708FF0300238031007B18AF
:1056A0001B88DAB27B199A717B181B881B0A9BB284
:1056B000DAB27B19DA71FFF75DFD7B190822190058
:1056C000FCF7F6FD031E11D07B685B6D5A1C7B68EE
:1056D0005A65FFF70DFD02007B685A677B687122EF
:1056E0000021995402E0C04600E0C046BD4607B024
:1056F000F0BDC046CDCCCC3D0AD7233C80B582B0AE
:1057000000AF3B0000221A6000225A60FFF73EFD06
:105710003B0008221900FCF7CBFDC046BD4602B095
:1057200080BD000090B589B000AFF8607A600B23AF
:10573000FB180A1C1A700023FB611B23FB180022B4
:105740001A7023E01B203B181B78904A98214B438A
:10575000D31802331B78002B12D03B181A788B4BCE
:1057600098214A43D35C0B22BA1812789A4207D187
:105770003B181B7898225A43844BD318FB610DE0E9
:105780001B217B181A787B1801321A70804B1B780A
:10579000DBB21B22BA1812789A42D3D3FB69002BD2
:1057A00000D1EEE01A217B18FA6812781A700A000C
:1057B000BB181B78002B03D0BB181B78112B03D10F
:1057C000FB6900221A7102E0FB6901221A71FB6871
:1057D00001331B781AB2FB6802331B781B021BB221
:1057E00013431AB218217B181A807B181B881800E3
:1057F000EBF712FE031C6749181CEBF7A9FA031C10
:105800001A1CFB699A60FB6803331B781AB2FB68A9
:1058100004331B781B021BB213431AB216217B18E8
:105820001A807B181B881800EBF7F6FD031C5A49F9
:10583000181CEBF78DFA031C1A1CFB69DA60FB6875
:1058400005331B781AB2FB6806331B781B021BB2A8
:1058500013431AB214203B181A80FB691B6C1B0CF3
:105860001A043B181B881A43FB691A64FB68DA1D8B
:1058700013217B1812781A70FB690C007A184821E2
:1058800012785A543B191A783B181B8811001800DB
:10589000FFF7E4FC0200FB6988215B581A43FB69AF
:1058A0005A64FB690122DA70FB697A68DA64FB6981
:1058B0009B6D5A1CFB699A651A23FB181B78112BE8
:1058C00006D17A68FB690521180000F00DFA59E04D
:1058D0001A23FB181B78002B24D1FB695B79072B5B
:1058E00006D17A68FB690021180000F0FDF949E053
:1058F000FB695B79022B06D17A68FB6900211800ED
:1059000000F0F2F93EE0FB6970229B5C01225340FB
:10591000DBB2002B36D07A68FB690021180000F05A
:10592000E3F92FE01A23FB181B78012B2AD1FB691E
:1059300070229B5C01225340DBB2002B1AD0FB6922
:105940005B79072B1ED0FB695B79052B1AD0FB69AD
:1059500000211800FFF7DAFDFB6969220021995444
:10596000FB697A68DA667A68FB690721180000F03B
:10597000BBF907E07A68FB690221180000F0B4F96E
:1059800000E0C046BD4609B090BDC046FC2C0020DA
:10599000BC310020CDCCCC3D0AD7233C80B586B0AD
:1059A00000AFF8607A600B23FB180A1C1A70002302
:1059B0007B611323FB1800221A7023E013203B188D
:1059C0001B78254A98214B43D31802331B78002BB0
:1059D00012D03B181A78204B98214A43D35C0B22F3
:1059E000BA1812789A4207D13B181B7898225A436A
:1059F000194BD3187B610DE013217B181A787B18A3
:105A000001321A70154B1B78DBB21322BA181278C8
:105A10009A42D3D37B69002B19D0FB681B78012BEA
:105A200009D17B697C22002199547B699B6D5A1CAA
:105A30007B699A6504E07B69DB6D5A1C7B69DA65DA
:105A40007B690122DA707B697A68DA6400E0C0461B
:105A5000BD4606B080BDC046FC2C0020BC310020F5
:105A600080B588B000AFF8607A600B23FB180A1C81
:105A70001A700023FB611B23FB1800221A7023E01D
:105A80001B203B181B78534A98214B43D3180233F1
:105A90001B78002B12D03B181A784E4B98214A43A2
:105AA000D35C0B22BA1812789A4207D13B181B78A4
:105AB00098225A43474BD318FB610DE01B217B18FA
:105AC0001A787B1801321A70434B1B78DBB21B2209
:105AD000BA1812789A42D3D3FB69002B75D0FB68B1
:105AE0001B781AB2FB6801331B781B021BB21343ED
:105AF0001AB218217B181A807B181B881800EBF744
:105B00008BFC031C3549181CEBF722F9031C1A1CEB
:105B1000FB691A62FB6802331B781AB2FB68033315
:105B20001B781B021BB213431AB216217B181A8072
:105B30007B181B881800EBF76FFC031C2749181C07
:105B4000EBF706F9031C1A1CFB695A62FB68043365
:105B50001B781AB2FB6805331B781B021BB2134378
:105B60001AB214217B181A807B181B881800EBF7D7
:105B700053FC031C1949181CEBF7EAF8031C1A1C08
:105B8000FB699A62FB6806331B781AB2FB6807331D
:105B90001B781B021BB213431AB212217B181A8006
:105BA0007B181B881800EBF737FC021CFB699A6115
:105BB000FB699A69FB695A61FB697A68DA64FB6977
:105BC0009B6D5A1CFB699A6500E0C046BD4608B053
:105BD00080BDC046FC2C0020BC310020CDCCCC3D8B
:105BE00090B589B000AFF8607A600B23FB180A1CEF
:105BF0001A700023FB611B23FB1800221A7023E09C
:105C00001B203B181B78364A98214B43D31802338C
:105C10001B78002B12D03B181A78314B98214A433D
:105C2000D35C0B22BA1812789A4207D13B181B7822
:105C300098225A432A4BD318FB610DE01B217B1895
:105C40001A787B1801321A70264B1B78DBB21B22A4
:105C5000BA1812789A42D3D3FB69002B3CD0FB6868
:105C600002331B781AB2FB6803331B781B021BB28A
:105C700013431AB218243B191A803B191B881800C9
:105C8000FFF7D6FB03007B61FB6988217A695A50D4
:105C9000FB691B6C1B041A0C3B191B881B041A4361
:105CA000FB691A64FB691B6C9AB2FB6948215B5C57
:105CB00019001000FFF7D2FA0200FB6988215B5837
:105CC0001A43FB695A64FB697A68DA64FB699B6D65
:105CD0005A1CFB699A6500E0C046BD4609B090BDFC
:105CE000FC2C0020BC31002080B584B000AFF860EF
:105CF0007A600B203B180A1C1A70FB685B793A1813
:105D000012789A4262D0FB683A1812785A71FB688E
:105D10008C217A685A50FB68682200219954FB68EC
:105D20009422002199503B181B7807229A429241F5
:105D30005242D2B2002A4CD101229A401300AF2223
:105D40001A40511E8A41D2B2002A07D15022134074
:105D50005A1E9341DBB2002B27D13AE00B22BB182D
:105D60001B78022B03D0BB181B78032B01D1012316
:105D700000E000231A1C01231340DAB2FB681A71F9
:105D8000FB68DB6C002B08D0FB68DB6C7A68D31AED
:105D9000114A934201D8012300E000231A1C012379
:105DA0001340DAB2FB68DA7013E0FB680022DA70A5
:105DB000FB6800221A710B23FB181B78062B07D1F6
:105DC000FB689A6DFB6894215A5001E0C04600E0E0
:105DD000C046BD4604B080BD10270000B0B588B0F5
:105DE00004AF786039607B68581D7B68D96C7B682C
:105DF00070229A5C144C0E257B1903930F23FB1819
:105E000002933B680193FA23DB0000932300FCF725
:105E1000DFFA7B191B78002B04D07B681B6E5A1CA1
:105E20007B681A667B685A790F217B181B789A4227
:105E300006D07B1819783A687B681800FFF754FF82
:105E4000C046BD4604B0B0BD1027000080B582B08A
:105E500000AF786039607B689B7801225340DBB2E9
:105E6000002B00D042E13A687B6811001800FFF770
:105E7000B5FF7B685B79072B00D939E19A00A54B08
:105E8000D3181B689F467B6890229B583A68D21AA9
:105E9000FA239B009A4207D37B681800FFF7BCFBEC
:105EA0007B6890213A685A507B6871229B5C002B7A
:105EB00003D07B681800FFF7AFFB7B6870229B5C08
:105EC000002B00D116E17B686822002199547B6881
:105ED00071229B5C002B03D07B681800FFF79CFBB2
:105EE0007B6801211800FFF711FB3A687B680121EC
:105EF0001800FFF7F9FEFDE07B6871229B5C002B28
:105F000003D07B681800FFF787FB7B687C229B5CD3
:105F1000002B00D1F0E07B689B6F3A68D21AFA231D
:105F20009B009A4200D8E7E07B6868229B5C022BCA
:105F300016D87B6871229B5C002B03D07B6818000D
:105F4000FFF76AFB7B6801211800FFF7DFFA7B6827
:105F500068229B5C0133D9B27B6868229954CBE0FC
:105F60007B687C22002199547B687022002199541F
:105F70007B685B6C02221A437B685A643A687B68D0
:105F800005211800FFF7B0FEB6E07B6871229B5C2C
:105F9000002B03D07B681800FFF73EFB7B68702264
:105FA0009B5C01225340DBB2002B00D1A6E07B6852
:105FB00000211800FFF7AAFA7B6869220021995492
:105FC0007B683A68DA663A687B6807211800FFF751
:105FD0008BFE93E07B68DB6E3A68D21AFA239B0053
:105FE0009A4200D88CE07B6869229B5C022B10D817
:105FF0007B6800211800FFF789FA7B6869229B5CA7
:106000000133D9B27B68692299547B683A68DA66B1
:1060100076E07B685B6C02221A437B685A643A68BC
:106020007B6805211800FFF75FFE69E07B688C2222
:106030009B583A68D31A384A934263D93A687B68C6
:1060400006211800FFF750FE5CE07B68DB6C3A68C5
:10605000D21AFA23DB009A4211D87B689A6D7B68CA
:1060600094215B58D31A042B09D97B6870229B5C5E
:1060700019003A687B681800FFF736FE47E07B6836
:1060800090229B583A68D21AFA235B009A423BD37B
:106090007B681800FFF7C0FA7B6890213A685A5075
:1060A00032E07B685B6C002B30D17B6870229B5C9C
:1060B000002B14D07B6871229B5C002B03D07B6883
:1060C0001800FFF7A9FA7B6801211800FFF71EFAF4
:1060D0003A687B6801211800FFF706FE16E03A686F
:1060E0007B6800211800FFF7FFFD0FE0C0460EE0BF
:1060F000C0460CE0C0460AE0C04608E0C04606E0E4
:10610000C04604E0C04602E0C04600E0C046BD46CE
:1061100002B080BDA0F50108B80B000080B500AF4B
:106120009823DA00084B0021180007F055FC074BB4
:1061300000221A70064B00221A70064B00221A60C9
:10614000C046BD4680BDC046FC2C0020BC310020AE
:10615000BD310020C031002080B584B000AF020006
:10616000FB1D1A70BB1D0A1C1A70434B1B78DBB257
:10617000072B02D901235B4279E0FB1D1B78002B22
:1061800003D0FB1D1B78F02B02D901235B426EE08C
:106190000F23FB1800221A701DE00F203B181B78FC
:1061A000364A98214B43D31802331B78002B0CD06E
:1061B0003B181A78314B98214A43D35CFA1D127868
:1061C0009A4202D101235B4251E00F217B181A78D9
:1061D0007B1801321A70284B1B78DBB20F22BA18D9
:1061E00012789A42D9D3244B1B78DBB21A00982339
:1061F0005A43224BD318BB60BB6898220021180079
:1062000007F0EAFBBB68FA1D12781A70BB68BA1D6A
:1062100012785A70BB6801229A70BB6800225A71CA
:10622000BB6800221A61BB6800229A60BB688022AA
:1062300013499950BB688422FE2189059950BB6897
:10624000712201219954BB68702200219954BB68C6
:106250007C2200219954BB68902200219950064B62
:106260001B78DBB25A1CD1B2034A11705BB2180022
:10627000BD4604B080BDC046BC310020FC2C0020CF
:106280000000484280B582B000AF02003960FB1DBB
:106290001A700D4B1B78DBB2FA1D12789A420CD2A1
:1062A000FB1D1B78094A98214B43D31802331B78F6
:1062B00001225340DBB2002B01D0002300E0012378
:1062C0001800BD4602B080BDBC310020FC2C00206F
:1062D000B0B584B000AF0200FB1D1A702E4B1B78C6
:1062E000DBB2FA1D12789A4251D272B6C0460F2321
:1062F000FB18FA1D12781A7016E00F257B191B780F
:1063000001337A191278254898215143234A982459
:1063100063434018D3189822190007F091FB7B19AA
:106320001A787B1901321A700F23FB181B7801337E
:10633000194A1278D2B29342DFDB174B1B78DBB2DB
:10634000013B98225A43154BD3189822002118007C
:1063500007F042FB104B1B78DBB2013BDAB20E4B6D
:106360001A700F4B1B78DAB20B4B1B78DBB29A42D8
:106370000BD3094B1B78DBB2002B06D0064B1B78E6
:10638000DBB2013BDAB2064B1A7062B600E0C046DF
:10639000BD4604B0B0BDC046BC310020FC2C00207E
:1063A000BD31002080B582B000AF02003960FB1D16
:1063B0001A70304B1B78DBB2FA1D12789A420CD25D
:1063C000FB1D1B782C4A98214B43D31802331B78B2
:1063D00001225340DBB2002B01D0002346E02749C5
:1063E0003868EAF72DF8031E01D0244B3B600021EA
:1063F0003868EAF711F8031E01D000233B60FB1D4B
:106400001B781D4A802198204343D3185B181B68D2
:10641000191C3868E9F7FAFF031E26D1FB1D1B780B
:10642000154A802198204343D3185B183A681A60B4
:10643000FB1D1B78104A712198204343D3185B1829
:1064400001221A70FB1D1B780B4A98214B43D3186D
:1064500005331B78022B08D1FB1D1B7898225A4369
:10646000054BD3181800FFF7D7F801231800BD46D5
:1064700002B080BDBC310020FC2C002000803B44D9
:1064800080B582B000AF02003960FB1D1A70354B39
:106490001B78DBB2FA1D12789A420CD2FB1D1B78D6
:1064A000314A98214B43D31802331B7801225340C1
:1064B000DBB2002B01D000234FE000213868E9F760
:1064C000ABFF031E01D000233B6028493868E9F781
:1064D000B7FF031E01D0254B3B60FB1D1B78224AF2
:1064E000842198204343D3185B181B68191C386813
:1064F000E9F78CFF031E2FD1FB1D1B781A4A84215C
:1065000098204343D3185B183A681A60FB1D1B7828
:10651000154A98214B43D31810333A681A60FB1D73
:106520001B78114A712198204343D3185B1801222C
:106530001A70FB1D1B780C4A98214B43D318053366
:106540001B78022B08D1FB1D1B7898225A43064B5F
:10655000D3181800FFF760F801231800BD4602B0F9
:1065600080BDC046BC310020FC2C00200000FA4356
:1065700080B582B000AF0200FB1D1A70124B1B7871
:10658000DBB2FA1D12789A420CD2FB1D1B780F4A1F
:1065900098214B43D31802331B7801225340DBB2BE
:1065A000002B01D000230AE0FB1D1B78074A702155
:1065B00098204343D3185B1801221A700123180056
:1065C000BD4602B080BDC046BC310020FC2C00207E
:1065D00090B583B000AF0200FB1D1A70324B1B78E0
:1065E000DBB2FA1D12789A420CD2FB1D1B782F4A9F
:1065F00098214B43D31802331B7801225340DBB25E
:10660000002B01D000234BE0FB1D1B78274A702193
:1066100098204343D3185B1800221A70FB1D1B7887
:10662000224A98214B43D31805331B78022B09D0FB
:10663000FB1D1B781D4A98214B43D31805331B784B
:10664000012B2CD1FB1D1B7898225A43174BD318D2
:1066500000211800FEF75AFFFB1D1B78134A692121
:1066600098204343D3185B1800221A70FB1D1C7836
:10667000FEF73EFD01000D4A98236343D3186C33A7
:106680001960FB1D1B7898225A43084BD418FEF75B
:106690002FFD03001A0007212000FFF725FB01232F
:1066A0001800BD4603B090BDBC310020FC2C00207A
:1066B00090B585B000AF78600F23FB1800221A70E8
:1066C0000DE07A680F243B191B78111C1800FFF7A6
:1066D00069FE21007B181A787B1801321A70064B6C
:1066E0001B78DBB20F22BA1812789A42E9D3C0465F
:1066F000C046BD4605B090BDBC31002090B585B008
:1067000000AF78600F23FB1800221A700DE07A6842
:106710000F243B191B78111C1800FFF7B1FE210054
:106720007B181A787B1801321A70064B1B78DBB283
:106730000F22BA1812789A42E9D3C046C046BD4625
:1067400005B090BDBC31002080B582B000AFFB1D0C
:1067500000221A7009E0FB1D1B781800FFF708FFE4
:10676000FB1D1A78FB1D01321A70064B1B78DBB239
:10677000FA1D12789A42EED3C046C046BD4602B01A
:1067800080BDC046BC31002080B582B000AFFB1D8B
:1067900000221A7009E0FB1D1B781800FFF718FF94
:1067A000FB1D1A78FB1D01321A70064B1B78DBB2F9
:1067B000FA1D12789A42EED3C046C046BD4602B0DA
:1067C00080BDC046BC31002080B582B000AFFEF76E
:1067D0008FFC03003B60FB1D00221A7045E0FB1D8F
:1067E0001B78284A98214B43D31802331B78012287
:1067F0005340DBB2002B32D1FB1D1B78214A7021A4
:1068000098204343D3185B1800221A70FB1D1B7895
:1068100098225A431B4BD31800211800FEF776FE2E
:10682000FB1D1B78174A692198204343D3185B1836
:1068300000221A70FB1D1B78124A98214B43D31873
:106840006C333A681A60FB1D1B7898225A430D4B33
:10685000D3183A6807211800FFF746FA00E0C0464F
:10686000FB1D1A78FB1D01321A70074B1B78DBB237
:10687000FA1D12789A42B2D3C046C046BD4602B055
:1068800080BDC046FC2C0020BC31002080B586B005
:1068900000AF7860304B1B78DBB2002B0CD02F4B55
:1068A0001B687A68D21AFA239B009A4204D3FEF737
:1068B00025FF2A4B7A681A60274B1B78DBB2002B26
:1068C00045D072B6C04617217B18254A12781A7037
:1068D00062B6C046204B1B78DBB27A1812789A4217
:1068E00002D37B1800221A701723FB181B789822FA
:1068F0005A431C4BD3183B6172B6C0460F217B181C
:106900003A6992781A7062B6C0467B181B78002BE1
:1069100005D07A683B6911001800FFF797FA72B644
:10692000C0460D4B1B78DBB2002B0ED00C4B1B78F6
:10693000DBB25A1C084B1B78DBB219001000E9F7D8
:1069400053FD0B00DAB2064B1A7062B600E0C04687
:10695000BD4606B080BDC046BC310020C03100201D
:10696000BD310020FC2C0020B0B586B000AFF8602F
:10697000B960FB1D1A70FB1D1B78072B00D86BE05C
:10698000BB68002B00D167E0FB689B0EDAB21720D2
:106990003B1807210A401A70FB681A0C16257B1950
:1069A0001A70FB681A0A15217B181A7014243B19F7
:1069B000FA681A703B181B78012B4FD93B181B78CB
:1069C000072B4BD83B191B78002B49D03B191B7860
:1069D000F02B45D87B191B78EF2B07D87B181B7839
:1069E000A02B03D07B181B78FF2B3BD1FEF780FB3D
:1069F00003003B611623FB181B78912B23D033DC5B
:106A00000B2B17D030DC012B02D0022B09D02BE04E
:106A10003A691423FB181978BB681800FEF782FE48
:106A200023E03A691423FB181978BB681800FEF7B5
:106A3000B5FF1AE03A691423FB181978BB681800EF
:106A4000FFF70EF811E03A691423FB181978BB68B8
:106A50001800FFF7C5F808E0C04606E0C04604E0AD
:106A6000C04602E0C04600E0C046BD4606B0B0BD2C
:106A700090B587B000AF78607B68002B30D07B6822
:106A800010220021180006F0A7FF1723FB18002290
:106A90001A701CE017243B191B7898225A43124B9A
:106AA000D3183B613B699A683B69DB68191C101C71
:106AB000EAF74EF9031CFB60FA6839697B68180035
:106AC000FBF718FC3B191A783B1901321A70074B77
:106AD0001B78DBB21722BA1812789A42DAD300E098
:106AE000C046BD4607B090BDFC2C0020BC31002044
:106AF00080B500AF024B1B78DBB21800BD4680BDED
:106B0000BC31002090B59DB000AF02003960FB1D84
:106B10001A703B68002B01D1002323E072B6C046F7
:106B2000124B1B78DBB2FA1D12789A4203D362B67D
:106B3000C046002316E0FB1D1B78082438190C4AB8
:106B400098214B43D3186822190006F079FF62B6EA
:106B5000C0463A683B191000190068231A0006F075
:106B60006FFF01231800BD461DB090BDBC31002051
:106B7000FC2C002080B500AF014B1800BD4680BD45
:106B8000C0F5010880B582B000AF7860234B5A6829
:106B90007B681A43214B5A607A6880231B0113409B
:106BA00004D01E4B3422092199542CE07B68082222
:106BB000134004D0194B34220321995423E07B68FD
:106BC0002022134004D0154B3422042199541AE09A
:106BD0007A68C0239B00134004D0104B3422052157
:106BE000995410E07B680422134004D00B4B3422EC
:106BF0000821995407E07B680322134003D0074B18
:106C000034220A219954054B1B78022B02D104200F
:106C100000F010F8C046BD4602B080BDC43100206F
:106C200080B500AF024B00225A60C046BD4680BD11
:106C3000C431002080B582B000AF0200FB1D1A7085
:106C40000E4B1B78FA1D12789A4212D00B4B1B7810
:106C50001900FB1D1A780A4B180006F0BFFC074B01
:106C6000FA1D12781A70EFF781FF0200034B9A6049
:106C700000E0C046BD4602B080BDC046C431002021
:106C8000A8E6010890B59FB002AF6F23FB18002261
:106C90001A706D23FC18FBF742FA030023706E2371
:106CA000FB1800221A7025E03A1D6E23FB181B7892
:106CB00011001800FBF74BFA031E15D03B1D9B7803
:106CC000002B11D03B1DDB78002B0DD03B1D5B79D9
:106CD000042B09D03B1D5B79052B05D06F217B1858
:106CE0001A787B1801321A706E217B181A787B187B
:106CF00001321A706E23FA186D243B1912781B7832
:106D00009A42D1D36F23FB181B78002B22D13B1959
:106D10001B78002B1ED03B1D19000020FBF717FA33
:106D2000031E0FD03B1919783B1D9B781A003B1DA1
:106D3000DB781C003B1D5B790A480093230006F0BA
:106D40004DFC07E06D23FB181A78074B1100180063
:106D500006F044FC6F23FB181B781800BD461DB0DD
:106D600090BDC046BCE60108ECE60108B0B5B6B07F
:106D700000AF0023D4243A191360FBF7A7F8031ED1
:106D800009D12D4B180006F029FC3B191B68012284
:106D900013433A191360D3257C19FFF773FF0300DF
:106DA00023707B191B78002B0BD1244B180006F0A5
:106DB00015FCD4217B181B68022213437A18136038
:106DC0001CE03B1D180002F09DFB3B1DBD229B5C9F
:106DD000D3203A1812789A4210D03B1DBD229B5CFA
:106DE00019003B181A78164B180006F0F7FBD4214F
:106DF0007B181B68042213437A1813603B1D18008C
:106E000002F080FB3B1D1B88032B0ED03B1D1B8813
:106E10001A000C4B1100180006F0E0FBD4217B187F
:106E20001B68402213437A181360D423FB181B6895
:106E30001800BD4636B0B0BD1CE701084CE701089C
:106E400078E70108C0E7010880B5B6B000AFFFF7EA
:106E50008DFF0300D422B9180B60BB181B68002BF0
:106E600006D0BB181B681800FFF78CFE002311E04A
:106E70003B1D180002F046FB3B1DBD22995C074BF1
:106E80003C229954FFF7FEFE03001900034B3D22FC
:106E9000995401231800BD4636B080BDC43100208E
:106EA000F0B587B002AF604BDB690021181CE9F731
:106EB000C7FA031E06D05C4B2C229B5C002B01D131
:106EC000012200E000220F203B181A701A780121DD
:106ED0000A401A703B181B78002B4BD0524B4E22A5
:106EE0009B5C002B46D1504B9B69181CFBF749F863
:106EF0004D4B1B6A181CFBF75CF8FBF772F84A4B0A
:106F00009B694A49181CE9F723FF031C181CEAF780
:106F100017FA0300BB60444B1B6A4449181CE9F78D
:106F200017FF031C181CEAF70BFA03007B60BB6811
:106F30000A211800E9F772F903001C00BB680A2156
:106F40001800E9F751FA0B001D007B680A211800B0
:106F5000E9F764F903001E007B680A211800E9F7CD
:106F600043FA0B003248009333002A00210006F058
:106F700035FB47E00F23FB181B78002B1ED02A4B54
:106F80009A69294B5B6A191C101CE9F73FFA031E2A
:106F900004D1254B9B69181CFAF7F3FF224B1A6AA0
:106FA000214B9B6A191C101CE9F730FA031E29D1EA
:106FB0001D4B1B6A181CFAF7FCFF23E00F23FB187C
:106FC0001B7801225340DBB2002B1BD0164B4E2204
:106FD0009B5C002B16D0FBF719F8134B2C229B5C03
:106FE000002B03D0104B3422022199540E4B2C223B
:106FF0009B5C19000C4B2D229B5C1A000D4B18005A
:1070000006F0ECFA084B9A69074B5A62064B1A6A6B
:10701000054B9A620F23FB181978034B4E229954A3
:10702000C046BD4605B0F0BDC4310020000020417F
:10703000F4E7010818E8010880B500AFFAF7E6FFA9
:107040000C4B00229A610B4B0022DA61094B0022A3
:107050001A62084B00225A62064B00229A62054BC4
:1070600000225A65034B4E2200219954C046BD466A
:1070700080BDC046C431002090B5A1B000AF78609B
:10708000704B9B690021181CE9F7D0F9031E04D04E
:107090006C4B00225A650023D0E07D23FC18FBF7DF
:1070A0003EF8030023707F23FB1800221A707E2312
:1070B000FB1800221A7053E00C243A197E23FB18A7
:1070C0001B7811001800FBF742F803001A00012397
:1070D0005340DBB2002B3AD13B199B78012253403D
:1070E000DBB2002B35D13B19DB7801225340DBB2F8
:1070F000002B2ED121007B185B79042B29D07B1823
:107100005B79052B25D07B18DB6C002B21D07B18FD
:10711000DB6C7A68D21AFA23DB009A4219D80C0089
:107120007B189B680021181CE9F780F9031E10D119
:107130003B199A68434B9B69191C101CE9F78AF9A3
:10714000031E07D07F23FB1801221A7010E0C046EF
:1071500000E0C0467E217B181A787B1801321A7035
:107160007E23FA187D23FB1812781B789A42A3D34A
:107170007F23FB181B7801225340DBB2002B04D085
:10718000304B00225A65002358E02E4B5B6D002BDC
:1071900023D12C4B7A685A652A4B9B692A49181CC3
:1071A000E9F7D6FD031C181CEAF7CAF803007B6751
:1071B0007B6F0A211800E9F731F803001C007B6F90
:1071C0000A211800E9F710F90B001A001F4B2100E3
:1071D000180006F003FA002330E01A4B5B6D7A6862
:1071E000D21AFA239B009A4201D2002326E0154BC3
:1071F00034220B219954134B9B691349181CE9F74E
:10720000A7FD031C181CEAF79BF80300BB67BB6FC4
:107210000A211800E9F702F803001C00BB6F0A21DD
:107220001800E9F7E1F80B001A00094B21001800DB
:1072300006F0D4F90320FFF7FDFC01231800BD463A
:1072400021B090BDC4310020000020413CE801087D
:1072500074E80108B0B58CB000AFF860B9607A602E
:107260002F243B1900221A70BB6860229B5C002B04
:107270002BD0FB68A5229B5C002B26D010257B1908
:107280001800FAF72AFF7B199A68BB685B68191C1B
:10729000101CE9F79BFE031CBB62FB68A6229A5CEC
:1072A000A721595C09020A43A821595C09040A4331
:1072B000A9215B5C1B061343191CB86AE9F7C0F8E7
:1072C000031E02D03B1901221A702F23FB181B78D2
:1072D000002B56D02E4B1B6C002B2FD12C4B7A68D9
:1072E0001A64FB68A6229A5CA721595C09020A432A
:1072F000A821595C09040A43A9215B5C1B061343BE
:107300002449181CE9F724FD031C181CEAF718F897
:1073100003003B623B6A0A211800E8F77FFF030085
:107320001C003B6A0A211800E9F75EF80B001A00FE
:10733000194B2100180006F051F925E0144B1B6C85
:107340007A68D31AFA2291001800E8F7DDFE0300EC
:107350007B62FB68AA229A5CAB215B5C1B02134335
:107360009BB21A007B6A93420ED37A6A0B4B1100D0
:10737000180006F033F980235B001800FFF702FCC9
:1073800002E0034B00221A64C046BD460CB0B0BDFB
:10739000C431002000002041B4E80108E0E8010801
:1073A00080B582B000AF786008001100FB1C021CA1
:1073B0001A70BB1C0A1C1A70FB1C1B78012B5AD1BB
:1073C000BB1C1B78062B54D89A008C4BD3181B6817
:1073D0009F467B682F229A5C3021595C09020A4340
:1073E0003121595C09040A4332215B5C1B061343BB
:1073F00000E17B6833229A5C3421595C09020A431C
:107400003521595C09040A4336215B5C1B06134392
:10741000F0E07B6837229A5C3821595C09020A4304
:107420003921595C09040A433A215B5C1B0613436A
:10743000E0E07B683B229A5C3C21595C09020A43EC
:107440003D21595C09040A433E215B5C1B06134342
:10745000D0E07B683F229A5C4021595C09020A43D4
:107460004121595C09040A4342215B5C1B0613431A
:10747000C0E00023BEE0FB1C1B78022B5AD1BB1CD2
:107480001B78062B54D89A005D4BD3181B689F4677
:107490007B6858229A5C5921595C09020A435A2197
:1074A000595C09040A435B215B5C1B061343A1E0A2
:1074B0007B685C229A5C5D21595C09020A435E216B
:1074C000595C09040A435F215B5C1B06134391E08E
:1074D0007B6860229A5C6121595C09020A4362213F
:1074E000595C09040A4363215B5C1B06134381E07A
:1074F0007B6864229A5C6521595C09020A43662113
:10750000595C09040A4367215B5C1B06134371E065
:107510007B6868229A5C6921595C09020A436A21E6
:10752000595C09040A436B215B5C1B06134361E051
:10753000344B5FE0FB1C1B78032B5AD1BB1C1B7820
:10754000062B54D89A00304BD3181B689F467B6893
:1075500081229A5C8221595C09020A438321595C89
:1075600009040A4384215B5C1B06134342E07B68E9
:1075700085229A5C8621595C09020A438721595C5D
:1075800009040A4388215B5C1B06134332E07B68D5
:1075900089229A5C8A21595C09020A438B21595C31
:1075A00009040A438C215B5C1B06134322E07B68C1
:1075B0008D229A5C8E21595C09020A438F21595C05
:1075C00009040A4390215B5C1B06134312E07B68AD
:1075D00091229A5C9221595C09020A439321595CD9
:1075E00009040A4394215B5C1B06134302E0002359
:1075F00000E00023181CBD4602B080BD10F6010853
:107600002CF601080000C8C248F6010890B58BB0FE
:1076100000AFF860B9607A6014243B1918000C239D
:107620001A00002106F0D8F9BB682A229B5C002BC7
:1076300007D13B1900221A70FB683A1913CA13C309
:1076400068E114217B1801221A707B1801221A713B
:107650007B68DB8A1800E9F7DFFE031CAF49181CC2
:10766000E9F790F9031C3B6227243B1901221A70A9
:10767000BB683F229A5C4021595C09020A434121C0
:10768000595C09040A4342215B5C1B061343191C25
:10769000386AE8F7DFFE031E03D03B1906221A7092
:1076A00066E0BB683B229A5C3C21595C09020A43B4
:1076B0003D21595C09040A433E215B5C1B061343D0
:1076C000191C386AE8F7C6FE031E04D02723FB18EE
:1076D00005221A704CE0BB6837229A5C3821595C4D
:1076E00009020A433921595C09040A433A215B5CC7
:1076F0001B061343191C386AE8F7ACFE031E04D0BE
:107700002723FB1804221A7032E0BB6833229A5CEC
:107710003421595C09020A433521595C09040A43A2
:1077200036215B5C1B061343191C386AE8F792FE8E
:10773000031E04D02723FB1803221A7018E0BB682D
:107740002F229A5C3021595C09020A433121595C8D
:1077500009040A4332215B5C1B061343191C386A77
:10776000E8F778FE031E03D02723FB1802221A70C5
:107770002723FB181B78062B08D1694B3A220121DD
:107780009954674B38220621995410E027217B1821
:107790001B78012B0BD0624B38229B5C7A18127835
:1077A0009A4204D95E4B7A18382112785A545C4BAD
:1077B00027203A18352112785A54594B3A229B5CAB
:1077C000002B03D03B1806221A7010E027217B18EB
:1077D0001B78012B0BD0524B38229B5C7A18127805
:1077E0009A4204D27B184E4A3821525C1A702723E1
:1077F000FB181B78052B7AD89A004A4BD3181B68C4
:107800009F4614217B1801229A707B180122DA709E
:107810007B1801225A707B1800229A6075E01420B0
:107820003B1800229A703B180222DA70BB68432290
:107830009A5C4421595C09020A434521595C0904B8
:107840000A4346215B5C1B0613431A1C3B189A60D3
:107850005BE014203B1800229A703B180322DA7078
:10786000BB6847229A5C4821595C09020A434921B6
:10787000595C09040A434A215B5C1B0613431A1C2A
:107880003B189A6041E014203B1800229A703B1884
:107890000422DA70BB684B229A5C4C21595C0902C5
:1078A0000A434D21595C09040A434E215B5C1B06C7
:1078B00013431A1C3B189A6027E014203B1800223F
:1078C0009A703B180522DA70BB684F229A5C5021EF
:1078D000595C09020A435121595C09040A435221A7
:1078E0005B5C1B0613431A1C3B189A600DE01421C5
:1078F0007B1802229A707B180622DA707B1801220C
:107900005A707B1800229A60C046FB681422BA188D
:1079100013CA13C3F868BD460BB090BD00007A448B
:10792000C431002064F6010890B58DB000AFF86056
:10793000B9607A6014243B1918000C231A00002146
:1079400006F04AF8BB6853229B5C002B07D13B1919
:1079500000221A70FB683A1913CA13C38CE1142170
:107960007B1801221A707B1802221A717B68DB696E
:10797000BB622F243B1901221A70BB6868229A5CF3
:107980006921595C09020A436A21595C09040A43C6
:107990006B215B5C1B061343191CB86AE8F75AFDA0
:1079A000031E03D03B1906221A7066E0BB686422EE
:1079B0009A5C6521595C09020A436621595C0904F5
:1079C0000A4367215B5C1B061343191CB86AE8F77E
:1079D00041FD031E04D02F23FB1805221A704CE032
:1079E000BB6860229A5C6121595C09020A436221EA
:1079F000595C09040A4363215B5C1B061343191C91
:107A0000B86AE8F727FD031E04D02F23FB180422D1
:107A10001A7032E0BB685C229A5C5D21595C0902F5
:107A20000A435E21595C09040A435F215B5C1B0623
:107A30001343191CB86AE8F70DFD031E04D02F2369
:107A4000FB1803221A7018E0BB6858229A5C59216F
:107A5000595C09020A435A21595C09040A435B2113
:107A60005B5C1B061343191CB86AE8F7F3FC031EA2
:107A700003D02F23FB1802221A70814B36229B5C05
:107A8000002B61D07E4B36229B5C2F243A19127852
:107A90009A4229D27A4B36229A5CBB68022118009E
:107AA000FFF77EFC031C3B62BB6854229A5C5521A5
:107AB000595C09020A435621595C09040A435721BB
:107AC0005B5C1B061343191C386AE9F77FFA031C39
:107AD000191CB86AE8F7BEFC031E35D03B19684A8A
:107AE0003621525C1A702FE0654B36229B5C2F24A6
:107AF0003A1912789A4227D93B191A78BB680221A1
:107B00001800FFF74DFC031C7B62BB6854229A5C93
:107B10005521595C09020A435621595C09040A435C
:107B200057215B5C1B061343796A181CE8F7A0FD1C
:107B3000031C191CB86AE8F779FC031E04D03B1932
:107B40004F4A3621525C1A704D4B2F203A1836217D
:107B500012785A543B181B78052B7AD89A00494B57
:107B6000D3181B689F4614217B1801229A707B183A
:107B70000122DA707B1801225A707B1800229A6069
:107B800075E014203B1800229A703B180222DA702C
:107B9000BB686C229A5C6D21595C09020A436E2114
:107BA000595C09040A436F215B5C1B0613431A1CD2
:107BB0003B189A605BE014203B1800229A703B1837
:107BC0000322DA70BB6870229A5C7121595C090249
:107BD0000A437221595C09040A4373215B5C1B064A
:107BE00013431A1C3B189A6041E014203B180022F2
:107BF0009A703B180422DA70BB6874229A5C752173
:107C0000595C09020A437621595C09040A43772129
:107C10005B5C1B0613431A1C3B189A6027E0142078
:107C20003B1800229A703B180522DA70BB68782254
:107C30009A5C7921595C09020A437A21595C09044A
:107C40000A437B215B5C1B0613431A1C3B189A609A
:107C50000DE014217B1802229A707B180622DA703C
:107C60007B1801225A707B1800229A60C046FB687C
:107C70001422BA1813CA13C3F868BD460DB090BDDC
:107C8000C43100207CF6010890B58BB000AFF860DD
:107C9000B9607A6014243B1918000C231A000021E3
:107CA00005F09AFEBB687C229B5C002B07D13B1938
:107CB00000221A70FB683A1913CA13C363E1142136
:107CC0007B1801221A707B1803221A717B681B7BB8
:107CD0001800E9F7A1FB031C3B6227243B19012292
:107CE0001A70BB6891229A5C9221595C09020A437E
:107CF0009321595C09040A4394215B5C1B061343DE
:107D0000191C386AE8F7A6FB031E03D03B190622AC
:107D10001A7066E0BB688D229A5C8E21595C09025C
:107D20000A438F21595C09040A4390215B5C1B06BE
:107D30001343191C386AE8F78DFB031E04D0272370
:107D4000FB1805221A704CE0BB6889229A5C8A21D4
:107D5000595C09020A438B21595C09040A438C21AE
:107D60005B5C1B061343191C386AE8F773FB031EA0
:107D700004D02723FB1804221A7032E0BB68852246
:107D80009A5C8621595C09020A438721595C0904DF
:107D90000A4388215B5C1B061343191C386AE8F709
:107DA00059FB031E04D02723FB1803221A7018E086
:107DB000BB6881229A5C8221595C09020A438321B3
:107DC000595C09040A4384215B5C1B061343191C9C
:107DD000386AE8F73FFB031E03D02723FB18022273
:107DE0001A702723FB181B78062B08D1684B3B22FF
:107DF00001219954664B39220621995410E027211C
:107E00007B181B78012B0BD0614B39229B5C7A18B5
:107E100012789A4204D95E4B7A18392112785A5452
:107E20005B4B27203A18372112785A54584B3B2283
:107E30009B5C002B03D03B1806221A7010E0272110
:107E40007B181B78012B0BD0514B39229B5C7A1885
:107E500012789A4204D27B184D4A3921525C1A702A
:107E60002723FB181B78052B7AD89A00494BD31887
:107E70001B689F4614217B1801229A707B180122EF
:107E8000DA707B1801225A707B1800229A6075E024
:107E900014203B1800229A703B180222DA70BB684B
:107EA00095229A5C9621595C09020A439721595CF4
:107EB00009040A4398215B5C1B0613431A1C3B18F8
:107EC0009A605BE014203B1800229A703B18032252
:107ED000DA70BB6899229A5C9A21595C09020A43BC
:107EE0009B21595C09040A439C215B5C1B061343DC
:107EF0001A1C3B189A6041E014203B1800229A702B
:107F00003B180422DA70BB689D229A5C9E21595C62
:107F100009020A439F21595C09040A43A0215B5CC2
:107F20001B0613431A1C3B189A6027E014203B18C9
:107F300000229A703B180522DA70BB68A1229A5C75
:107F4000A221595C09020A43A321595C09040A438E
:107F5000A4215B5C1B0613431A1C3B189A600DE0BE
:107F600014217B1802229A707B180622DA707B1883
:107F700001225A707B1800229A60C046FB681422C6
:107F8000BA1813CA13C3F868BD460BB090BDC046FB
:107F9000C431002094F60108F0B591B000AFF8604C
:107FA000B9607A603B602C243B19BA68F968180004
:107FB000FFF72CFB20257B19BA68F9681800FFF73A
:107FC000B3FC1426BB19BA68F9681800FFF75CFE09
:107FD0003B191A787B191B78D318D9B2BB191A78B8
:107FE00039203B188A181A703B181B78002B18D1BF
:107FF000FB689A7AD97A09020A43197B09040A4371
:108000005B7B1B0613431A1C7B681A603B680022CB
:108010001A70BB6D00221A70FB6D00221A700123CA
:10802000A5E02C23FB185B78002B09D12023FB183B
:108030005B78002B04D11423FB185B78002B2CD029
:108040007B6800221A603B6801221A702C217B1881
:108050005B78002B08D07B181A79BB6D1A707B18DF
:10806000DA78FB6D1A7016E020217B185B78002B04
:1080700008D07B181A79BB6D1A707B18DA78FB6D03
:108080001A7008E014217B181A79BB6D1A707B18DE
:10809000DA78FB6D1A70012369E0374BFB633B25EF
:1080A0007B1900221A703A26BB1900221A702C2460
:1080B0003B191B78002B13D03B199B68191CF86BDC
:1080C000E8F7C8F9031E0BD021007B189B68FB63FF
:1080D0007B197A1812791A70BB197A18D2781A702B
:1080E00020243B191B78002B15D03B199B68191CC9
:1080F000F86BE8F7A5F9031E0DD021007B189B68EB
:10810000FB633B23FB187A1812791A703A23FB1889
:108110007A18D2781A7014243B191B78002B15D0CA
:108120003B199B68191CF86BE8F78AF9031E0DD000
:1081300021007B189B68FB633B23FB187A1812799C
:108140001A703A23FB187A18D2781A707B68FA6B87
:108150001A603B6800221A70BB6D3B22BA18127875
:108160001A70FB6D3A22BA1812781A70012318009F
:10817000BD4611B0F0BDC046286B6E4EB0B588B09C
:1081800000AF786039609D4BFB611B23FB18002218
:108190001A702EE01B23FB181B781800F8F79AF9C9
:1081A000031CBB60BB685B005C0801231D1C944979
:1081B000201CE9F7AFF8031E07D19149201CE8F70E
:1081C0003FF9031E01D100231D1CEBB201225340D5
:1081D000DBB2002B07D0F969B868E8F731F9031E64
:1081E00001D0BB68FB611B217B181A787B18013218
:1081F0001A701B23FB181B78032BCBD98149F86914
:10820000E8F70AF9031E01D07F4BFB617B68AC22C3
:108210009B5C002B00D1ADE07B68AF229A5CB02163
:10822000595C09020A43B121595C09040A43B2218D
:108230005B5C1B061343191CF869E8F70BF9031E76
:1082400037D0724B4F229B5C01225340DBB2002B94
:108250002BD06E4B5B6C002B03D16C4B3A685A648D
:108260008FE06A4B5B6C3A68D31AFA2291001800CF
:10827000E7F74AFF0300FB607B68AD229A5CAE2102
:108280005B5C1B0213439BB21A00FB68934200D253
:1082900077E05E4B4F22012199545C4B00225A64D7
:1082A0005B4B180005F09AF96BE0584B00225A64BA
:1082B00067E07B68AF229A5CB021595C09020A43EF
:1082C000B121595C09040A43B2215B5C1B061343CC
:1082D000181C7B68B3229A5CB421595C09020A43DA
:1082E000B521595C09040A43B6215B5C1B061343A4
:1082F000191CE8F76BFE031C191CF869E8F796F8DF
:10830000031E33D0414B4F229B5C002B2AD03F4BA6
:108310005B6C002B03D13D4B3A685A6431E03B4B18
:108320005B6C3A68D31AFA2291001800E7F7ECFE6A
:1083300003003B617B68AD229A5CAE215B5C1B0253
:1083400013439BB21A003B6993421AD32F4B4F221F
:10835000002199542D4B00225A642E4B180005F031
:108360003DF90EE0294B00225A640AE0274B002217
:108370005A6406E0254B4F2200219954234B0022DA
:108380005A64224B4F229B5C002B32D07B68B72271
:108390009A5CB821595C09020A43B921595C090465
:1083A0000A43BA215B5C1B0613437B610021786999
:1083B000E8F732F8031E01D000237B611649786983
:1083C000E8F73EF8031E01D0134B7B610F4BDC69CD
:1083D00011497869E8F7D6FA031C191C201CE8F744
:1083E000B7FC031C1A1C094BDA61084B2D22012132
:1083F0009954C046BD4608B0B0BDC046339388C34B
:10840000FFFF7F7F000048C20000C841C431002048
:1084100004E9010824E901080000C842F0B5BBB036
:1084200002AF786008257B19180001F06BF8604BEB
:108430001A695F4B9A615E4B5A695D4B1A625C4BDD
:108440001C6A5B4B3D229B5C1800E8F7E5FF031CB0
:10845000191C201CE8F77CFC031C1A1C544BDA6125
:10846000534B2C2200219954514B2D220021995419
:108470004F4B2E22002199544D4B2F22002199540D
:108480004B4B00221A634A4B98697B19C3229A5CB2
:10849000C4215B581B021B0A1B021343191CE7F77C
:1084A000CFFF031E0BD07B19C3229A5CC4215B58FB
:1084B0001B021B0A1B0213431A1C3D4B9A613C4BC7
:1084C000186A08243B19CB229A5CCC215B581B020A
:1084D0001B0A1B021343191CE7F7B2FF031E1CD033
:1084E0003B19CB229A5CCC215B581B021B0A1B0256
:1084F00013431A1C2E4B1A622D4B1C6A2C4B3D2227
:108500009B5C1800E8F788FF031C191C201CE8F787
:108510001FFC031C1A1C264BDA61254B9B6925495D
:10852000181CE8F715FC031C181CE8F709FF0300EA
:10853000DC243A1913601E4B1B6A1E49181CE8F70D
:1085400007FC031C181CE8F7FBFE0300D826BA1929
:10855000136025003B191B680A211800E7F75EFE2F
:1085600003001C007B191B680A211800E7F73CFF79
:108570000B001D00BA1913680A211800E7F74EFE18
:1085800003001E00D823FB181B680A211800E7F718
:108590002BFF0B000848009333002A00210005F050
:1085A0001DF8FEF77DFCC046BD4639B0F0BDC046A3
:1085B000C43100200000204148E90108F0B5BBB0FB
:1085C00002AF786008243B19180000F09BFF3B19AC
:1085D0005A8B9B8B1B0413431A1C734B9A613B19D8
:1085E0005A899B891B041343181C3B195A889B8882
:1085F0001B041343191CE8F7ABFB031C1A1C6A4B42
:10860000DA61694B2C2200219954674B2D220021FD
:108610009954654B2E2200219954634B2F2200213F
:108620009954614B00221A637A683B1911001800B3
:10863000FFF7A4FD5C4B3D229B5C002B11D05A4BF5
:10864000DC69594B3D229B5C1800E8F7E5FE031CF2
:10865000191C201CE8F796F9031C1A1C524B1A62CD
:1086600002E0514B00221A624F4B986908243B19D3
:10867000C3229A5CC4215B581B021B0A1B021343D2
:10868000191CE7F7DDFE031E0BD03B19C3229A5CD1
:10869000C4215B581B021B0A1B0213431A1C424BCA
:1086A0009A61414B186A08243B19CB229A5CCC2171
:1086B0005B581B021B0A1B021343191CE7F7C0FE81
:1086C000031E20D03B19CB229A5CCC215B581B02A5
:1086D0001B0A1B0213431A1C334B1A62324B1C6ACF
:1086E000314B3D229B5C1800E8F796FE031C191CD9
:1086F000201CE8F72DFB031C1A1C2B4BDA612A4BBC
:108700002D22012199547B681800FEF7B5FC031E49
:1087100046D1254B9B692549181CE8F719FB031C1A
:10872000181CE8F70DFE0300DC243A1913601E4BF9
:108730001B6A1E49181CE8F70BFB031C181CE8F702
:10874000FFFD0300D826BA19136025003B191B68EA
:108750000A211800E7F762FD03001C007B191B6863
:108760000A211800E7F740FE0B001D00BA19136834
:108770000A211800E7F752FD03001E00D823FB185A
:108780001B680A211800E7F72FFE0B00084800932A
:1087900033002A00210004F021FFFEF781FB00E0F6
:1087A000C046BD4639B0F0BDC431002000002041B4
:1087B0006CE90108B0B5D6B002AF78607423FB183D
:1087C000180000F09FFE1023FB181800F8F71CFE9D
:1087D000BE4BA82252009B18DB1960229B5C012231
:1087E0005340DBB2002B07D0B94B180004F0F6FE63
:1087F0000820FEF7C7F965E1B44BA82252009B1888
:10880000DB199A6D8023DB01134010D0B14B50224D
:108810009B5C01225340DBB2002B0CD0AE4B180006
:1088200004F0DCFEAB4B50220121995403E0A94B2C
:10883000502200219954A54BA82252009B18DB1905
:108840009A6D86239B00134007D0A44B180004F0B8
:10885000C5FE2020FEF796F934E174243B195A8BAB
:108860009B8B1B0413431A1C9A4B9A61994B986972
:108870003B19C3229A5CC4215B581B021B0A1B02D2
:108880001343191CE7F7DCFD031E0BD03B19C32271
:108890009A5CC4215B581B021B0A1B0213431A1C5F
:1088A0008C4B9A610023FB608D4BA8256D005B19F2
:1088B000DB1900221A708B4B5B19DB1900221A702E
:1088C000894B5B19DB1900221A700B23FC180C234F
:1088D000FA181023F9187423F8180923FB180193C8
:1088E0000A23FB1800932300FFF756FB7C4B5B1910
:1088F000DB191978774B2C229954764B2D220021C5
:108900009954784B5B19DB191978724B2E229954C4
:10891000754B5B19DB1919786E4B2F229954FA6845
:108920006C4B1A636B4B3A229B5C002B04D1694B56
:108930003B229B5C002B17D0664B3A229B5C002BA2
:1089400004D0644B34220C21995403E0614B34224F
:108950000D2199545F4B0022DA615E4B00221A62AE
:108960000320FEF767F9ADE05A4B2C229B5C002BED
:1089700003D0584B0022DA6156E0544BA822520033
:108980009B18DB191B8A002B0DD0504B9B18DB1951
:108990001B8A1800E8F740FD031C5449181CE8F72F
:1089A000D7F9031C05E07423FB185A889B881B0425
:1089B0001343A62464003A191360FB68191C3B1981
:1089C0001868E8F7C5F9031CA4256D007A1913602F
:1089D0007423FB185A899B891B041343191C3B19E8
:1089E0001868E8F7B5F9031CA2225200B9180B6009
:1089F000384BBA181268DA61364BDB69191C7B19DF
:108A00001868E7F709FD031E07D0324B7A19126880
:108A1000DA61304B2D22012199547A687423FB18B6
:108A200011001800FFF7AAFB2A4B3D229B5C002B8C
:108A300011D0284BDC69274B3D229B5C1800E8F7DE
:108A4000EBFC031C191C201CE7F79CFF031C1A1CE1
:108A5000204B1A6202E01F4B00221A621D4B186A5B
:108A600074243B19CB229A5CCC215B581B021B0A55
:108A70001B021343191CE7F7E3FC031E20D03B192C
:108A8000CB229A5CCC215B581B021B0A1B021343AE
:108A90001A1C104B1A620F4B1C6A0E4B3D229B5C3A
:108AA0001800E8F7B9FC031C191C201CE8F750F962
:108AB000031C1A1C074BDA61064B2D220121995425
:108AC000FEF7EEF9BD4654B0B0BDC046C0FEFFFF94
:108AD00094E90108C4310020A8E90108D4E901089B
:108AE000BBFEFFFFBAFEFFFFB9FEFFFFCDCCCC3DC2
:108AF00080B500AF114B58220021180004F06CFF24
:108B00000E4B00221A700D4B00225A700B4B4C2258
:108B100001219954094B4D2201219954074B4E22B2
:108B200000219954054B342200219954044B18001C
:108B300004F054FDC046BD4680BDC046C43100208F
:108B4000ECE90108F0B5D1B000AF7860FEF79AF813
:108B500003001900534B3D229954524B1B78022BB2
:108B600026D1504B3D229A5C4E4B3C215B5C9A4295
:108B70001ED04C4B9B6C002B03D14A4B7A689A64F5
:108B80001AE0484B9B6C7A68D31A474A934213D930
:108B9000444B3C229B5C1900424B3D229B5C1A00DB
:108BA000424B180004F01AFD0420FDF7EBFF03E030
:108BB0003C4B00229A6400E0C0463A4B1B78042BE1
:108BC0006BD89A003A4BD3181B689F46FEF73CF9C6
:108BD000031E03D00220FEF72DF85EE00420FEF70E
:108BE00029F85AE070243B19180000F08BFC0C2582
:108BF0007B191800F8F708FC4026FF36BB19294AF4
:108C000012781A707A6879193B191800FEF722FB5E
:108C1000244B1B78BA1912789A4218D1214B1B7B2E
:108C2000002B04D07B681800FFF7F8FB35E07023B9
:108C3000FB18BB229B5C012B04D17B681800FFF75B
:108C4000BDFC2AE07B681800FFF7B4FD25E0194B56
:108C5000180004F0C3FCFEF7EFF9124B00221A646F
:108C6000104B00225A6418E0FEF7E6F90D4B002283
:108C70001A640C4B00225A640020FDF7DBFF094BFD
:108C800000225A7009E0FEF7D7F9064B00221A6459
:108C9000044B00225A6400E0C046C046BD4651B0B5
:108CA000F0BDC046C43100200F270000F8E90108DC
:108CB000ACF6010818EA010880B584B000AF78600E
:108CC000FEF754F80300FB607B68002B02D07B6842
:108CD000FA681A60FB685A425341DBB21800BD467D
:108CE00004B080BD90B5B9B000AF0200FB1D1A7092
:108CF000BB1D0A1C1A703F4B1B78022B05D13E4B43
:108D0000180004F06BFC012370E0FEF72FF803005D
:108D1000DC243A1913603B191B68002B13D03B1954
:108D20001A68364B1100180004F058FC314B3A1900
:108D300012685A602F4B34220A2199540420FDF7FF
:108D400079FF002352E00C243B19180000F0DAFBF5
:108D50003B19BD22995C274B3C229954FDF792FFA9
:108D600003001900234B3D229954224B3C229B5C6B
:108D70001900204B3D229B5C1A00214B180004F087
:108D80002DFC1C4BFA1D12785A701A4BBA1D127822
:108D90001A73184B342200219954164B00225A653D
:108DA000144B352200219954124B3622002199543C
:108DB000104B3722002199540E4B38220021995430
:108DC0000C4B3922002199540A4B3A220021995424
:108DD000084B3B2200219954064B4E220021995406
:108DE000FDF71EFF0120FDF725FF01231800BD46FA
:108DF00039B090BDC431002034EA01084CEA0108C2
:108E000078EA010890B583B000AF786039607B687C
:108E10005B005C081249201CE8F77CFA031E1BD19A
:108E20000F49201CE7F70CFB031E15D13B685B00C4
:108E30005C080B49201CE8F76DFA031E0CD10849A9
:108E4000201CE7F7FDFA031E06D1064B7A681A616B
:108E5000044B3A685A6100E0C046BD4603B090BD7D
:108E6000FFFF7F7FC431002080B500AF024B1B7B2A
:108E70001800BD4680BDC046C431002080B500AF9B
:108E80000F4B1B78002B18D00E4B180004F0A6FBDC
:108E90000B4B342201219954094B1B78042B08D128
:108EA000FDF7BEFE0020FDF7C5FE054B00225A70FF
:108EB00004E00320FDF7BEFE00E0C046BD4680BDD5
:108EC000C431002094EA010880B500AF094B1800B6
:108ED00004F084FBF9F7AFF880231B011800FDF7BD
:108EE00051FE0420FDF7A6FE034B00225A70C04637
:108EF000BD4680BDACEA0108C431002080B500AF9A
:108F0000044B1B78023B5A425341DBB21800BD466A
:108F100080BDC046C431002090B5B7B000AF7860C6
:108F2000404B1A787B681A70FFF7E8FF03001A00BD
:108F30007B685A703B4B1B78043B5A425341DBB26F
:108F40001A007B689A70374B2D229A5C7B68DA7026
:108F5000344B2C229A5C7B681A71324B1B78013B94
:108F60005A425341DBB21A007B685A712D4B5B6841
:108F7000DB0ADBB201221340DAB27B689A71294B1B
:108F80009A697B689A60274BDA697B68DA60254BBF
:108F90001A6A7B681A61234B5A6A7B685A61214BB3
:108FA0009A6A7B689A611F4B5A687B68DA611D4B2D
:108FB0009A687B681A621B4B59787B682422995403
:108FC000184B3C22995C7B6825229954154B3D2215
:108FD000995C7B682622995408243B19180000F0FC
:108FE00091FA3B19BB22995C7B68272299540D4B5F
:108FF0002E22995C7B68282299540A4B2F22995C77
:109000007B6829229954074B1A6B7B68DA62054BFF
:109010003422995C7B6830229954C046BD4637B0F3
:1090200090BDC046C4310020B0B582B000AF7860BA
:109030007B685B005C0801231D1C0949201CE8F7C4
:1090400069F9031E07D10649201CE7F7F9F9031E49
:1090500001D100231D1CEBB21800BD4602B0B0BD0B
:10906000FFFF7F7F80B582B000AF78607B68181CFF
:10907000FFF7DAFF03001A0001235340DBB2002B95
:1090800007D000217868E7F7E5F9031E01D0012336
:1090900000E000231A1C01231340DBB21800BD4678
:1090A00002B080BD80B584B000AFF860B9607A606E
:1090B000FB68181CFFF7B8FF03001A000123534098
:1090C000DBB2002B0DD0B968F868E7F7C3F9031ECF
:1090D00007D07968F868E7F7A9F9031E01D00123E2
:1090E00000E000231A1C01231340DBB21800BD4628
:1090F00004B080BDF0B583B000AF78607B68002B12
:1091000000D1E1E17B68CF220021180004F064FC6B
:109110007B681A7800210A40111C03220A431A7046
:109120005A7800210A405A707B68BB22002199546A
:109130007B68BE22012199547B68BC22012199548D
:109140007B68BD22012199547B680233E04AFF21EC
:1091500011400C00197800200140081C211C01431B
:109160001970110AFF2001400C00597800200140BD
:10917000081C211C01435970110CFF2001400C00F8
:10918000997800200140081C211C01439970100EA1
:10919000DA7800210A40111C021C0A43DA707B684D
:1091A0000633CC4AFF2111400C0019780020014001
:1091B000081C211C01431970110AFF2001400C00FA
:1091C000597800200140081C211C01435970110CE2
:1091D000FF2001400C00997800200140081C211C50
:1091E00001439970100EDA7800210A40111C021C0C
:1091F0000A43DA707B680A33FE229205FF21114090
:109200000C00197800200140081C211C0143197032
:10921000110AFF2001400C00597800200140081C71
:10922000211C01435970110CFF2001400C0099785A
:1092300000200140081C211C01439970100EDA78AF
:1092400000210A40111C021C0A43DA707B680E33AD
:10925000A14AFF2111400C00197800200140081C90
:10926000211C01431970110AFF2001400C0059789C
:1092700000200140081C211C01435970110CFF20E3
:1092800001400C00997800200140081C211C01437A
:109290009970100EDA7800210A40111C021C0A4352
:1092A000DA707B681233FC229205FF2111400C001A
:1092B000197800200140081C211C01431970110A73
:1092C000FF2001400C00597800200140081C211C9F
:1092D00001435970110CFF2001400C0099780020C7
:1092E0000140081C211C01439970100EDA780021FE
:1092F0000A40111C021C0A43DA707B68BF227749BE
:10930000FF2008400500985C00242040041C281C15
:1093100020439854080AFF242040060098184478F7
:1093200000252C40251C341C2C434470080CFF24C1
:10933000204006009818847800252C40251C341CF9
:109340002C438470080E9B18DA7800210A40111C07
:10935000021C0A43DA707B68C3226149FF2008407F
:109360000500985C00242040041C281C20439854CD
:10937000080AFF24204006009818447800252C4055
:10938000251C341C2C434470080CFF24204006008C
:109390009818847800252C40251C341C2C4384709C
:1093A000080E9B18DA7800210A40111C021C0A439F
:1093B000DA707B68C7224B49FF2008400500985CA3
:1093C00000242040041C281C20439854080AFF2431
:1093D000204006009818447800252C40251C341C99
:1093E0002C434470080CFF24204006009818847811
:1093F00000252C40251C341C2C438470080E9B181F
:10940000DA7800210A40111C021C0A43DA707B68DA
:10941000CB222F49FF2008400500985C0024204003
:10942000041C281C20439854080AFF2420400600EE
:109430009818447800252C40251C341C2C4344707B
:10944000080CFF24204006009818847800252C4042
:10945000251C341C2C438470080E9B18DA780021DC
:109460000A40111C021C0A43DA707B68B7221E49AD
:10947000FF2008400500985C00242040041C281CA4
:1094800020439854080AFF24204006009818447886
:1094900000252C40251C341C2C434470080CFF2450
:1094A000204006009818847800252C40251C341C88
:1094B0002C438470080E9B18DA7800210A40111C96
:1094C000021C0A43DA7000E0C046BD4603B0F0BD9E
:1094D0000000C842CDCCCC3DCDCC4C3E0000F0418C
:1094E0000000C6420000A0400000A04280B500AFCE
:1094F000034B1800FFF7FEFDC046BD4680BDC046C9
:109500001C32002080B582B000AF78607B68002BF1
:1095100008D07A68054B10001900CF231A0004F018
:109520008FFA00E0C046BD4602B080BD1C3200206C
:1095300090B585B000AF78607B68002B02D1002326
:1095400000F0ABFF7B681A785B781B0213439BB279
:10955000032B12D07B681A785B781B0213439BB2F3
:10956000012B0AD07B681A785B781B0213439BB2ED
:10957000022B02D0002300F090FF7B689A78D97804
:1095800009020A43197909040A435B791B0613434C
:10959000181CFFF767FD03001A0001235340DBB2DC
:1095A000002B01D000F0E1FC7B689A79D97909029F
:1095B0000A43197A09040A435B7A1B061343181CF1
:1095C000FFF750FD03001A0001235340DBB2002BCC
:1095D00001D000F0CAFC7B689A7AD97A09020A4362
:1095E000197B09040A435B7B1B061343181CFFF716
:1095F00039FD03001A0001235340DBB2002B01D0D8
:1096000000F0B3FC7B689A7BD97B09020A43197C82
:1096100009040A435B7C1B061343181CFFF722FD59
:1096200003001A0001235340DBB2002B01D000F0ED
:109630009CFC7B689A7CD97C09020A43197D090449
:109640000A435B7D1B061343181CFFF70BFD030049
:109650001A0001235340DBB2002B01D000F085FC3F
:109660007B689A7DD97D09020A43197E09040A4361
:109670005B7E1B061343181CFFF7F4FC03001A0063
:1096800001235340DBB2002B01D000F06EFC7B685D
:109690009A7ED97E09020A43197F09040A435B7F37
:1096A0001B061343181CFFF7DDFC03001A000123FF
:1096B0005340DBB2002B01D000F057FC7B689A7F4F
:1096C000D97F09020A432021595C09040A43212158
:1096D0005B5C1B061343181CFFF7C4FC03001A0055
:1096E00001235340DBB2002B01D000F03EFC7B682D
:1096F00022229A5C2321595C09020A432421595CE5
:1097000009040A4325215B5C1B061343181CFFF761
:10971000A9FC03001A0001235340DBB2002B01D047
:1097200000F023FC7B6826229A5C2721595C090201
:109730000A432821595C09040A4329215B5C1B0662
:109740001343181CEC4AED4B191CFFF7ABFC03004C
:109750001A0001235340DBB2002B01D000F005FCBE
:109760007B682B229A5C2C21595C09020A432D212B
:10977000595C09040A432E215B5C1B061343181C29
:10978000FFF770FC03001A0001235340DBB2002BEB
:1097900001D000F0EAFB7B682F229A5C3021595CF3
:1097A00009020A433121595C09040A4332215B5CF6
:1097B0001B061343181CFFF755FC03001A00012376
:1097C0005340DBB2002B00D0CFE37B6833229A5C9E
:1097D0003421595C09020A433521595C09040A43C2
:1097E00036215B5C1B061343181CFFF73BFC030090
:1097F0001A0001235340DBB2002B00D0B5E37B6895
:1098000037229A5C3821595C09020A433921595C94
:1098100009040A433A215B5C1B061343181CFFF73B
:1098200021FC03001A0001235340DBB2002B00D0BF
:109830009BE37B683B229A5C3C21595C09020A430A
:109840003D21595C09040A433E215B5C1B0613431E
:10985000181CFFF707FC03001A0001235340DBB27A
:10986000002B00D081E37B683F229A5C4021595C49
:1098700009020A434121595C09040A4342215B5C05
:109880001B061343181CFFF7EDFB03001A0001230E
:109890005340DBB2002B00D067E37B6843229A5C25
:1098A0004421595C09020A434521595C09040A43D1
:1098B00046215B5C1B061343181CFFF7D3FB030018
:1098C0001A0001235340DBB2002B00D04DE37B682C
:1098D00047229A5C4821595C09020A434921595C94
:1098E00009040A434A215B5C1B061343181CFFF75B
:1098F000B9FB03001A0001235340DBB2002B00D058
:1099000033E37B684B229A5C4C21595C09020A4381
:109910004D21595C09040A434E215B5C1B0613432D
:10992000181CFFF79FFB03001A0001235340DBB212
:10993000002B00D019E37B684F229A5C5021595CC0
:1099400009020A435121595C09040A4352215B5C14
:109950001B061343181CFFF785FB03001A000123A5
:109960005340DBB2002B00D0FFE27B6854229A5CAC
:109970005521595C09020A435621595C09040A43DE
:1099800057215B5C1B061343181CFFF76BFB03009E
:109990001A0001235340DBB2002B00D0E5E27B68C4
:1099A00058229A5C5921595C09020A435A21595C90
:1099B00009040A435B215B5C1B061343181C4E4AD7
:1099C0004E4B191CFFF76EFB03001A000123534096
:1099D000DBB2002B00D0C8E27B685C229A5C5D2180
:1099E000595C09020A435E21595C09040A435F215C
:1099F0005B5C1B061343181C3F4A404B191CFFF7C6
:109A000051FB03001A0001235340DBB2002B00D0AE
:109A1000ABE27B6860229A5C6121595C09020A43CF
:109A20006221595C09040A4363215B5C1B061343F2
:109A3000181C314A314B191CFFF734FB03001A0084
:109A400001235340DBB2002B00D08EE27B686422FE
:109A50009A5C6521595C09020A436621595C090434
:109A60000A4367215B5C1B061343181C224A234BE5
:109A7000191CFFF717FB03001A0001235340DBB248
:109A8000002B00D071E27B6868229A5C6921595CE6
:109A900009020A436A21595C09040A436B215B5C91
:109AA0001B061343181C144A144B191CFFF7FAFA2F
:109AB00003001A0001235340DBB2002B00D054E214
:109AC0007B686C229A5C6D21595C09020A436E2105
:109AD000595C09040A436F215B5C1B061343181C85
:109AE000FFF7C0FA03001A0001235340DBB2002B3A
:109AF00000D03AE204E0C04600004843000048C2FB
:109B00007B6870229A5C7121595C09020A437221B8
:109B1000595C09040A4373215B5C1B061343181C40
:109B2000FFF7A0FA03001A0001235340DBB2002B19
:109B300000D01AE27B6874229A5C7521595C090294
:109B40000A437621595C09040A4377215B5C1B06B2
:109B50001343181CFFF786FA03001A000123534031
:109B6000DBB2002B00D000E27B6878229A5C79217E
:109B7000595C09020A437A21595C09040A437B2192
:109B80005B5C1B061343181CFFF76CFA03001A00FA
:109B900001235340DBB2002B00D0E6E17B687D223D
:109BA0009A5C7E21595C09020A437F21595C0904B1
:109BB0000A4380215B5C1B061343181CEC4A0023FC
:109BC000191CFFF76FFA03001A0001235340DBB2A0
:109BD000002B00D0C9E17B6881229A5C8221595C0C
:109BE00009020A438321595C09040A4384215B5C0E
:109BF0001B061343181CDE4A0023191CFFF752FAF8
:109C000003001A0001235340DBB2002B00D0ACE16B
:109C10007B6885229A5C8621595C09020A43872168
:109C2000595C09040A4388215B5C1B061343181C1A
:109C3000CF4A0023191CFFF735FA03001A0001234D
:109C40005340DBB2002B00D08FE17B6889229A5C05
:109C50008A21595C09020A438B21595C09040A4391
:109C60008C215B5C1B061343181CC14A0023191C82
:109C7000FFF718FA03001A0001235340DBB2002B50
:109C800000D072E17B688D229A5C8E21595C0902BA
:109C90000A438F21595C09040A4390215B5C1B062F
:109CA0001343181CB24A0023191CFFF7FBF90300E9
:109CB0001A0001235340DBB2002B00D055E17B6832
:109CC00091229A5C9221595C09020A439321595CC2
:109CD00009040A4394215B5C1B061343181CA44A25
:109CE0000023191CFFF7DEF903001A00012353407B
:109CF000DBB2002B00D038E17B6895229A5C96217C
:109D0000595C09020A439721595C09040A439821C6
:109D10005B5C1B061343181CFFF7A4F903001A0031
:109D200001235340DBB2002B00D01EE17B68992257
:109D30009A5C9A21595C09020A439B21595C0904E7
:109D40000A439C215B5C1B061343181CFFF78AF92E
:109D500003001A0001235340DBB2002B00D004E1C2
:109D60007B689D229A5C9E21595C09020A439F21CF
:109D7000595C09040A43A0215B5C1B061343181CB1
:109D8000FFF770F903001A0001235340DBB2002BE8
:109D900000D0EAE07B68A1229A5CA221595C09020A
:109DA0000A43A321595C09040A43A4215B5C1B06F6
:109DB0001343181CFFF756F903001A000123534000
:109DC000DBB2002B00D0D0E07B68A6229A5CA721F2
:109DD000595C09020A43A821595C09040A43A921D4
:109DE0005B5C1B061343181CFFF73CF903001A00C9
:109DF00001235340DBB2002B00D0B6E07B68AF22DA
:109E00009A5CB021595C09020A43B121595C0904EA
:109E10000A43B2215B5C1B061343181C554A564B80
:109E2000191CFFF73FF903001A0001235340DBB26E
:109E3000002B00D099E07B68B3229A5CB421595C76
:109E400009020A43B521595C09040A43B6215B5C47
:109E50001B061343181CFFF705F903001A00012322
:109E60005340DBB2002B00D07FE07B68B7229A5CC6
:109E7000B821595C09020A43B921595C09040A4313
:109E8000BA215B5C1B061343181C394A0023191CBA
:109E9000FFF708F903001A0001235340DBB2002B3F
:109EA00063D17B68BF229A5CC021595C09020A43D6
:109EB000C121595C09040A43C2215B5C1B061343A0
:109EC000181CFFF7CFF803001A0001235340DBB240
:109ED000002B4AD17B68C3229A5CC421595C0902D9
:109EE0000A43C521595C09040A43C6215B5C1B0671
:109EF0001343181CFFF7B6F803001A000123534060
:109F0000DBB2002B31D17B68C7229A5CC821595C37
:109F100009020A43C921595C09040A43CA215B5C4E
:109F20001B061343181CFFF79DF803001A000123BA
:109F30005340DBB2002B18D17B68CB229A5CCC213A
:109F4000595C09020A43CD21595C09040A43CE2118
:109F50005B5C1B061343181CFFF784F803001A0010
:109F600001235340DBB2002B08D0002395E2C0460A
:109F70000000C84200004843000048C27B689A7A4B
:109F8000D97A09020A43197B09040A435B7B1B0641
:109F90001343181C7B689A79D97909020A43197A04
:109FA00009040A435B7A1B061343191CE6F734FACB
:109FB000031E00D001E27B68C3229A5CC421595C75
:109FC00009020A43C521595C09040A43C6215B5CA6
:109FD0001B061343181C7B68BF229A5CC021595C86
:109FE00009020A43C121595C09040A43C2215B5C8E
:109FF0001B061343191CE6F70FFA031E00D0DCE121
:10A000007B68CB229A5CCC21595C09020A43CD21A2
:10A01000595C09040A43CE215B5C1B061343181CE0
:10A020007B68C7229A5CC821595C09020A43C9218E
:10A03000595C09040A43CA215B5C1B061343191CC3
:10A04000E6F7EAF9031E00D0B7E17B6885229A5C47
:10A050008621595C09020A438721595C09040A4395
:10A0600088215B5C1B061343181C7B6881229A5C69
:10A070008221595C09020A438321595C09040A437D
:10A0800084215B5C1B061343191CE6F7C5F9031E0C
:10A0900000D092E17B6889229A5C8A21595C09028E
:10A0A0000A438B21595C09040A438C215B5C1B0623
:10A0B0001343181C7B6885229A5C8621595C09022F
:10A0C0000A438721595C09040A4388215B5C1B060B
:10A0D0001343191CE6F7A0F9031E00D06DE17B685D
:10A0E0008D229A5C8E21595C09020A438F21595CAA
:10A0F00009040A4390215B5C1B061343181C7B6810
:10A1000089229A5C8A21595C09020A438B21595C95
:10A1100009040A438C215B5C1B061343191CE6F7F8
:10A120007BF9031E00D048E17B6891229A5C922162
:10A13000595C09020A439321595C09040A4394219A
:10A140005B5C1B061343181C7B688D229A5C8E2176
:10A15000595C09020A438F21595C09040A43902182
:10A160005B5C1B061343191CE6F756F9031E00D06F
:10A1700023E17B6833229A5C3421595C09020A434B
:10A180003521595C09040A4336215B5C1B061343E5
:10A19000181C7B682F229A5C3021595C09020A4303
:10A1A0003121595C09040A4332215B5C1B061343CD
:10A1B000191CE6F731F9031E00D0FEE07B68372258
:10A1C0009A5C3821595C09020A433921595C090417
:10A1D0000A433A215B5C1B061343181C7B6833223D
:10A1E0009A5C3421595C09020A433521595C0904FF
:10A1F0000A4336215B5C1B061343191CE6F70CF976
:10A20000031E00D0D9E07B683B229A5C3C21595C5C
:10A2100009020A433D21595C09040A433E215B5C63
:10A220001B061343181C7B6837229A5C3821595C43
:10A2300009020A433921595C09040A433A215B5C4B
:10A240001B061343191CE6F7E7F8031E00D0B4E021
:10A250007B683F229A5C4021595C09020A434121F4
:10A26000595C09040A4342215B5C1B061343181C1A
:10A270007B683B229A5C3C21595C09020A433D21E0
:10A28000595C09040A433E215B5C1B061343191CFD
:10A29000E6F7C2F8031E00D08FE07B685C229A5C70
:10A2A0005D21595C09020A435E21595C09040A4395
:10A2B0005F215B5C1B061343181C7B6858229A5C69
:10A2C0005921595C09020A435A21595C09040A437D
:10A2D0005B215B5C1B061343191CE6F79DF8031E0C
:10A2E0006BD17B6860229A5C6121595C09020A4348
:10A2F0006221595C09040A4363215B5C1B0613431A
:10A30000181C7B685C229A5C5D21595C09020A4337
:10A310005E21595C09040A435F215B5C1B06134301
:10A32000191CE6F779F8031E47D17B6864229A5C12
:10A330006521595C09020A436621595C09040A43F4
:10A3400067215B5C1B061343181C7B6860229A5CC8
:10A350006121595C09020A436221595C09040A43DC
:10A3600063215B5C1B061343191CE6F755F8031EBB
:10A3700023D17B6868229A5C6921595C09020A43EF
:10A380006A21595C09040A436B215B5C1B06134379
:10A39000181C7B6864229A5C6521595C09020A4397
:10A3A0006621595C09040A4367215B5C1B06134361
:10A3B000191CE6F731F8031E01D000236DE07B681D
:10A3C000BD229B5C002B04D07B68BD229B5C082BCC
:10A3D00001D9002361E07B68BB229B5C012B01D982
:10A3E00000235AE07B68BE229B5C042B01D900232A
:10A3F00053E02C4A7B6810001900CF231A0003F0A9
:10A400001FFB0F217B1800221A707B68BE229B5C09
:10A41000042B10D014DC032B08D011DC012B0AD044
:10A42000022B0DD17B1801221A700EE00F23FB18AE
:10A4300002221A7009E00F23FB1803221A7004E0AD
:10A440000F23FB1800221A70C0460F22BB181B787E
:10A45000002B21D0BB181B781800F7F7EFFCF7F79B
:10A4600057FD0E23FB1800221A700DE00E243B1935
:10A470001B780133DBB200211800F7F75EFD3B19B2
:10A480001A783B1901321A707B68BD229B5C0E2240
:10A49000BA1812789A42E9D301231800BD4605B0D4
:10A4A00090BDC0461C32002080B586B000AF7860F9
:10A4B000396001235B427B6100233B6127E07A68BE
:10A4C0003B69D3181B781A007B6953407B610F23CB
:10A4D000FB1800221A7012E07B690122134005D09C
:10A4E0007B695B080F4A53407B6102E07B695B0834
:10A4F0007B610F217B181A787B1801321A700F23A9
:10A50000FB181B78072BE7D93B6901333B613A699C
:10A510003B689A42D3D37B69DB431800BD4606B043
:10A5200080BDC0462083B8ED80B584B000AF7860B0
:10A530007B681A78597809020A43997809040A4312
:10A54000DB781B0613431A001A4B9A4201D00023F2
:10A550002CE07B681A795B791B0213439BB2012BB9
:10A5600001D0002322E07B689A79DB791B02134338
:10A570009BB2CF2B01D0002318E07B680C33CF2196
:10A580001800FFF791FF0300FB607B681A7A597A85
:10A5900009020A43997A09040A43DB7A1B0613432A
:10A5A0001A00FB689B1A5A425341DBB21800BD46A1
:10A5B00004B080BD4746434380B584B000AF7860A7
:10A5C00039600023FB600AE07A68FB68D3181B78C7
:10A5D000FF2B01D0002307E0FB680133FB60FA6822
:10A5E0003B689A42F0D301231800BD4604B080BDF9
:10A5F00080B582B000AF0F4B3B6000237B600DE065
:10A600003A687B68D318E0211800FFF7D5FF031ED6
:10A6100001D07B6809E07B68E0337B607A68E423E3
:10A62000DB009A42ECD901235B421800BD4602B020
:10A6300080BDC04600F8010880B584B000AF7860E6
:10A6400039603B68064A94466344FB60F9687B685E
:10A65000DB22180003F0F4F9C046BD4604B080BD0B
:10A6600000F80108B0B5BCB000AF786039600123D4
:10A670005B42EC22BA1813600023E822BA18136078
:10A6800019E0E8243B191A680C257B191100180001
:10A69000FFF7D2FF7B191800FFF746FF031E04D017
:10A6A0003B191B68EC22BA181360E822BB181B6820
:10A6B000E033BA181360E823FB181A68E423DB00C0
:10A6C0009A42DED9EC23FB181B68002B01DA002329
:10A6D00018E0EC243B191A680C257B1911001800AE
:10A6E000FFF7AAFF7A687B1910000C33CF221900FC
:10A6F00003F0A6F93B68002B03D03B191A683B68AE
:10A700001A6001231800BD463CB0B0BD90B5B7B08B
:10A7100000AF00237B603A1D08243B19110018008C
:10A72000FFF7A0FF031E0AD07A68094B110018003A
:10A7300002F054FF3B191800FEF7FAFE03E0054B48
:10A74000180002F04BFFC046BD4637B090BDC04672
:10A75000C4EA0108F8EA010890B5F3B000AF7860E8
:10A76000E8243B193D4A1A603B1901229A803B19A3
:10A77000CF22DA807B68CF211800FFF795FE020018
:10A780003B199A603B197A680C331100CF221800EC
:10A7900003F056F9FFF72CFF0300E2225200B9182C
:10A7A0000B60BB181B68002B19DA2D4B180002F048
:10A7B00015FF2C4B1800F5F711FD03001A000123BB
:10A7C0005340DBB2002B05D0274B180002F006FFE8
:10A7D00000233EE00023E2225200BA181360E22375
:10A7E0005B00FB181B681F4A94466344E822B918B3
:10A7F000E0221800F5F746FD03001A00012353403C
:10A80000DBB2002B05D0194B180002F0E7FE002345
:10A810001FE0E2235B00FB181A680C243B191100AF
:10A820001800FFF709FF3B191800FFF77DFE030032
:10A830001A0001235340DBB2002B05D00C4B18004B
:10A8400002F0CCFE002304E00A4B180002F0C6FE22
:10A8500001231800BD4673B090BDC0464746434330
:10A8600024EB010800F8010850EB010874EB010823
:10A8700098EB0108C4EB010880B5B4B000AF3B0011
:10A880001800FEF73FFE3B00BB229B5C012B17D15B
:10A890003B00C3229A5CC4215B581B021B0A1B02AB
:10A8A00013431A1C0D4B1A603B00CB229A5CCC213F
:10A8B0005B581B021B0A1B0213431A1C084B1A602D
:10A8C000064B1B68181CF7F75CFB054B1B68181C34
:10A8D000F7F76FFBC046BD4634B080BDEC320020B8
:10A8E0000001002080B584B000AF78600A00BB1C76
:10A8F0001A800F23FB1800221A700C23FB18002269
:10A900001A8038E00C23FB181B887A68D318197852
:10A910000F22BB18BA1812784A401A700B23FB1882
:10A9200000221A701CE00F22BB181B785BB2002BB0
:10A9300008DABB181B785B005BB2072253405BB29E
:10A94000DBB204E00F23FB181B78DB18DBB20F220D
:10A95000BA1813700B217B181A787B1801321A7001
:10A960000B23FB181B78072BDDD90C217B181A88C9
:10A970007B1801321A800C23FA18BB1C12881B8822
:10A980009A42BFD30F23FB181B781800BD4604B0B2
:10A9900080BD0000B0B584B000AF39601100FB1D70
:10A9A000021C1A70BB1D0A1C1A700E23FB18002211
:10A9B0001A800D23FB1800221A7072B6C0464F4B46
:10A9C0001B78DBB20F2B10D94D4B1B78DBB2013358
:10A9D000DBB20F221340DAB2494B1A70474B1B7897
:10A9E000DBB2013BDAB2454B1A70464B1B78DBB247
:10A9F0001A0013009B019B185B009B185B00424AE6
:10AA00009B18BB600E243B191B883A19591C1180F6
:10AA10001A00BB689B18AA229A703B191B883A1926
:10AA2000591C11801A00BB689B1855229A703B195B
:10AA30001B883A19591C11801A00BB689B18FA1D13
:10AA400012789A703B191B883A19591C11801A0008
:10AA5000BB689B18BA1D12789A70BB1D1B78002B1F
:10AA600015D03B68002B12D03B191B88BA68D3184D
:10AA7000981CBB1D1A783B68190002F0E1FFBB1D52
:10AA80001B7899B23B193A1912888A181A80BB6848
:10AA9000181DBB1D1B789BB2023399B20E257B1982
:10AAA0001B887A195C1C14801C00FFF71BFF030035
:10AAB0001A00BB681B199A70BB687A1912881A8031
:10AAC000104B1B78DBB20133DBB20F221340DAB23A
:10AAD0000C4B1A70094B1B78DBB20133DAB2074B0F
:10AAE0001A700D217B1801221A7062B6C0467B18BD
:10AAF0001B781800BD4604B0B0BDC04652430020CC
:10AB00005043002051430020F032002080B582B035
:10AB100000AF39601100FB1D021C1A70BB1D0A1C1E
:10AB20001A70BB1D1A783968FB1D1B781800FFF7D7
:10AB300031FFC046BD4602B080BD000090B583B075
:10AB400000AF6F4AAF239B00D3587B607B68002B1C
:10AB500000D1D0E072B6C0466A4B1B78DBB2002B46
:10AB600005D17A6885239B00D358002B42D0F5F796
:10AB70006BFC0200644B1B68D31A322B37D9634B32
:10AB80001B78DBB21A00791C614813009B019B18EB
:10AB90005B009B185B00C31804331B780B707A684A
:10ABA00085239B000021D150564B00221A70594B2F
:10ABB0001B78DBB2002B10D0544B1B78DBB2013377
:10ABC000DBB20F221340DAB2504B1A70514B1B7894
:10ABD000DBB2013BDAB24F4B1A7062B6C0467B1C47
:10ABE0001A784D4B1100180002F0F8FC84E062B6B0
:10ABF000C04681E0474B1B78DBB2002B02D162B626
:10AC0000C04679E0FB1C414A12781A703D4B012284
:10AC10001A70F5F719FC02003B4B1A6062B6C04689
:10AC2000FB1C1A7813009B019B185B009B185B00B0
:10AC3000374A9B18981CFB1C1A78354913009B0156
:10AC40009B185B009B185B005B5ABC1C1900F3F758
:10AC500051F803002370BB1C1B78002B26D172B661
:10AC6000C0462E4B1B685A1C2C4B1A6062B6C0465D
:10AC7000FB1C1A78264913009B019B185B009B184C
:10AC80005B00CB1804331B781800FB1C1A78204992
:10AC900013009B019B185B009B185B005B5A1A001A
:10ACA0001F4B0100180002F099FC25E072B6C04667
:10ACB000144B00221A70BB1C1B78012B04D1194BBA
:10ACC0001B685A1C174B1A6062B6C046BB1C18782A
:10ACD000FB1C1A780E4913009B019B185B009B1804
:10ACE0005B00CB1804331B781A000F4B01001800CF
:10ACF00002F074FC00E0C046BD4603B090BDC04603
:10AD00001C020020534300206044002050430020D8
:10AD1000F032002052430020F0EB0108584300209D
:10AD200020EC01085443002040EC010880B500AF3E
:10AD300072B6C046124B1B78DBB2002B04D0114B0D
:10AD40001B78DBB2002B02D162B6C04615E00E4B79
:10AD50001B78DBB20133DBB20F221340DAB20A4BAD
:10AD60001A70084B1B78DBB2013BDAB2054B1A7044
:10AD7000034B00221A7062B6C046BD4680BDC04675
:10AD800053430020524300205043002080B500AFC1
:10AD900072B6C0460F4AAF239B00D358002B07D092
:10ADA0000C4AAF239B00D25885239B000021D15031
:10ADB000094B00221A70094B00221A70084B00221E
:10ADC0001A70084B00221A7062B6C046C046BD46D3
:10ADD00080BDC0461C02002050430020514300208B
:10ADE000524300205343002080B582B000AF0200E0
:10ADF000FB1D1A70FB1D012219008220FFF786FE41
:10AE0000C046BD4602B080BD80B584B000AF020030
:10AE1000FB1D1A70BB1D0A1C1A700C217B18FA1D31
:10AE200012781A707B18BA1D12785A707B18022299
:10AE300019008320FFF76AFEC046BD4604B080BDFE
:10AE400080B584B000AF78607B681A780C217B18DD
:10AE50001A707B6801331A787B185A707B6802334A
:10AE60001A787B189A707B6803331A787B18DA702B
:10AE7000FB68181CBD4604B080BD80B582B000AF31
:10AE800002003960FB1D1A703B68FA1D12781A70B7
:10AE9000C046BD4602B080BD80B582B000AF7860CC
:10AEA00039607B68DAB23B681A707B681A0A3B68C3
:10AEB0000133D2B21A707B681A0C3B680233D2B2EB
:10AEC0001A707B681A0E3B680333D2B21A70C04600
:10AED000BD4602B080BD80B584B000AF78603960F7
:10AEE0007B68FB600C217B181A783B681A703B6802
:10AEF00001337A1852781A703B6802337A189278C4
:10AF00001A703B6803337A18D2781A70C046BD466F
:10AF100004B080BD90B585B000AF040008001100FA
:10AF20003B60FB1D221C1A703B1D021C1A80BB1DBE
:10AF30000A1C1A702023FB181B78042B01D900234C
:10AF400048E008217B18FA1D12781A703B1D1B88F7
:10AF50001B0A9BB2DAB27B185A703B1D1B88DAB20F
:10AF60007B189A707B18BA1D1278DA7020203B1873
:10AF70001B78002B22D03B681A787B181A713B187B
:10AF80001B78012B04D93B6801331A787B185A715E
:10AF90002023FB181B78022B05D93B6802331A7853
:10AFA0000823FB189A712023FB181B78032B05D963
:10AFB0003B6803331A780823FB18DA712023FB1847
:10AFC0001B780433DAB20823FB1819008520FFF739
:10AFD0009DFD01231800BD4605B090BD90B5A1B000
:10AFE00002AF0200FB1D1A703B1D0A1C1A801024C0
:10AFF0003A19FB1D1B7811001800F7F7A8F8030099
:10B000001A0001235340DBB2002B06D13B199B7879
:10B0100001225340DBB2002B01D000233AE13B1D5B
:10B020001B8882225200934200DD32E1FF2B09DCB3
:10B03000482B00D19FE000DD2BE10B2B14DC002B13
:10B040000ADC26E1013BFF3B042B00D921E19A00F9
:10B05000924BD3181B689F460B2B00D919E19A001D
:10B060008F4BD3181B689F46402B6ED011E11023E5
:10B07000FB189B680C243A191100181CFFF72BFFD2
:10B080003A193B1D1988FB1D1878042300931300FF
:10B090000122FFF73FFF0300FCE01023FB18DB68F1
:10B0A0000C243A191100181CFFF715FF3A193B1D23
:10B0B0001988FB1D18780423009313000122FFF761
:10B0C00029FF0300E6E01023FB181B690C243A1942
:10B0D0001100181CFFF7FFFE3A193B1D1988FB1DD4
:10B0E00018780423009313000122FFF713FF0300D5
:10B0F000D0E01023FB185B690C243A191100181CCE
:10B10000FFF7E9FE3A193B1D1988FB1D1878042347
:10B11000009313000122FFF7FDFE0300BAE01023A5
:10B12000FB189B690C243A191100181CFFF7D3FE79
:10B130003A193B1D1988FB1D18780423009313004E
:10B140000122FFF7E7FE0300A4E01023FB181B6CAD
:10B150000C243A1911001800FFF79EFE3A193B1D06
:10B160001988FB1D18780423009313000222FFF7AF
:10B17000D1FE03008EE01023FB185B6B0C243A1900
:10B1800011001800FFF788FE3A193B1D1988FB1DB6
:10B1900018780423009313000222FFF7BBFE03007C
:10B1A00078E01023FB185B790C243A191100180081
:10B1B000FFF763FE3A193B1D1988FB1D1878012320
:10B1C000009313000322FFF7A5FE030062E01023A3
:10B1D000FB18DB78002B01D0012300E000230C24B6
:10B1E0003A1911001800FFF748FE3A193B1D19885B
:10B1F000FB1D18780123009313000322FFF78AFE3A
:10B20000030047E01023FB181B79002B01D001231A
:10B2100000E000230C243A1911001800FFF72DFE5E
:10B220003A193B1D1988FB1D187801230093130060
:10B230000322FFF76FFE03002CE01023FB181B789E
:10B240000C243A1911001800FFF717FE3A193B1D9C
:10B250001988FB1D18780123009313000322FFF7C0
:10B2600059FE030016E01023FB185B780C243A19F2
:10B2700011001800FFF701FE3A193B1D1988FB1D4C
:10B2800018780123009313000322FFF743FE030005
:10B2900000E000231800BD461FB090BDC0F60108B5
:10B2A000D4F6010890B589B000AF39601100FB1DDC
:10B2B000021C1A70BB1D0A1C1A701F23FB180022E7
:10B2C0001A70FB1D1B78092B00D97FE19A00D24B25
:10B2D000D3181B689F46FDF711FE031E0FD0FDF724
:10B2E000C3FD03001A0001235340DBB2002B06D03C
:10B2F000FB1D1B7805211800FFF786FDA0E1BB1D93
:10B300001B78042B06D0FB1D1B7803211800FFF7C8
:10B310007BFD95E13B681800FFF792FD031C3B6144
:10B320003B695B005C08BD49201CE5F7F3FF031E89
:10B3300005D1BA49201CE5F783F8031E06D0FB1D92
:10B340001B7805211800FFF75FFD79E1B44B3A69DE
:10B350001A60B34B1A68B34B1B68191C101CFDF71D
:10B3600051FDAF4B1B68181CF6F70BFE1F23FB1893
:10B3700001221A7044E1FDF7C1FD031E0FD0FDF755
:10B3800073FD03001A0001235340DBB2002B06D0EB
:10B39000FB1D1B7805211800FFF736FD50E1BB1D92
:10B3A0001B78042B06D0FB1D1B7803211800FFF728
:10B3B0002BFD45E13B681800FFF742FD031C7B6154
:10B3C0007B695B005C089549201CE5F7A3FF031E21
:10B3D00005D19249201CE5F733F8031E06D0FB1D6A
:10B3E0001B7805211800FFF70FFD29E18D4B7A69C5
:10B3F0001A608B4B1A688B4B1B68191C101CFDF7CD
:10B4000001FD884B1B68181CF6F7D3FD1F23FB18A2
:10B4100001221A70F4E01E217B1800221A70BB1D55
:10B420001B78002B03D07B183A6812781A7000231F
:10B43000FB600C23FB181800FDF73EFC03001A000C
:10B4400001235340DBB2002B06D0FB1D1B780521E6
:10B450001800FFF7D9FCF3E01E23FB181B785A1ED7
:10B460009341DBB219000120FDF73CFC031E07D01D
:10B470006D4B01221A701F23FB1801221A70BFE0C6
:10B48000FB1D1B7805211800FFF7BEFCB8E0FDF797
:10B49000F5FC654B00221A701F23FB1801221A705D
:10B4A000AEE0FDF711FD604B00221A701F23FB1860
:10B4B00001221A70A4E0BB1D1B78012B06D0FB1DD6
:10B4C0001B7803211800FFF79FFCB9E03B681B784D
:10B4D0001800F6F7B3FC03001A0001235340DBB257
:10B4E000002B06D0FB1D1B7805211800FFF78CFCF4
:10B4F000A6E0F6F70DFD1F23FB1801221A707FE06E
:10B50000BB1D1B78022B06D0FB1D1B7803211800E6
:10B51000FFF77AFC94E0F6F7D9FC031E06D1FB1D79
:10B520001B7805211800FFF76FFC89E03B681A784B
:10B530003B6801331B7819001000F6F7FEFC031E70
:10B5400006DAFB1D1B7805211800FFF75DFC77E08C
:10B55000FFF792F91F23FB1801221A7050E0BB1D60
:10B560001B78032B06D0FB1D1B7803211800FFF767
:10B570004BFC65E01D217B183A6812781A703B6815
:10B5800001331B781B021AB23B6802331B781BB2D3
:10B5900013431AB21A203B181A803B181A887B18DA
:10B5A0001B7811001800FFF719FD03001A00012392
:10B5B0005340DBB2002B40D0FB1D1B780521180047
:10B5C000FFF722FC3CE000F0FDF839E0FB1D1B78A2
:10B5D0000F2B0ED9FB1D1B781A2B0AD8BB1D1B780D
:10B5E0009AB23968FB1D1B78180001F08FFB031E0F
:10B5F00025D1FB1D1B7802211800FFF705FC1FE079
:10B600001F23FB181B78002B10D0FB1D1B78180084
:10B61000FFF7EAFB14E0C04604F70108FFFF7F7F55
:10B62000EC32002000010020EB320020FB1D1B78D3
:10B6300004211800FFF7E8FB02E0C04600E0C04626
:10B64000BD4609B090BDC046B0B5C4B000AF020061
:10B65000544B882149005B18DB191A70524B1B7838
:10B66000052B00D99AE09A00504BD3181B689F46CF
:10B670004C4B882252009B18DB191B78AA2B00D058
:10B6800089E0494B01221A7085E0464B882252001E
:10B690009B18DB191B78552B01D1022200E00022F8
:10B6A000414B1A707AE0424B3E4A882149005218B9
:10B6B000D21912781A703C4B03221A706EE03D4B7F
:10B6C000384A882149005218D21912781A703A4B18
:10B6D00000221A70374B1B78002B03D1324B052206
:10B6E0001A705BE0304B04221A7057E0324B1B7823
:10B6F0005A1CD1B2304A11701900304B294A8820A7
:10B7000040001218D21912785A542B4B1A78294B30
:10B710001B789A4241D3244B05221A703DE0244BFA
:10B720001A78274B882464001B19DB191A70214BE7
:10B730001A78234B1B19DB195A701E4B1B781A0001
:10B740001E490C257B190233180002F079F9194BB8
:10B750001B7802339AB27B1911001800FFF7C2F868
:10B7600003001A000F4B1B19DB191B78934208D1F9
:10B770000F4B18780F4B1A78104B1900FFF792FDFA
:10B7800005E00B4B1B7801211800FFF73DFB064B32
:10B7900000221A7002E0C04600E0C046C046BD4626
:10B7A00044B0B0BDF7FEFFFF5C4300202CF701085A
:10B7B0005D4300205E4300205F4300206043002083
:10B7C000FCFEFFFF80B582B000AF80239B027B6050
:10B7D0003B1D042219008420FFF798F9C046BD469E
:10B7E00002B080BD80B582B000AF39601100FB1D92
:10B7F000021C1A703B1D0A1C1A803B1D1B88FF2B64
:10B8000002D93B1DFF221A803B1D1B88DAB2396822
:10B81000FB1D1B781800FFF779F9C046BD4602B042
:10B8200080BD80B500AFFDF769FB03001800BD4681
:10B8300080BD000080B500AF054B00221A70054B9B
:10B8400000221A60044B00221A70C046BD4680BD1B
:10B8500064440020684400206C440020B0B500AF70
:10B86000104B01221A70104B00221A70EBF77EF970
:10B8700002000E4B1A600E4B180001F0AFFEF6F7F7
:10B880002FFB0400F6F722FB03001D00F6F747FC30
:10B89000030008482A00210001F0A0FEC046BD4672
:10B8A000B0BDC046644400206C44002068440020C1
:10B8B00064EC010890EC010880B500AF044B002255
:10B8C0001A70044B180001F089FEC046BD4680BDC9
:10B8D00064440020C0EC0108B0B59EB000AF020087
:10B8E0003960FB1D1A700C23FA18FB1D1B78110020
:10B8F0001800F6F72CFC03001A0001235340DBB2BA
:10B90000002B02D0002300F03AFC3B687B677B6F82
:10B910007B220021180002F05FF87B6FFA1D12787D
:10B920001A7001F025FE03001A007B6F5A700C2379
:10B93000FB189B78002B01D0012200E000227B6FD6
:10B940009A700C23FB18DB78002B01D0012200E059
:10B9500000227B6FDA700C23FB181B79002B01D0BF
:10B96000012200E000227B6F1A710C257B195A79A5
:10B970007B6F5A717B199A687B6F0633FF211140E8
:10B980000C00197800200140081C211C014319708B
:10B99000110AFF2001400C00597800200140081CCA
:10B9A000211C01435970110CFF2001400C009978B3
:10B9B00000200140081C211C01439970100EDA7808
:10B9C00000210A40111C021C0A43DA707B19DA6854
:10B9D0007B6F0A33FF2111400C00197800200140D1
:10B9E000081C211C01431970110AFF2001400C00A2
:10B9F000597800200140081C211C01435970110C8A
:10BA0000FF2001400C00997800200140081C211CF7
:10BA100001439970100EDA7800210A40111C021CB3
:10BA20000A43DA707B191A697B6F0E33FF211140CC
:10BA30000C00197800200140081C211C01431970DA
:10BA4000110AFF2001400C00597800200140081C19
:10BA5000211C01435970110CFF2001400C00997802
:10BA600000200140081C211C01439970100EDA7857
:10BA700000210A40111C021C0A43DA707B195A6922
:10BA80007B6F1233FF2111400C0019780020014018
:10BA9000081C211C01431970110AFF2001400C00F1
:10BAA000597800200140081C211C01435970110CD9
:10BAB000FF2001400C00997800200140081C211C47
:10BAC00001439970100EDA7800210A40111C021C03
:10BAD0000A43DA707B199A697B6F1633FF21114094
:10BAE0000C00197800200140081C211C014319702A
:10BAF000110AFF2001400C00597800200140081C69
:10BB0000211C01435970110CFF2001400C00997851
:10BB100000200140081C211C01439970100EDA78A6
:10BB200000210A40111C021C0A43DA707B19DA69F1
:10BB30007B6F1A33FF2111400C001978002001405F
:10BB4000081C211C01431970110AFF2001400C0040
:10BB5000597800200140081C211C01435970110C28
:10BB6000FF2001400C00997800200140081C211C96
:10BB700001439970100EDA7800210A40111C021C52
:10BB80000A43DA707B191A6A7B6F1E33FF2111405A
:10BB90000C00197800200140081C211C0143197079
:10BBA000110AFF2001400C00597800200140081CB8
:10BBB000211C01435970110CFF2001400C009978A1
:10BBC00000200140081C211C01439970100EDA78F6
:10BBD00000210A40111C021C0A43DA707B195A6AC0
:10BBE0007B6F2233FF2111400C00197800200140A7
:10BBF000081C211C01431970110AFF2001400C0090
:10BC0000597800200140081C211C01435970110C77
:10BC1000FF2001400C00997800200140081C211CE5
:10BC200001439970100EDA7800210A40111C021CA1
:10BC30000A43DA707B199A6A7B6F2633FF21114021
:10BC40000C00197800200140081C211C01431970C8
:10BC5000110AFF2001400C00597800200140081C07
:10BC6000211C01435970110CFF2001400C009978F0
:10BC700000200140081C211C01439970100EDA7845
:10BC800000210A40111C021C0A43DA707B19DA6A8F
:10BC90007B6F2A33FF2111400C00197800200140EE
:10BCA000081C211C01431970110AFF2001400C00DF
:10BCB000597800200140081C211C01435970110CC7
:10BCC000FF2001400C00997800200140081C211C35
:10BCD00001439970100EDA7800210A40111C021CF1
:10BCE0000A43DA707B191A6B7B6F2E33FF211140E8
:10BCF0000C00197800200140081C211C0143197018
:10BD0000110AFF2001400C00597800200140081C56
:10BD1000211C01435970110CFF2001400C0099783F
:10BD200000200140081C211C01439970100EDA7894
:10BD300000210A40111C021C0A43DA707B195A6B5D
:10BD40007B6F3233FF2111400C0019780020014035
:10BD5000081C211C01431970110AFF2001400C002E
:10BD6000597800200140081C211C01435970110C16
:10BD7000FF2001400C00997800200140081C211C84
:10BD800001439970100EDA7800210A40111C021C40
:10BD90000A43DA707B199A6B7B6F3633FF211140AF
:10BDA0000C00197800200140081C211C0143197067
:10BDB000110AFF2001400C00597800200140081CA6
:10BDC000211C01435970110CFF2001400C0099788F
:10BDD00000200140081C211C01439970100EDA78E4
:10BDE00000210A40111C021C0A43DA707B19DA6B2D
:10BDF0007B6F3A33FF2111400C001978002001407D
:10BE0000081C211C01431970110AFF2001400C007D
:10BE1000597800200140081C211C01435970110C65
:10BE2000FF2001400C00997800200140081C211CD3
:10BE300001439970100EDA7800210A40111C021C8F
:10BE40000A43DA707B191A6C7B6F3E33FF21114075
:10BE50000C00197800200140081C211C01431970B6
:10BE6000110AFF2001400C00597800200140081CF5
:10BE7000211C01435970110CFF2001400C009978DE
:10BE800000200140081C211C01439970100EDA7833
:10BE900000210A40111C021C0A43DA707B195A6CFB
:10BEA0007B6F4233FF2111400C00197800200140C4
:10BEB000081C211C01431970110AFF2001400C00CD
:10BEC000597800200140081C211C01435970110CB5
:10BED000FF2001400C00997800200140081C211C23
:10BEE00001439970100EDA7800210A40111C021CDF
:10BEF0000A43DA707B194822995C7B6F4622995479
:10BF00007B1919787B6F472299547B1959787B6F7D
:10BF1000482299547B19DA6C7B6F4933FF21114019
:10BF20000C00197800200140081C211C01431970E5
:10BF3000110AFF2001400C00597800200140081C24
:10BF4000211C01435970110CFF2001400C0099780D
:10BF500000200140081C211C01439970100EDA7862
:10BF600000210A40111C021C0A43DA707B191A6D69
:10BF70007B6F4D33FF2111400C00197800200140E8
:10BF8000081C211C01431970110AFF2001400C00FC
:10BF9000597800200140081C211C01435970110CE4
:10BFA000FF2001400C00997800200140081C211C52
:10BFB00001439970100EDA7800210A40111C021C0E
:10BFC0000A43DA707B195A6D7B6F5133FF211140A0
:10BFD0000C00197800200140081C211C0143197035
:10BFE000110AFF2001400C00597800200140081C74
:10BFF000211C01435970110CFF2001400C0099785D
:10C0000000200140081C211C01439970100EDA78B1
:10C0100000210A40111C021C0A43DA707B199A6D38
:10C020007B6F5533FF2111400C001978002001402F
:10C03000081C211C01431970110AFF2001400C004B
:10C04000597800200140081C211C01435970110C33
:10C05000FF2001400C00997800200140081C211CA1
:10C0600001439970100EDA7800210A40111C021C5D
:10C070000A43DA707B19DA6D7B6F5933FF21114067
:10C080000C00197800200140081C211C0143197084
:10C09000110AFF2001400C00597800200140081CC3
:10C0A000211C01435970110CFF2001400C009978AC
:10C0B00000200140081C211C01439970100EDA7801
:10C0C00000210A40111C021C0A43DA707B191A6E07
:10C0D0007B6F5D33FF2111400C0019780020014077
:10C0E000081C211C01431970110AFF2001400C009B
:10C0F000597800200140081C211C01435970110C83
:10C10000FF2001400C00997800200140081C211CF0
:10C1100001439970100EDA7800210A40111C021CAC
:10C120000A43DA707B195A6E7B6F6133FF2111402D
:10C130000C00197800200140081C211C01431970D3
:10C14000110AFF2001400C00597800200140081C12
:10C15000211C01435970110CFF2001400C009978FB
:10C1600000200140081C211C01439970100EDA7850
:10C1700000210A40111C021C0A43DA707B231800BC
:10C18000BD461EB0B0BD0000F0B585B000AF786010
:10C190000A00BB1C1A800E257B1900221A800B2373
:10C1A000FC18F5F7BCFF030023700D23FB180022D9
:10C1B0001A707B191B885A1CBB1C1B889A4201DB16
:10C1C000002364E0344B1B785A1CD1B2324A117000
:10C1D0000E243A1912883919501C088011007A6807
:10C1E000521813703B191B883A19591C11801A00F8
:10C1F0007B689B1800221A700C23FB1800221A700F
:10C2000030E00E257B191B887A68D2180826BC19E5
:10C210000C217B181B7811001800FFF75DFB030051
:10C22000238030003B181B88002B24D07B191A88F0
:10C230003B181B88D218BB1C1B889A421DDC7B193B
:10C2400079193A18098812888A181A800D203B1823
:10C250001A783B1801321A700C217B181A787B1857
:10C2600001321A700C23FA180B23FB1812781B7872
:10C270009A42C6D302E0C04600E0C0467B68013364
:10C280000D22BA1812781A700E23FB181B8818009A
:10C29000BD4605B0F0BDC0466C440020F0B5CBB043
:10C2A00000AF78600A006F4B942149005B18DB19DE
:10C2B0001A806C4B5B18DB191B88432B01D80023B9
:10C2C0001EE37B688E2464003A19136000239222D7
:10C2D0005200BA18136086267600BB191800F5F7CD
:10C2E000FCFED823FB181800FCF716FE0C22BB1826
:10C2F0001800F5F789F825007A19136844220021FF
:10C30000180001F069FB7A19136802221A707A1971
:10C31000136800225A707A19136800229A70EAF79B
:10C3200025FC020079190B682A33FF2111400C000B
:10C33000197800200140081C211C01431970110AC2
:10C34000FF2001400C00597800200140081C211CEE
:10C3500001435970110CFF2001400C009978002016
:10C360000140081C211C01439970100EDA7800214D
:10C370000A40111C021C0A43DA7001F0F9F80300AC
:10C380001A0079190B68DA70F5F7C9FE03001A0074
:10C3900079190B681A71BB191A7B79190B685A71D4
:10C3A000BB195A7B79190B689A71D823FB185B78F3
:10C3B000002B01D0012200E000228E2149007B18D1
:10C3C0001B68DA71D8203B181A787B181B681A7220
:10C3D0003B18DA787B181B685A723B181A797B185D
:10C3E0001B689A723B1827229A5C7B181B68DA72CA
:10C3F0003B1828229A5C7B181B681A733B18292269
:10C400009A5C7B181B685A732423FF33FB180022A5
:10C410001A7031E070243A192423FF33FB181B787B
:10C4200011001800F5F793FE03001A000123534092
:10C43000DBB2002B18D13B199B7801225340DBB2B1
:10C44000002B11D13B195B69191C92256D007B19DA
:10C450001868E3F7E1FF031E07D03B195B697A19FF
:10C46000136002E0DAFEFFFFC0462421FF317B1893
:10C470001A787B1801321A70F5F751FE03001A0082
:10C480002423FF33FB181B789342C3D38626760000
:10C49000BB199A688E256D007B191B680E33FF212E
:10C4A00011400C00197800200140081C211C014398
:10C4B0001970110AFF2001400C005978002001403A
:10C4C000081C211C01435970110CFF2001400C0075
:10C4D000997800200140081C211C01439970100E1E
:10C4E000DA7800210A40111C021C0A43DA70BB19D9
:10C4F0001A687B191B681233FF2111400C00197850
:10C5000000200140081C211C01431970110AFF2062
:10C5100001400C00597800200140081C211C0143F7
:10C520005970110CFF2001400C0099780020014047
:10C53000081C211C01439970100EDA7800210A4072
:10C54000111C021C0A43DA70BB195A687B191B685C
:10C550001633FF2111400C00197800200140081CFF
:10C56000211C01431970110AFF2001400C00597869
:10C5700000200140081C211C01435970110CFF20B0
:10C5800001400C00997800200140081C211C014347
:10C590009970100EDA7800210A40111C021C0A431F
:10C5A000DA707B191B681A3392225200BA1812688B
:10C5B000FF2111400C00197800200140081C211CAB
:10C5C00001431970110AFF2001400C005978002026
:10C5D0000140081C211C01435970110CFF2001402F
:10C5E0000C00997800200140081C211C014399701F
:10C5F000100EDA7800210A40111C021C0A43DA707E
:10C60000D826BB199A687B191B681E33FF2111407D
:10C610000C00197800200140081C211C01431970EE
:10C62000110AFF2001400C00597800200140081C2D
:10C63000211C01435970110CFF2001400C00997816
:10C6400000200140081C211C01439970100EDA786B
:10C6500000210A40111C021C0A43DA70BB19DA6877
:10C660007B191B682233FF2111400C001978002030
:10C670000140081C211C01431970110AFF200140D0
:10C680000C00597800200140081C211C01435970FE
:10C69000110CFF2001400C00997800200140081C7B
:10C6A000211C01439970100EDA7800210A40111CF8
:10C6B000021C0A43DA70BB19DA6A7B191B6826333D
:10C6C000FF2111400C00197800200140081C211C9A
:10C6D00001431970110AFF2001400C005978002015
:10C6E0000140081C211C01435970110CFF2001401E
:10C6F0000C00997800200140081C211C014399700E
:10C70000100EDA7800210A40111C021C0A43DA706C
:10C710007D4B1A687B191B682E33FF2111400C00DA
:10C72000197800200140081C211C01431970110ACE
:10C73000FF2001400C00597800200140081C211CFA
:10C7400001435970110CFF2001400C009978002022
:10C750000140081C211C01439970100EDA78002159
:10C760000A40111C021C0A43DA70684B1A687B19D4
:10C770001B683233FF2111400C0019780020014062
:10C78000081C211C01431970110AFF2001400C00F4
:10C79000597800200140081C211C01435970110CDC
:10C7A000FF2001400C00997800200140081C211C4A
:10C7B00001439970100EDA7800210A40111C021C06
:10C7C0000A43DA70524B1A687B191B683633FF2113
:10C7D00011400C00197800200140081C211C014365
:10C7E0001970110AFF2001400C0059780020014007
:10C7F000081C211C01435970110CFF2001400C0042
:10C80000997800200140081C211C01439970100EEA
:10C81000DA7800210A40111C021C0A43DA703D4BF1
:10C820001A687B191B683A33FF2111400C001978F4
:10C8300000200140081C211C01431970110AFF202F
:10C8400001400C00597800200140081C211C0143C4
:10C850005970110CFF2001400C0099780020014014
:10C86000081C211C01439970100EDA7800210A403F
:10C87000111C021C0A43DA70BB19DA697B191B68A8
:10C880003E33FF2111400C00197800200140081CA4
:10C89000211C01431970110AFF2001400C00597836
:10C8A00000200140081C211C01435970110CFF207D
:10C8B00001400C00997800200140081C211C014314
:10C8C0009970100EDA7800210A40111C021C0A43EC
:10C8D000DA70BB193022995C7B191B68422299548B
:10C8E0000D4B942252009B18DB199B6D9B0BDBB206
:10C8F00001221340D9B27B191B6843229954442367
:10C900001800BD464BB0F0BDB0220020B42200207C
:10C91000B8220020BC220020E4FEFFFFF0B5A1B049
:10C9200000AF78600A00BB1C1A80BB1C1B88352B2B
:10C9300001D8002347E114257B191800F4F764FDA2
:10C940007E243B1900221A807B19DB891800E4F74A
:10C9500063FD031C9E49181CE4F7FAF9031C3B61B4
:10C960007B191B8A1800E4F757FD031C9849181C13
:10C97000E4F7EEF9031CFB603B191B883A19591CBC
:10C9800011801A007B689B187A1912781A707B192B
:10C990006022995C3B191B883A19581C10801A00B8
:10C9A0007B689B180A001A707B194C22995C3B1912
:10C9B0001B883A19581C10801A007B689B180A00C3
:10C9C0001A707B194D22995C3B191B883A19581C27
:10C9D00010801A007B689B180A001A703B191B888C
:10C9E0007A68D0187B1904330422190001F028F862
:10C9F0003B193A19128804321A803B191B887A684D
:10CA0000D0187B1908330422190001F019F83B19DA
:10CA10003A19128804321A803B191B887A68D31895
:10CA20001022B9180422180001F00AF83B193A192B
:10CA3000128804321A803B191B887A68D3180C229A
:10CA4000B9180422180000F0FBFF20003B183A1828
:10CA5000128804321A803B181B883A18591C11801E
:10CA60001A007B689B187A19127B1A703B181B8876
:10CA70003A18591C11801A007B689B187A19127D8C
:10CA80001A707C243B197A19D28A1A807A26BB192B
:10CA90007A19128B1A803B181B883A18591C11807E
:10CAA0001A007B689B183A191288D2B21A703B1987
:10CAB0001B881B0A99B23B181B8804003A18581CA3
:10CAC00010801A007B689B18CAB21A7020003B18AD
:10CAD0001B883A18591C11801A007B689B18BA19D8
:10CAE0001288D2B21A70BB191B881B0A99B20400B3
:10CAF0003B191B883A19581C10801A007B689B1838
:10CB0000CAB21A703B191B887A68D0187B191C337B
:10CB10000422190000F094FF3B193A1912880432DC
:10CB20001A803B191B887A68D0187B19203304229D
:10CB3000190000F085FF3B193A19128804321A8057
:10CB40003B191B887A68D0187B19503304221900CE
:10CB500000F076FF3B193A19128804321A803B190B
:10CB60001B887A68D0187B1954330422190000F00E
:10CB700067FF21007B187A18128804321A807B190B
:10CB80009B6DBB600C003B191B887A68D318082288
:10CB9000B9180422180000F053FF3B193A19128803
:10CBA00004321A803B191B887A68D0187B195C33D1
:10CBB0000422190000F044FF3B193A19128804328C
:10CBC0001A803B191B881800BD4621B0F0BDC04635
:10CBD000CDCCCC3DB0B59EB000AF02003960FB1D9E
:10CBE0001A700C23FA18FB1D1B7811001800F5F7BA
:10CBF000AEFA03001A0001235340DBB2002B01D030
:10CC000000235CE076243B1900221A803B191B8824
:10CC10003A19591C11801A003B689B18FA1D1278AA
:10CC20001A703B191B883A68D0180C257B195433AD
:10CC30000422190000F004FF3B193A19128804324B
:10CC40001A803B191B883A68D0187B195833042284
:10CC5000190000F0F5FE3B193A19128804321A80C7
:10CC60003B191B883A68D0187B195C3304221900E1
:10CC700000F0E6FE3B193A19128804321A803B197B
:10CC80001B883A68D0187B1960330422190000F021
:10CC9000D7FE3B193A19128804321A803B191B88B7
:10CCA0003A68D0187B1964330422190000F0C8FEDA
:10CCB0003B193A19128804321A803B191B88180054
:10CCC000BD461EB0B0BD90B5B7B000AF78600A00E9
:10CCD000BB1C1A80BB1C1B88CE2B01D8002311E083
:10CCE00008243B191800FCF70DFC21007B180322D7
:10CCF0001A807A687B1810001900CF231A0000F000
:10CD00009FFECF231800BD4637B090BDF0B5FBB0F5
:10CD100000AF39601100D94BF42464001B19DB19F2
:10CD2000021C1A70D64B20001B18DB190A1C1A8033
:10CD3000D24B1B18DB191B78103B0A2B00D9ADE135
:10CD40009A00D04BD3181B689F46FEF71FF8FEF7DA
:10CD500085FDFB1D012219008220FEF743FD012302
:10CD60009DE1FEF7A9FDFB1D012219008220FEF7BF
:10CD700039FD012393E1ED256D007C19D826BB19FF
:10CD8000FF211800FFF700FA030023807B191B889E
:10CD9000002B07D07B191A88BB1919009120FEF7C8
:10CDA00021FD0DE0B84BF42252009B18DB19012243
:10CDB0001A70D823FB18012219009620FEF712FDE5
:10CDC00001236CE1AE4BF42252009B18DB191B8847
:10CDD000002B0DD1AC4B9B18DB1901221A70D82304
:10CDE000FB18012219009620FEF7FCFC012356E1F6
:10CDF0003B681B78EE256D007C19D826BA19110006
:10CE00001800FEF769FD030023807B191B88002BA7
:10CE100007D07B191A88BB1919009020FEF7E2FC95
:10CE20000DE0994BF42252009B18DB1902221A7074
:10CE3000D823FB18012219009620FEF7D3FC01230A
:10CE40002DE18F4BF42252009B18DB191B88002B1D
:10CE50000DD18D4B9B18DB1901221A70D823FB18BA
:10CE6000012219009620FEF7BDFC012317E13B6863
:10CE70001B78EF256D007C19D826BA19110018000F
:10CE8000FFF7A8FE030023807B191B88002B07D027
:10CE90007B191A88BB1919009220FEF7A3FC0DE03C
:10CEA000794BF42252009B18DB1902221A70D82306
:10CEB000FB18012219009620FEF794FC0123EEE0F6
:10CEC000F0256D007C19D826BB19FF211800FFF74B
:10CED00025FD030023807B191B88002B06D07B19BE
:10CEE0001A88BB1919009320FEF77CFC0123D6E0B9
:10CEF000F1256D007C19D826BB19FF211800FFF71A
:10CF0000CDF9030023807B191B88002B06D07B19E9
:10CF10001A88BB1919009420FEF764FC0123BEE0B7
:10CF20005A4B180000F05AFBF2256D007C19D826E8
:10CF3000BB19FF211800FFF7C6FE030023807B19F1
:10CF40001B88002B0ED07B191A88514B110018003A
:10CF500000F044FB7B191A88BB1919009720FEF7D3
:10CF600041FC11E04B4B180000F038FB464BF4221B
:10CF700052009B18DB1903221A70D823FB180122D8
:10CF800019009620FEF72EFC012388E03C4BF4228A
:10CF900052009B18DB191B88CF2B0DD03A4B9B18E6
:10CFA000DB1901221A70D823FB18012219009620E0
:10CFB000FEF718FC012372E0374BF42464001B19C0
:10CFC000DA193B6810001900CF231A0000F038FD71
:10CFD0000823FB181800FCF7ABFA03001A00012322
:10CFE0005340DBB2002B0DD0274B1B19DB1901225C
:10CFF0001A70D823FB18012219009620FEF7F2FBC5
:10D0000001234CE00823FB181800FDF7A5FB0300E3
:10D010001A0001235340DBB2002B0FD01A4BF4222D
:10D0200052009B18DB1904221A70D823FB18012226
:10D0300019009620FEF7D6FB012330E0F3256D00A2
:10D040007C19D826BB19FF211800FFF73CFE03000E
:10D0500023807B191B88002B07D07B191A88BB19EA
:10D0600019009720FEF7BEFB05E0FB1D0122190009
:10D070008220FEF7B7FB012311E0C0461FFEFFFF31
:10D080001CFEFFFF44F70108F0FEFFFFDCEC010887
:10D0900000ED010830ED010820FEFFFF002318001D
:10D0A000BD467BB0F0BDC04680B500AF0020F3F7B1
:10D0B00059F9C046BD4680BD80B500AF0020F3F7EA
:10D0C00073F9C046BD4680BD80B500AF0120F3F7BF
:10D0D00049F9C046BD4680BD80B500AF0120F3F7D9
:10D0E00063F9C046BD4680BD80B500AF0020F3F7B0
:10D0F0007DF903001800BD4680BD80B500AF01205A
:10D10000F3F774F903001800BD4680BD80B500AF89
:10D1100000F094FA334B180000F060FAA023DB050E
:10D12000012210211800E8F7F4FF3220E9F728FD6A
:10D13000FFF7C2FFFFF7D0FFF2F752FD2A4B1800AE
:10D1400000F04CFAF2F7CAFE03001A000123534024
:10D15000DBB2002B06D0254B180000F03FFAFFF79A
:10D16000B3FF03E0224B180000F038FAF3F70AFD92
:10D17000204B180000F032FA1F4B180000F02EFA76
:10D18000F7F7AEFF030019000120F4F739FEF6F7B8
:10D19000DDFC030019000220F4F732FEF9F7EAFC87
:10D1A000030019000320F4F72BFEF4F7B1FEF5F7A6
:10D1B00041F8FEF73FFBFCF799F9FDF7A7FAFBF7FB
:10D1C00097FC0E4B180000F009FAF3F773F90C4BBB
:10D1D000180000F003FA0B4B180000F0FFF9C046EE
:10D1E000BD4680BD64ED010888ED0108ACED010885
:10D1F000DCED010808EE010830EE010854EE0108EC
:10D2000080EE0108A4EE0108B0B5C2B000AFF3F79C
:10D210001BF903007A1DFF321360FDF78FFCF2F754
:10D220007FFFC54B1B687A1DFF321268D31A132B80
:10D230002DD9C14B7A1DFF3212681A607B1DFF3356
:10D240001B681800F4F70CFF7B1DFF331B681800E8
:10D25000F3F71CFD7B1DFF331B681800FBF772FC06
:10D26000F4F7ECF8031E0BD0FBF748FE031E07D0C3
:10D27000C0231B02B14801221900E8F74AFF06E06B
:10D28000C0231B02AD4800221900E8F742FFFDF75A
:10D2900055FCFC1CFF34C0257B1940211800F2F717
:10D2A0003FFD03002380FB1CFF331B88002B07D0AE
:10D2B000FB1CFF331A887B1911001800F4F7BEFC21
:10D2C000BC1CFF34FFF710FF030023707C1CFF34ED
:10D2D000FFF713FF03002370994B1B78BA1CFF3232
:10D2E00012789A4209D0964BBA1CFF3212781A7003
:10D2F000944B7A1DFF3212681A60924B1B687A1D9C
:10D30000FF321268D31A322B15D98D4B1A788E4BF7
:10D310001B789A420FD08A4B1A788B4B1A708A4B23
:10D320001B78002B07D0894B180000F057F900211B
:10D330000220FBF7D7FC864B1B787A1CFF32127851
:10D340009A4209D0824B7A1CFF3212781A70814BB4
:10D350007A1DFF3212681A607E4B1B687A1DFF32FD
:10D360001268D31A322B13D9794B1A787A4B1B785F
:10D370009A420DD0764B1A78774B1A70764B1B7801
:10D38000002B05D0754B180000F028F9FBF776FD4F
:10D39000734B1B687A1DFF321268D31A632B28D98E
:10D3A0006F4B7A1DFF3212681A60B0243B191800C7
:10D3B000F4F793FE3B191B7B002B06D0FEF731FAE6
:10D3C000031E02D0FFF770FE01E0FFF775FEB022EA
:10D3D000BB189B7B002B07D1BB185B7B002B03D1B9
:10D3E000BB181B7B002B02D1FFF76EFE01E0FFF79D
:10D3F00073FE5C4B1B687A1DFF321268D31A312B07
:10D4000000D892E0574B7A1DFF3212681A609825B7
:10D410007B19180018231A00002100F0DDFA3B00E8
:10D420001800FBF779FD504B842464001B19DB19AD
:10D430001B781A007B199A824B4B1B19DB195B690D
:10D440004A49181CE3F784FC031C181CE3F72CF86A
:10D4500003009AB27B191A80434B22009B18DB19F8
:10D460009C69414B9B18DB1926229B5C1800E3F753
:10D4700087FF031C191C201CE3F76AFC031C3B49B3
:10D48000181CE3F765FC031C181CE3F70DF80300F8
:10D490009AB27B195A8034243B191800F3F7B4FF71
:10D4A0003B1960229B5C002B25D03B191B7B1A008B
:10D4B0007B199A803B195B682C49181CE3F748FCE0
:10D4C000031C181CE2F7F0FF03009AB27B19DA8004
:10D4D0003B19DB8A0A211800E2F716FE03009AB214
:10D4E0007B191A813B19DB69181CE2F7DDFF030089
:10D4F0009AB27B195A820020F2F7ECFF031C181C29
:10D50000E3F71EFF03001BB29AB298217B181A8220
:10D51000154B842252009B18DB19DB699AB27B18E9
:10D52000DA827B181800F4F7F1FAF1F74BFDC046E8
:10D53000BD4642B0B0BDC04670440020000400505B
:10D54000824400207844002080440020C4EE01087A
:10D55000834400207C44002081440020FCEE01082C
:10D560007444002084440020F8FEFFFF00002041A6
:10D5700080B500AFF4F7AAFC03001800BD4680BDDB
:10D5800080B582B000AF0200BB1D1A80BB1D1B8896
:10D59000012B08D10B4B180000F020F800210220CD
:10D5A000FBF7A0FB09E0BB1D1B88022B05D1064B36
:10D5B000180000F013F8FBF761FCC046BD4602B04E
:10D5C00080BDC0462CEF010844EF010880B582B051
:10D5D00000AF7860C046BD4602B080BD0FB480B5D4
:10D5E000A2B000AF9423FB183B603B689022BA18AE
:10D5F0001268381D802100F0E3F903008422B91875
:10D600000B60BB181B68002B0FDDBB181B687F2B42
:10D6100002DD7F23BA1813608423FB181B689AB2BB
:10D62000391D05483223EBF7E1FDC046BD4622B067
:10D6300080BC08BC04B01847481F002080B500AF6C
:10D64000114B1800FFF7CAFF104B1800FFF7C6FF79
:10D650000F4B1800FFF7C2FF0E4B1800FFF7BEFF7D
:10D660000D4B1800FFF7BAFF0C4B1800FFF7B6FF81
:10D670000B4B1800FFF7B2FF044B1800FFF7AEFF8B
:10D68000C046BD4680BDC0465CEF010864EF01089E
:10D6900090EF0108ACEF0108D8EF0108F8EF01089E
:10D6A00010F0010870B5051C00F02CF8291C041CB2
:10D6B000281CE3F72FFE002810D10021281CE2F7D8
:10D6C000BFFE00280AD10021281CE2F79FFE002897
:10D6D00006D000F089F92223064C0360201C70BD9F
:10D6E00000F082F921230360034800F007F8041CCE
:10D6F000F4E7C046000080FF75F701080048704756
:10D700000000C07FF0B5430085B0002B06D1CC20CF
:10D7100000210006E3F736F905B0F0BD031E04DA78
:10D72000011CE3F753FC0021F4E7FF21C9058842FF
:10D7300003DB011CE2F79CFFEEE7802200211204CC
:10D74000904206DA9821C905E3F702FB192103008C
:10D750004942DA157F3A521880215B025E0A744B07
:10D76000FE200904F3180B40FE2180055840DD150A
:10D7700030438905AD18E3F729FC32006D4B0F32B9
:10D78000041C1A4245D10021E2F740FE002811D0C6
:10D790000020002DC0D02800E3F7F2FD6649041CEC
:10D7A000E3F7D6FA6549051C201CE3F7D1FA011C02
:10D7B000281CBFE76249201CE3F7CAFA011CFC20C1
:10D7C0008005E3F703FC211C061C201CE3F7C0FACC
:10D7D000011C301CE3F7BCFA061C002D01D1311CE2
:10D7E00079E02800E3F7CCFD5349051CE3F7B0FAD4
:10D7F0005249071C281CE3F7ABFA011C301CE3F765
:10D80000E5FB211CE3F7E2FB011C381CE3F7DEFB20
:10D8100082E78021C905E2F72BFF011C201CE3F7FA
:10D82000B1F800902800E3F7ABFD00990190081CC7
:10D83000E3F78EFA434B011CF31803930290E3F7CE
:10D8400087FA4149071CE3F783FA4049E2F710FFE2
:10D85000391CE3F77DFA3E49E2F70AFF391CE3F78A
:10D8600077FA3C49E2F704FF0299E3F771FA3A4983
:10D870000290381CE3F76CFA3849E2F7F9FE391CDC
:10D88000E3F766FA3649E2F7F3FE391CE3F760FA8C
:10D89000011C0298E2F7ECFE324B039A9B1B071C1B
:10D8A0001343002B2FDDFC21201C8905E3F750FAE0
:10D8B000211CE3F74DFA011C061C381CE2F7D8FEC8
:10D8C0000099E3F745FA071C002D06D1011C301C16
:10D8D000E3F77CFB011C201C98E717490198E3F74C
:10D8E00037FA1649051C0198E3F732FA391CE2F7BA
:10D8F000BFFE011C301CE3F769FB211CE3F766FB4C
:10D90000011C281C82E7011C201CE3F75FFB009927
:10D91000E3F71EFA061C002D00D160E706490198C6
:10D92000E3F716FA0549051C0198E3F711FAE0E759
:10D9300020FB4A00F0FF7F008071313FD1F717379D
:10D94000ABAAAA3E305CCFFF9788173E25333A3EFC
:10D950002549923EABAA2A3F4FD01C3E298E633EFA
:10D96000CDCCCC3E88C2350030B5140005001A007D
:10D970009BB0002C05DA8B230360012040421BB0D2
:10D9800030BD822368469B0083810023009104916F
:10D990009C4200D0631E02930593012369465B42BB
:10D9A000CB8128001E9B00F0B1F9431C01DA8B23C8
:10D9B0002B60002CE3D00022009B1A70DFE70000F0
:10D9C00013B5044C009313000A0001002068FFF710
:10D9D000CBFF16BD0401002003008218934200D142
:10D9E000704719700133F9E7014B18687047C0465A
:10D9F0000401002070B500260C4C0D4D641BA410D2
:10DA0000A64209D1002600F065FC0A4C0A4D641BB1
:10DA1000A410A64205D170BDB300EB58984701365B
:10DA2000EEE7B300EB5898470136F2E7ACF7010890
:10DA3000ACF70108B0F70108ACF701087047704770
:10DA4000002310B59A4200D110BDCC5CC454013300
:10DA5000F8E7000070B505000C1E10D0043C2368E8
:10DA6000002B00DAE418280000F0E0F81D4A1368E3
:10DA7000002B05D163601460280000F0DFF870BD52
:10DA8000A34208D9206821188B42F3D119685B683A
:10DA900009182160EEE71A005B68002B01D0A34251
:10DAA000F9D911685018A0420BD1206809185018F4
:10DAB00011608342E0D118685B68411811605360BF
:10DAC000DAE7A04202D90C232B60D5E720682118A1
:10DAD0008B4203D119685B68091821606360546048
:10DAE000CAE7C046CC45002070B50F4E0D00316826
:10DAF0000400002902D100F099FB306029002000C9
:10DB000000F094FB431C03D101256D42280070BD39
:10DB10000323C51C9D43A842F8D0291A200000F019
:10DB200085FB0130F2D1EFE7C8450020F7B50322AD
:10DB3000CB1C9343083305001F000C2B34D20C2759
:10DB4000B94233D8280000F071F8374E33681C0012
:10DB5000002C2FD139002800FFF7C6FF0400431C1A
:10DB60005FD134680094009B002B4AD1002C52D026
:10DB700023682800E3180099019300F057FB019BEC
:10DB8000834248D123682800FF1A3900FFF7ACFF11
:10DB9000013040D02368DB19236033685A68002ABB
:10DBA00033D1009B336019E0002BC9DA0C232B60C2
:10DBB0000020FEBD2168C91B20D40B290AD9E21917
:10DBC0002760A34204D1326063681160536005E0AE
:10DBD0005A60F9E76268A3420ED13260280000F073
:10DBE0002DF8200007220B30231D9043C21A9842C3
:10DBF000DFD01B1AA350DCE75A60EFE7230064680C
:10DC0000A6E7009C63680093ADE71A005B68A34237
:10DC1000FBD10023DAE70C2328002B6000F00EF87C
:10DC2000C6E70760DAE7C046CC45002010B50248D9
:10DC3000FFF704FF10BDC046C445002010B50248E0
:10DC4000FFF7FDFE10BDC046C4450020F0B58E684C
:10DC500085B01F000C000B6802900392BE4230D8C2
:10DC60000C21625E9021C9000A4228D0032021695C
:10DC70005B1A0193636943430198DD0FED187B1C28
:10DC80001B186D10AB4200D91D00520528D5290084
:10DC90000298FFF74BFF061E2CD0019A2169FFF76F
:10DCA000CFFEA289184B1A4080231343A381019B06
:10DCB0002661F61826603E006561ED1AA560BE4239
:10DCC00000D93E0032000399206800F09BFA002042
:10DCD000A3689B1BA36023689B19236005B0F0BD5C
:10DCE0002A00029800F0BFFA061EE0D121690298CE
:10DCF000FFF7B0FE0C230120029A40421360A28974
:10DD000034331343A381E9E77FFBFFFFF0B5A1B0F4
:10DD100003901D008B890F0016001B0611D50B699F
:10DD2000002B0ED14021FFF701FF38603861002839
:10DD300005D10C23039A136001204042CFE0402319
:10DD40007B61002308AC6361203363761033A376D4
:10DD5000079535002B78002B01D0252B48D1AB1B24
:10DD60000593B5420BD0320039000398FFF76EFFE0
:10DD7000013000D1AEE06369059A9B1863612B788E
:10DD8000002B00D1A6E0012200235242626004A9C8
:10DD9000543252186E1C2360E360A3601370A365B5
:10DDA000544B052218003178059300F051FA751C88
:10DDB00000281FD12268D30604D5532304A95B1879
:10DDC00020211970130704D5532304A95B182B21B4
:10DDD000197033782A2B16D0350000210A20E36809
:10DDE0002A786E1C303A092A50D9002911D117E03F
:10DDF0000135AFE7059B2268C01A01238340134316
:10DE00002E002360CCE7079B191D1B680791002B90
:10DE100001DB0B9304E05B42E360022313432360C6
:10DE20002B782E2B0CD16B782A2B34D1079B023503
:10DE30001A1D1B680792002B01DA01235B4209932C
:10DE40002D4E03223000297800F002FA002806D077
:10DE50004023801B834022680135134323602978C7
:10DE6000062226486E1C217600F0F2F9002838D0F0
:10DE7000234B002B22D10722079B07339343083300
:10DE800007936369049A9B18636162E74343350013
:10DE900001219B18A4E700230A20190001356360C3
:10DEA0002A786E1C303A092A03D9002BC8D0099170
:10DEB000C6E74143350001238918F1E707AA00921C
:10DEC00021003A000F4B039800E000BF0490049B30
:10DED0000133D6D1BB890D985B0600D52CE721B064
:10DEE000F0BD07AA009221003A00064B039800F00B
:10DEF0007BF8EBE770F7010876F701087AF701087D
:10DF0000000000004DDC0108F7B5160001938A6897
:10DF10000B690C000090934200DA1300220033607A
:10DF200043321278002A01D00133336023689B0604
:10DF300002D53368023333602268062315001D4082
:10DF40001A4227D0230043331B785A1E934122687C
:10DF5000920630D4220001990098089D4332A847C8
:10DF6000013025D00622236800251340042B05D15B
:10DF70003368E568ED1AEB43DB171D40A36822699F
:10DF8000934201DD9B1AED180026B54220D10020F6
:10DF900010E00135E36832689B1AAB42D2DD220003
:10DFA000012301990098089F1932B8470130F0D138
:10DFB00001204042FEBD3020E118433108702100AD
:10DFC0005A1C45310978A218433202331170C1E757
:10DFD0002200012301990098089F1A32B8470130A6
:10DFE000E6D00136D1E70000F0B58BB006920A000A
:10DFF00043320793059003920A7E0C00109B782A07
:10E0000009D8622A0BD8002A00D1BCE07B490491D0
:10E01000582A00D190E0250042352A7022E01000F5
:10E0200063381528F7D8E3F763FA16001F00F6FFE8
:10E03000F6FFF6FFF6FF1F00F6FFF6FFF6FFF6FF0E
:10E04000A10036008000F6FFF6FFB200F6FF3600B2
:10E05000F6FFF6FF840025001A684235111D19608D
:10E0600013682B700123A0E018680968021D0D06D3
:10E070000BD506681A60002E03DA2D23039A764228
:10E0800013705E4B0A27049318E006681A6049066D
:10E09000F1D536B2EFE70868196840C9050602D421
:10E0A000400600D5B6B21960544B0A2704936F2A74
:10E0B00000D1023F2300002243331A706368A3603B
:10E0C000002B03DB042122688A432260002E02D148
:10E0D000039D002B0CD0039D30003900E2F79AF825
:10E0E000049B013D5B5C2B70330006009F42F3D91B
:10E0F000082F09D12368DB0706D5626823699A4295
:10E1000002DC3023013D2B70039B5B1B2361079BCB
:10E11000210000930598069B09AAFFF7F5FE013040
:10E1200048D1012040420BB0F0BD202209680A43CB
:10E130002260782232490491210045310A70196821
:10E14000226840C9100602D4500600D5B6B2196044
:10E15000D30702D5202313432360002E01D01027BC
:10E16000A8E72022236893432360F8E71A680D6824
:10E17000101D4969186013682E0601D5196002E068
:10E180006D06FBD519800023039D2361BFE71A6844
:10E19000111D1960156800212800626800F058F808
:10E1A000002801D0401B6060636823610023039A4C
:10E1B0001370ACE72A00236906990598079DA847C4
:10E1C0000130AED023689B0715D4099BE0689842C4
:10E1D000A9DA1800A7E72200012306990598079EEF
:10E1E0001932B04701309CD00135E368099A9B1A77
:10E1F000AB42F0DCE9E70025F7E7C04681F701080C
:10E2000092F7010810B5884206D800239A4208D038
:10E21000CC5CC4540133F9E78B189842F5D2013A2B
:10E2200000D210BD8B5C8354F9E70000002370B569
:10E23000064D040008002B60F1F772FC431C03D16B
:10E240002B68002B00D0236070BDC046C045002065
:10E25000C9B28218904201D10020704703788B42E6
:10E26000FBD00130F6E7F7B506000C0015000029D9
:10E2700005D11100FFF75AFC04002000FEBD002A62
:10E2800003D1FFF7E7FB0024F7E700F01BF80700D6
:10E29000854202D84308AB42EFD329003000FFF794
:10E2A00045FC01900028EED02A00BD4200D93A007A
:10E2B00021000198FFF7C4FB21003000FFF7CAFBE3
:10E2C000019CDAE70B1F1B68181F002B01DA0B58A3
:10E2D000C0187047F8B5C046F8BC08BC9E467047E9
:10E2E000F8B5C046F8BC08BC9E4670470000000068
:10E2F00001B40248844601BC604700BF55010020BC
:10E30000424F4F543A205553422064657669636505
:10E31000206F6B0D0A00000053544D3332205669B4
:10E32000727475616C20436F6D506F7274000000E1
:10E3300053544D6963726F656C656374726F6E6977
:10E340006373000043444320436F6E6669670000B7
:10E3500043444320496E7465726661636500000042
:10E360000D0A5B4541524C595D20554152543120B4
:10E37000616C697665202D20626F6F74696E672EFF
:10E380002E2E0D0A000000005B4541524C595D20C5
:10E39000464443414E312B3220696E6974204F4B05
:10E3A0000D0A00005B4541524C595D2041626F757A
:10E3B0007420746F20696E6974205553422E2E2E7E
:10E3C0000D0A00005B4541524C595D2055534220D7
:10E3D000696E697420646F6E650D0A000D0A5B43F7
:10E3E000524153485D204572726F725F48616E649E
:10E3F0006C657228292043414C4C4544210D0A008C
:10E400000D0A5B43524153485D2048617264466186
:10E41000756C745F48616E646C6572282920434195
:10E420004C4C4544210D0A005B43414E205458207A
:10E430004641494C5D206275733D25752049443A3B
:10E440002530386C580D0A005B43414E315D204247
:10E4500055532D4F464621205265737461727420C6
:10E46000636F6E74726F6C6C65722E2E2E0D0A00C7
:10E470005B43414E325D204255532D4F464621208D
:10E480005265737461727420636F6E74726F6C6C1A
:10E4900065722E2E2E0D0A004253505F466C61733A
:10E4A000683A2050726F6772616D206661696C65B1
:10E4B00064206174203078253038582C20657272C1
:10E4C0003D3078253038580D0A000000424D535F2A
:10E4D000496E69743A20647269766572207265616A
:10E4E00064792E0D0A000000424D533A204F4E4CE5
:10E4F000494E452028776173204F46464C494E458A
:10E500002C206E6F77206861732064617461290D1F
:10E510000A000000424D533A204F46464C494E45B2
:10E52000202874696D656F7574206166746572204A
:10E53000256C75206D732066726F6D207469636B36
:10E5400020256C752C206E6F7720256C75290D0A9F
:10E5500000000000424D533A204641554C542028BB
:10E56000637269746963616C20616C61726D2030E3
:10E57000782530386C58290D0A000000424D533A76
:10E58000204F46464C494E45202874696D656F758D
:10E5900074207768696C65206661756C74656429A0
:10E5A0000D0A0000424D533A205265636F76657242
:10E5B00065642066726F6D204641554C54202D3E97
:10E5C000204F4E4C494E450D0A0000002D00000022
:10E5D000000000005B424D5320534E41505D206FC0
:10E5E0006E6C696E653D257520563D25642E25644B
:10E5F00020493D257325642E256420534F433D2536
:10E600007525252043656C6C3D25752F2575206D7E
:10E61000562054656D703D257325642E25642F2585
:10E620007325642E256420432052656C61793D2555
:10E63000752F2575205265713D257325642E25643F
:10E64000562F257325642E25644120616C61726DFF
:10E65000733D30782530386C580D0A006E6F6E654A
:10E6600000000000010000000000000002000000A7
:10E670000000005502000000000000AA3100000068
:10E680000000000000000000000000006C69616EE6
:10E690006D696E67000000006D617877656C6C00D5
:10E6A000746F6E686500000043433A2053746174D0
:10E6B000652025642D3E25640D0A000043433A2061
:10E6C0004D6F64436E7420746F74616C3D257520CA
:10E6D000656E3D2575206F6E6C696E653D257520F4
:10E6E00073746174653D25640D0A000043433A204C
:10E6F0004D6F64436E7420746F74616C3D2575209A
:10E70000286661696C656420746F20676574207683
:10E710006965772030290D0A0000000043686172A6
:10E720006765436F6E74726F6C6C65725F4368658A
:10E73000636B3A204E6F2064726976657220726551
:10E7400067697374657265640D0A000043686172DD
:10E750006765436F6E74726F6C6C65725F4368655A
:10E76000636B3A204E6F20616374697665206D6F2C
:10E7700064756C65730D0A00436861726765436F69
:10E780006E74726F6C6C65725F436865636B3A2080
:10E790004D6F64756C6520636F756E74206D697361
:10E7A0006D617463683A2065787065637465642090
:10E7B00025752C20676F742025750D0A0000000058
:10E7C000436861726765436F6E74726F6C6C6572DB
:10E7D0005F436865636B3A20496E76616C696420BB
:10E7E000636F6E6669672076657273696F6E202548
:10E7F000750D0A0043433A20537461727420563DEC
:10E8000025642E25645620493D25642E2564412F1C
:10E810006D6F640D0A00000043433A2053746F701B
:10E8200020696E68696269743D257520646572614E
:10E8300074696E673D25750D0A00000043433A2058
:10E840005374616E64616C6F6E6520566D617820E3
:10E85000726561636865642063616E646964617494
:10E860006520287461726765743D25642E256456A1
:10E87000290D0A0043433A205374616E64616C6F42
:10E880006E6520566D617820726561636865642CE1
:10E890002073746F7070696E67206368617267655A
:10E8A00020287461726765743D25642E256456299D
:10E8B0000D0A000043433A204A61636B20562070E2
:10E8C000726F746563742073746172746564202858
:10E8D00064656C74613D25642E256456290D0A001B
:10E8E00043433A204A61636B20562050524F5445AF
:10E8F0004354206661756C742028257573290D0AB0
:10E900000000000043433A204A61636B2074656D48
:10E9100070206465726174696E67206163746976E2
:10E92000650D0A0043433A204A61636B2074656DAC
:10E9300070206465726174696E67207265636F76BA
:10E94000657265640D0A000043433A204D616E759F
:10E95000616C20563D25642E25645620493D256472
:10E960002E2564412F6D6F640D0A000043433A2049
:10E970005374616E64616C6F6E6520563D25642E24
:10E9800025645620493D25642E2564412F6D6F6412
:10E990000D0A000043433A20424D53206F66666CD7
:10E9A000696E650D0A00000043433A20424D532032
:10E9B0007374616C65206461746120286B65657097
:10E9C000696E67206C61737420746172676574731B
:10E9D000290D0A0043433A20424D5320616C617275
:10E9E0006D206163746976650D0A000043433A2027
:10E9F000496E69740D0A000043433A204D6F6475F7
:10EA00006C65206D69736D617463682025752D3E9A
:10EA100025750D0A0000000043433A2048617264E6
:10EA20002070726F74656374696F6E204641554C37
:10EA3000540D0A0043433A20416C726561647920A9
:10EA400072756E6E696E670D0A00000043433A20CE
:10EA5000507265636F6E646974696F6E732066616E
:10EA6000696C6564206661756C743D30782530385A
:10EA70006C580D0A0000000043433A205374617241
:10EA800074207372633D2575206163743D25750D97
:10EA90000A00000043433A2053746F70207265717E
:10EAA0007565737465640D0A0000000043433A20E5
:10EAB000454D455247454E43592053544F500D0A3A
:10EAC000000000004368617267654379636C6553B9
:10EAD000746F726167653A204C6F6164656420668B
:10EAE000726F6D20666C617368206F666673657403
:10EAF0002025750D0A00000043686172676543793F
:10EB0000636C6553746F726167653A205573696E03
:10EB1000672064656661756C7420636F6E666967F3
:10EB20000D0A00004368617267654379636C655341
:10EB3000746F726167653A20506167652066756C15
:10EB40006C2C2065726173696E672E2E2E0D0A0083
:10EB50004368617267654379636C6553746F726172
:10EB600067653A204572617365206661696C65640A
:10EB7000210D0A004368617267654379636C6553D0
:10EB8000746F726167653A205772697465206661B7
:10EB9000696C6564210D0A00436861726765437999
:10EBA000636C6553746F726167653A20566572696C
:10EBB0006669636174696F6E206661696C65642162
:10EBC0000D0A00004368617267654379636C6553A1
:10EBD000746F726167653A2053617665642073755E
:10EBE000636365737366756C6C790D0A00000000D1
:10EBF0005B50432054582054494D454F55545D2097
:10EC0000486F737420646964206E6F742070756C33
:10EC10006C20636D643D3078253032580D0A000059
:10EC20005B5043205458204F4B5D20636D643D3052
:10EC30007825303258206C656E3D25750D0A000030
:10EC40005B5043205458204641494C5D2072657307
:10EC50003D257520636D643D3078253032580D0AAE
:10EC6000000000005B44454255475D20456E7465D9
:10EC700072206465627567206D6F646520286E6F11
:10EC8000206175746F2073747265616D290D0A00BF
:10EC90005B44454255475D20416374697665206455
:10ECA00072697665723A20257320282575292C20F3
:10ECB0006D6F64756C65733D25750D0A000000006D
:10ECC0005B44454255475D20457869742064656220
:10ECD0007567206D6F64650D0A0000005043446540
:10ECE0006275673A204745545F4348415247455F44
:10ECF0004346472072656365697665640D0A0000C6
:10ED0000504344656275673A2053656E64696E6767
:10ED1000204348415247455F434647207265737020
:10ED20006F6E73652C206C656E3D25750D0A0000B5
:10ED3000504344656275673A204275696C64436864
:10ED400061726765436F6E666967206661696C65AD
:10ED5000642C2073656E64696E67204552524F5271
:10ED60000D0A00004170705F496E69743A204B686B
:10ED70006F6920646F6E672068652074686F6E67C6
:10ED80002E2E2E0D0A0000004170705F496E6974CE
:10ED90003A204B686F6920646F6E672043414E20B4
:10EDA0006275732E2E2E0D0A000000004170705FF8
:10EDB000496E69743A204C4F49202D204B686F6E84
:10EDC0006720746865206B686F6920646F6E6720C8
:10EDD00043414E20627573210D0A00004170705F3F
:10EDE000496E69743A2043414E20627573206B6806
:10EDF0006F6920646F6E67207468616E6820636F4E
:10EE00006E672E0D0A0000004170705F496E6974D4
:10EE10003A20424D5320647269766572206B686FA8
:10EE20006920646F6E6720786F6E672E0D0A000090
:10EE30004170705F496E69743A204B686F69207445
:10EE4000616F206368617267657220636F72650D20
:10EE50000A0000004170705F496E69743A2043688F
:10EE60006172676520636F6E74726F6C6C6572207F
:10EE7000696E697469616C697A65642E0D0A0000B7
:10EE80004170705F496E69743A204E54432041448A
:10EE90004320696E697469616C697A65642E0D0A34
:10EEA000000000004170705F496E69743A20486F3D
:10EEB000616E20746174206B686F692074616F2EBD
:10EEC0000D0A00004170705F4C6F6F703A204E6801
:10EED000616E206E7574205354415254202D3E2093
:10EEE0004B686F6920646F6E672063687520747269
:10EEF000696E68207361630D0A0000004170705FE5
:10EF00004C6F6F703A204E68616E206E757420539E
:10EF1000544F50202D3E2044756E67206368752045
:10EF20007472696E68207361630D0A004457494E1C
:10EF30003A204E68616E206C656E682053544152D1
:10EF4000540D0A004457494E3A204E68616E206CB9
:10EF5000656E682053544F500D0A00000D0A0D0ACB
:10EF6000000000003D3D3D3D3D3D3D3D3D3D3D3DC5
:10EF70003D3D3D3D3D3D3D3D3D3D3D3D3D3D3D3DC1
:10EF80003D3D3D3D3D3D3D3D3D3D3D3D0D0A00008E
:10EF900020204368617267657220436F6E74726FE0
:10EFA0006C6C65722076322E300D0A00202053548E
:10EFB0004D33324730423143425436202B206D7559
:10EFC0006C74692D6472697665722063686172671A
:10EFD00065720D0A000000002020464443414E3176
:10EFE00020403132354B202F20464443414E3220C1
:10EFF000403235304B0D0A00202055534220434407
:10F00000433A20504131312F504131320D0A000036
:10F01000202055415254312044656275673A205092
:10F0200041392054582040203131353230300D0ADA
:10F0300000000000520B0008820A00089A0A00082B
:10F04000B80A00089A0A0008FC0A00089A0A000890
:10F05000B80A0008820A0008820A0008FC0A0008B0
:10F06000B80A0008A20A0008A20A0008A20A0008BA
:10F07000060B0008820A0008820A00089A0A0008A3
:10F08000900B00089A0A0008FC0A00089A0A000877
:10F09000900B0008820A0008820A0008FC0A000897
:10F0A000900B0008A20A0008A20A0008A20A0008A1
:10F0B0000000000000000000000000000000000050
:10F0C0000000000000000000000000000000000040
:10F0D0000100000002000000030000000400000026
:10F0E0000600000007000000080000000900000002
:10F0F0000000000000000000000000000000000010
:10F1000001000000020000000300000004000000F5
:10F110000001020304050607080C101418203040F3
:10F12000010002000400060008000A000C001000A4
:10F1300020004000800000010101010307010000E0
:10F140000804020408010101C8BE0008E4BE00086A
:10F15000F2BE0008D6BE0008F2BE000896BE000847
:10F1600088BE0008F2BE0008BABE0008A4BE0008AF
:10F170006CC70008C2C40008DEC4000826C5000829
:10F180006CC700086CC70008F0C600082AC7000852
:10F190006CC700086CC700086CC700086CC7000883
:10F1A0006CC700086CC700086CC700087EC4000864
:10F1B0003CC5000880C50008C4C5000808C6000892
:10F1C0004CC6000890C6000894DC000894DC0008D7
:10F1D00094DC000894DC000894DC000894DC00084F
:10F1E00094DC000894DC000894DC000894DC00083F
:10F1F00094DC000894DC000894DC000894DC00082F
:10F2000094DC000894DC000894DC000894DC00081E
:10F2100094DC000894DC000894DC000894DC00080E
:10F2200094DC000894DC000894DC000894DC0008FE
:10F2300094DC000894DC000894DC000894DC0008EE
:10F2400094DC000894DC000894DC000894DC0008DE
:10F2500094DC000894DC000838FF000842FF000836
:10F260004CFF000856FF000860FF00086AFF000816
:10F2700074FF00087EFF000888FF000800000000FF
:10F28000F4020000FFFFFFFF050000006515010804
:10F2900000000000F4040000FFFFFFFF0602000072
:10F2A000B115010800000000F4050000FFFFFFFF9A
:10F2B000050300000916010800000000F407000023
:10F2C000FFFFFFFF040400005916010801000000C1
:10F2D000F428F118FFFFFFFF070100005517010890
:10F2E00001000000F4E50618FFFFFFFF0405000021
:10F2F000B517010801000000F4E50618FFFFFFFF45
:10F3000004050000B517010801000000F428F518F5
:10F31000FFFFFFFF01060000F917010801000000D0
:10F32000F428F218FFFFFFFF08080000FB1801088F
:10F3300001000000F428E018FFFFF8FF08070000B4
:10F3400059180108281B01083A1B01084C1B010829
:10F350005C1B01086E1B01087E1B01088E1B010847
:10F36000A01B0108B01B0108C01B0108D21B01082B
:10F37000E21B0108AD21010825220108C02D01086A
:10F38000FE2D0108EC2E0108D62F0108482F010898
:10F39000A82F0108642F0108222F01088CE601081C
:10F3A0003530010835300108453001083131010898
:10F3B000A9310108A5320108453301084934010883
:10F3C000E93401087D350108C93501081536010801
:10F3D000553601089536010835370108193A0108F4
:10F3E000593A0108C53A0108D93A0108010002005A
:10F3F000030004000B004000480008000A00100051
:10F40000110012000C000D000E000000B2440108B3
:10F41000E2420108F4420108064301082E430108B4
:10F42000B2440108B2440108B24401089243010801
:10F43000B2440108A443010840430108EC43010819
:10F44000FE43010810440108B2440108B643010814
:10F45000C8430108DA430108B2440108B244010874
:10F46000B2440108B2440108B2440108B2440108A0
:10F47000B2440108B2440108B2440108B244010890
:10F48000B2440108B2440108B24401082244010810
:10F49000224401082244010822440108B244010820
:10F4A000B2440108B2440108B2440108B244010860
:10F4B000B2440108B2440108B2440108B244010850
:10F4C000B2440108B2440108B244010822440108D0
:10F4D000B2440108B2440108B2440108B244010830
:10F4E000B2440108B2440108B2440108B244010820
:10F4F000B2440108B2440108B2440108B244010810
:10F50000B2440108B2440108B24401085243010860
:10F51000B2440108B2440108B24401083844010869
:10F52000B244010838440108B24401087443010898
:10F53000084501086A4501088E460108D8470108B8
:10F540004A470108AE47010860470108EE46010836
:10F5500098E60108054801080548010835480108F2
:10F560000149010871490108794A0108054B010860
:10F57000B14B0108414C0108E14C01082D4D010837
:10F58000794D0108B94D0108F94D0108854E010872
:10F59000394F0108F54F01085D500108715001080D
:10F5A000865E0108F85E01088A5F0108F0600108C4
:10F5B0002C600108A26001084A600108D45F0108BC
:10F5C000A0E601081D6101081D61010859610108DB
:10F5D00085620108D1620108A56301088164010800
:10F5E00071650108D1650108B1660108FD66010871
:10F5F0004967010889670108C96701088D68010822
:10F6000069690108716A0108F16A0108056B01085E
:10F610007274010872740108D2730108F273010850
:10F62000127401083274010852740108307501081F
:10F630003075010890740108B0740108D074010895
:10F64000F074010810750108EE750108EE750108E7
:10F650004E7501086E7501088E750108AE750108BA
:10F66000CE750108EE780108027801081E780108BD
:10F670005278010886780108BA780108527C01089E
:10F68000667B0108827B0108B67B0108EA7B0108E2
:10F690001E7C0108607F0108747E0108907E0108CD
:10F6A000C47E0108F87E01082C7F0108988C0108AF
:10F6B000CC8B0108E48B0108688C0108868C01085A
:10F6C000A2B10108CEB1010804B201083AB20108A2
:10F6D00066B2010892B201086EB001089AB0010842
:10F6E000C6B00108F2B0010892B2010892B2010856
:10F6F00092B2010892B2010892B2010892B20108D6
:10F700001EB10108CCB50108D6B2010876B30108D4
:10F7100016B401088EB4010800B50108C6B5010889
:10F720005EB50108A2B40108B6B4010870B60108BC
:10F730008AB60108A6B60108BEB60108ECB60108F3
:10F740001EB701084ACD010862CD010876CD010837
:10F75000C4CD010842CE01089CD001089CD001080C
:10F76000C0CE0108F0CE010820CF01088CCF0108DF
:10F77000232D302B2000686C4C006566674546479A
:10F78000003031323334353637383941424344451D
:10F79000460030313233343536373839616263648C
:04F7A000656600009A
:08F7A400340DFE7F010000009E
:04F7AC00E900000868
:04F7B000C10000088C
:10F7B4000024F40004000000010000000A06000216
:10F7C400000000400100000075CE000895D000083C
:10F7D400B5D100080000000049D50008A5D30008F1
:10F7E400C3D4000800000000000000000000000076
:10F7F40061D60008D1D50008F1D6000881D70008E9
:10F8040009024300020100C032090400000102029F
:10F814000100052400100105240100010424020252
:10F8240005240600010705820308001009040100ED
:10F83400020A0000000705010240000007058102DA
:10F844004000008101820000D5D90008F9D90008E0
:10F8540061DA00081DDA00088DDA0008B5DA00085C
:10F86400F9DA000800000000120100020202004060
:10F874008304405700020102030100000403090449
:10F884001A03000000000000000000000000000057
:10F8940000000000000000000000000031DC00084F
:10F8A40061DC00086DDC0008A5DC000855DD0008FB
:10F8B4000000803F08010020000000008844002070
:10F8C400F044002058450020000000000000000023
:10F8D4000000000000000000000000000000000024
:10F8E4000000000000000000000000000000000014
:10F8F4000000000000000000000000000000000004
:10F904000000000080B588B000AF786039601F2324
:10F91400FB1800221A707B68BB613B687B611A4B41
:10F924005A69194B8021C9020A435A61EFF31083C3
:10F93400FB60FB683B6172B6C0460FE07A69BB6945
:10F9440012681A607B6904337B61BB690433BB6151
:10F954001F217B181A787B1801321A701F23FB1899
:10F964001B783F2BEAD9C046074B1A69C0239B0278
:10F974001340F9D13B69BB60BB6883F31088C04670
:0CF98400C046BD4608B080BD0020024017
:040000050800FB8D67
:00000001FF
