:020000040800F2
:1000000000400220E9820008198100081D810008D3
:1000100000000000000000000000000000000000E0
:10002000000000000000000000000000A1810008A6
:100030000000000000000000A3810008A581000866
:1000400039830008398300083983000839830008A0
:100050003983000839830008398300083983000890
:10006000AD810008BD810008CD810008E581000850
:10007000FD810008398300083983000839830008AE
:10008000398300080D8200081D82000839830008AA
:10009000398300082D820008458200083983000852
:1000A0003983000839830008398300084D8200082D
:0C00B000398300085D82000839830008D5
:1000C00010B5064C2378002B07D1054B002B02D02E
:1000D000044800E000BF0123237010BD8801002008
:1000E0000000000050F90008044B10B5002B03D0AD
:1000F0000349044800E000BF10BDC04600000000F6
:100100008C01002050F9000802B4714649084900EA
:10011000095649008E4402BC7047C04602B471467D
:1001200049084900095C49008E4402BC7047C0463A
:1001300003B47146490840004900095E49008E44F5
:1001400003BC704703B47146490840004900095A8E
:1001500049008E4403BC7047002243088B4274D38D
:1001600003098B425FD3030A8B4244D3030B8B42B8
:1001700028D3030C8B420DD3FF22090212BA030CC1
:100180008B4202D31212090265D0030B8B4219D3A2
:1001900000E0090AC30B8B4201D3CB03C01A5241C2
:1001A000830B8B4201D38B03C01A5241430B8B420A
:1001B00001D34B03C01A5241030B8B4201D30B03F3
:1001C000C01A5241C30A8B4201D3CB02C01A52411A
:1001D000830A8B4201D38B02C01A5241430A8B42DD
:1001E00001D34B02C01A5241030A8B4201D30B02C6
:1001F000C01A5241CDD2C3098B4201D3CB01C01AE0
:10020000524183098B4201D38B01C01A52414309E9
:100210008B4201D34B01C01A524103098B4201D3D7
:100220000B01C01A5241C3088B4201D3CB00C01A44
:10023000524183088B4201D38B00C01A52414308BC
:100240008B4201D34B00C01A5241411A00D20146E1
:10025000524110467047FFE701B5002000F0F0F86A
:1002600002BDC0460029F7D076E7704703460B432E
:100270007FD4002243088B4274D303098B425FD39F
:10028000030A8B4244D3030B8B4228D3030C8B42CB
:100290000DD3FF22090212BA030C8B4202D31212B1
:1002A000090265D0030B8B4219D300E0090AC30B86
:1002B0008B4201D3CB03C01A5241830B8B4201D333
:1002C0008B03C01A5241430B8B4201D34B03C01A1C
:1002D0005241030B8B4201D30B03C01A5241C30A94
:1002E0008B4201D3CB02C01A5241830A8B4201D305
:1002F0008B02C01A5241430A8B4201D34B02C01AEF
:100300005241030A8B4201D30B02C01A5241CDD293
:10031000C3098B4201D3CB01C01A524183098B42DE
:1003200001D38B01C01A524143098B4201D34B01C7
:10033000C01A524103098B4201D30B01C01A52412A
:10034000C3088B4201D3CB00C01A524183088B42B1
:1003500001D38B00C01A524143088B4201D34B009A
:10036000C01A5241411A00D201465241104670470C
:100370005DE0CA0F00D04942031000D34042534011
:1003800000229C4603098B422DD3030A8B4212D3D1
:10039000FC22890112BA030A8B420CD38901921103
:1003A0008B4208D3890192118B4204D389013AD040
:1003B000921100E08909C3098B4201D3CB01C01A15
:1003C000524183098B4201D38B01C01A5241430928
:1003D0008B4201D34B01C01A524103098B4201D316
:1003E0000B01C01A5241C3088B4201D3CB00C01A83
:1003F000524183088B4201D38B00C01A5241D9D29B
:1004000043088B4201D34B00C01A5241411A00D21B
:100410000146634652415B10104601D34042002B17
:1004200000D54942704763465B1000D3404201B596
:10043000002000F005F802BD0029F8D016E770474B
:100440007047C046844608006146FFE71FB500F0CC
:1004500059FC002801D40021C8421FBD10B500F08E
:10046000D9FB4042013010BD10B500F04BFC002814
:1004700001DB002010BD012010BDC04610B500F00A
:1004800041FC002801DD002010BD012010BDC04648
:1004900010B500F0E7FB002801DC002010BD0120B2
:1004A00010BDC04610B500F0DDFB002801DA0020C9
:1004B00010BD012010BDC046002B11D1002A0FD164
:1004C000002900D1002802D00021C943080007B448
:1004D000024802A14018029003BDC04665FFFFFF1D
:1004E00003B4684601B5029800F01EF8019B9E46D1
:1004F00002B00CBC7047C0469E2110B5C905041C53
:10050000FFF7D0FF002803D1201C00F041FF10BDF1
:100510009E21201CC90500F081FD00F039FF8023D9
:100520001B069C466044F2E7F0B557464E464546EA
:10053000DE46E0B504000D009246994683B08B423A
:1005400030D82DD04946504600F0EEFF2900060075
:10055000200000F0E9FF331A9846203B34D49B4634
:1005600053465A46934042461F00534693401E004E
:10057000AF423BD8AF4200D179E05B46A41BBD41FE
:10058000002B00DA76E00022002300920193012381
:100590005A4693400193012342469340009329E039
:1005A0008242CFD900220023009201930C9B002BA2
:1005B00001D01C605D600098019903B0F0BCBB469F
:1005C000B246A946A046F0BD42469B4620239B1A50
:1005D0005246DA40414613004A468A4017004246D6
:1005E0001F43534693401E00AF42C3D9002200234D
:1005F000009201934346002BD8D0FB0772081A43A0
:1006000046467B080EE0AB4201D1A2420CD8A41AA8
:100610009D41012024196D410021013E24184D41C6
:10062000002E06D0AB42EED9013E24196D41002EBA
:10063000F8D1009801995B4600196941002B24DB31
:100640002B005A464446D3402A00E2401C005B4639
:100650001500002B2ADB26009E403300260047466B
:10066000BE403200801A9941009001919EE7A3425A
:10067000BCD882E74246202300219B1A0022009129
:1006800001920122DA40019285E7424620239B1A1B
:100690002A0046469A402300F340444613432A006A
:1006A000E2401C005B461500002BD4DA42462F00C6
:1006B0002023260097409B1ADE403B003343CDE7C2
:1006C000F8B5CE46474643025A0A4E024500C40FCB
:1006D000480091462D0E720A000E944680B59B0983
:1006E000C90FB6092A1A8C4221D0002A0DDD002834
:1006F0002DD1002E00D18DE0511E012A00D11DE127
:10070000FF2A00D1ABE00A0027E0002A4DD0421BAF
:10071000002D00D0CCE0002B00D179E0541E012A3E
:1007200000D128E1FF2A00D197E02200C5E0002A8D
:1007300000DC96E000284FD0FF2D00D18FE0802113
:10074000C9040E431B2A51DD2A00013318E0FF2D96
:1007500000D184E08021C9040E4301211B2A08DC5A
:1007600031002020D140821A96403200501E824132
:1007700011435B1A5A0159D407212A00194049D064
:100780000F211940042900D00433590142D5501CCF
:10079000FE2A3AD09B01C0B25B0AC0051843E407A9
:1007A0002043C0BCB946B046F8BDFE2080466F1C51
:1007B00038004746074200D08EE0002D00D0B4E05C
:1007C000002B00D1DBE0002E6CD0981B450100D43B
:1007D000F7E00C00F31A3DE0002E1BD0511E012A59
:1007E00000D182E0FF2A3AD00A00ABE73100202096
:1007F000D140821A96403200501E82410A439B1813
:100800005A01B9D56A1CFE2D75D1FF200023C4E71B
:100810000C003300DB08FF2A46D1002BF5D08022E4
:10082000D20313435B02FF205B0AB6E79F01BF09B7
:10083000380000F05BFE05388740854224DC3B0031
:100840002021421B0132D3408A1A97407A1E9741D9
:1008500000223B43590793D197E70C003300DB0894
:10086000DBE7002A14D0421B002D4BD1002BD0D047
:10087000511E012A00D19EE0FF2AEFD00A001B2A58
:100880005FDD0200731C7BE7504B2A1A3B40E1E717
:10089000FE216A1C11423BD1002D5DD1002B7FD07F
:1008A000002E7FD10022DB085B025B0AD0B274E726
:1008B000FF28D2D08024E404234301241B2A07DC30
:1008C0001C002025D440AA1A93405A1E93411C4371
:1008D000331B05000C004DE79F1B7A0122D4002F2B
:1008E000A6D100240020002357E79B1901250132DF
:1008F000590100D440E70121354819405B08034005
:100900000B43A7E7FF28A9D08021C9040B43B6E712
:10091000FF2A00D179E79B195B08590700D02FE720
:10092000DB08C1E70C00F71A82E7002B2CD1002E60
:1009300093D180230024FF20DB032EE701259B1B9E
:1009400018E719002025D140AA1A93405A1E934156
:100950000B4305009B1953E7002B00D17EE7002EC7
:1009600000D17CE78022D203914502D3944500D286
:100970003300DB0853E70C00F31A0135FAE6002ECA
:10098000AFD00C0033008DE7002E00D167E7802246
:10099000D2039145EDD39445EBD20C003300E8E748
:1009A00033007FE79B1900225901B9D5074A13404C
:1009B000DB08012278E79B190132013559019AD4ED
:1009C000DAE6031E8DD0DB086EE7C046FFFFFFFBB3
:1009D000FFFFFF7DF0B54F464646D6464402C0B500
:1009E00047000E1C640A3F0EC50F002F3CD0FF2F9E
:1009F00042D00023802299469A46E400D204144350
:100A00007F3F73025B0A984673001B0EF60F002BA4
:100A10001BD0FF2B13D042468021D200C9041143C2
:100A2000884600207F3B2900FF1A4B467140C9B21F
:100A30000F2B00D9B5E0744A9B00D3589F4643461C
:100A4000002B3FD1FF3F023303E04346002B2DD163
:100A5000012329004A467140C9B21A430E2A38D8E8
:100A60006A48920082589746002C13D10423994675
:100A7000033B00279A46C4E7002C05D1082399467A
:100A8000063BFF279A46BCE70C239946093BFF2704
:100A90009A46B6E7200000F029FD7627431F9C40C8
:100AA00000237F4299469A463F1AAAE7404600F043
:100AB0001DFD4246431F9A4076235B421B1A904617
:100AC0000020B0E703234A461A4391460320FC3333
:100AD000A9E70D00FF200022C005ED0710432843C1
:100AE000E0BCBA46B146A846F0BD0D000020002289
:100AF000F2E75346022BEDD0032B33D0A046012B57
:100B000005D100200022E7E7350003287AD03B001A
:100B10007F33002B2DDD4246520707D00F2241467E
:100B20000A40042A02D004229446E04442461201BC
:100B300005D54246364B1A403B0090468033FE2B8B
:100B4000C8DC42469201520AD8B2C5E7802200258D
:100B5000FF20D203C0E78022D203144202D04346D2
:100B6000134249D08022D20322435202FF20520A6C
:100B7000B2E70122D31A1B2BC3DC4246DA404346BC
:100B80009E37BB40591E8B411A43530704D00F2395
:100B90001340042B00D00432530129D50120002238
:100BA0009AE7424663015501AB4215D21B20002251
:100BB000013F01261C0052005B00002C01DB9D421E
:100BC00001D85B1B324301380028F3D1581E834102
:100BD000134398460D009AE71A2001225B1BE8E7B1
:100BE000023B5A4253415B4235000022D8B273E7C0
:100BF00092010020520A6FE71A4352023500FF208B
:100C0000520A69E74446ADE7A0F90008E0F9000898
:100C1000FFFFFFF770B542004E024C0045026D0A1F
:100C2000120EC30F760A240EC90FFF2A10D0FF2C14
:100C30000CD00120A2420AD1B54208D18B420FD07C
:100C4000002A04D12800431E984100E0012070BD15
:100C50000120FF2CFBD13543F9D14B401800F6E7BA
:100C60000020F4E730B5420044024D02C30F4800B3
:100C7000640A120E6D0A000EC90FFF2A19D0FF2850
:100C80000BD0002A1ED100280BD1002D27D0002C1C
:100C900034D100292FD0080030BD002D28D1002AE2
:100CA00001D1002CF5D08B4207D1002B23D01800A6
:100CB000F2E7002C1CD1FF2814D0581E0223184044
:100CC0000138E9E70028F8D08B42F6D18242F4DC03
:100CD000EBDBAC42F1D80020AC42DDD2E5E7002CE2
:100CE000DAD0EAE7002D03D18B42E6D10020D3E72A
:100CF00002204042D0E701204042CDE78B42E8D0BD
:100D0000DBE7C04630B5420044024D02C30F480045
:100D1000640A120E6D0A000EC90FFF2A1AD0FF28AE
:100D20000ED0002A1ED100280ED1002D2AD0002C72
:100D30000CD08B421DD0581E02231840013810E001
:100D4000002D0DD1002A20D1002C1ED1002923D046
:100D5000080006E0002C03D1FF28ECD1002D17D0AD
:100D6000022030BD0028E6D08B42E4D18242E2DC92
:100D700004DBAC42DFD80020AC42F2D2002B0BD017
:100D80001800EEE7002CECD0D5E78B42D3D1F5E785
:100D900000208B42E5D0CEE701204042E1E7C0468B
:100DA000F0B54F464646D64643025B0A4500C0B5FD
:100DB00099460F1C2D0EC60F002D00D188E0FF2D87
:100DC00000D18DE08022DB00D2041A43002391463B
:100DD00098469A467F3D7C027B00640A1B0EFF0FFB
:100DE000002B68D0FF2B21D08022E400D2041443D2
:100DF00042467F3B5B1900215D1C0A2A2EDC7E40A7
:100E00004246022A23DC013A012A00D9BDE0022928
:100E10006ED001292CD100200022C005F607104316
:100E20003043E0BCBA46B146A846F0BD2B00FF33C4
:100E3000002C65D00322414611433200013588461B
:100E40007A40FF350A2900DDD8E01600032140462C
:100E500001228240A620C000024220D05346022B2D
:100E600046D0032B00D1BBE051464C460129D2D0DD
:100E70002B007F33002B70DD620704D00F2222404D
:100E8000042A00D00434220103D5634B1C402B00FC
:100E90008033FE2B2CDCA201520AD8B2BDE7902091
:100EA0008000024227D1B938FF3810426DD03E0091
:100EB000A1468A46D2E7002C41D1012342461A437B
:100EC00090462B00424601215D1C0A2A97DDC5E7AA
:100ED000002B26D104239846033B00259A467AE747
:100EE000002B18D108239846063BFF259A4672E747
:100EF000FF20002291E780220026FF20D2038CE70A
:100F000041460222013511438846FF350A29A5DCF6
:100F100002217E4074E70C239846093BFF259A4640
:100F200059E7180000F0E2FA4A46431F76259A4036
:100F300000236D42914698469A462D1A4BE72000B1
:100F400000F0D4FA4246431F9C402B1A763B002106
:100F50005D1C0A2A00DC52E780E70122D31A1B2B12
:100F600000DD58E79E352200AC40DA40631E9C410C
:100F70002243530704D00F231340042B00D0043224
:100F8000530137D50120002247E7210C4A462404AB
:100F9000240C2700100C1204120C444357434843FE
:100FA00051433A0C09195218944203D9802149023D
:100FB0008C4660443F0411043F0CC9198C01671E24
:100FC000BC41120C890E12180C43920114431201F9
:100FD0000ED5012362081C40144349E73E00A14698
:100FE00080224B46D2031A435202FF20520A14E7D2
:100FF0001D003DE792010020520A0EE70F29EDD1B6
:1010000080224B46D2031342EAD01442E8D13E007C
:10101000FF20224301E7C046FFFFFFF7F8B5474630
:10102000CE464E0243024500720AC40F480080B506
:1010300094465F0A2D0E9B09000EC90FB609FF28C2
:1010400024D0012251402A1A8C420FD0002A00DC01
:101050006AE1002835D1002E00D1A2E0511E012AFC
:1010600000D124E1FF2A21D00A002FE0002A00DC71
:1010700067E100285ED0FF2D18D08021C9040E43FF
:101080001B2A00DC76E02A00013332E02A00FF3A16
:101090009146002E42D08C4255D04A46002A00D1BB
:1010A0009CE0002D00D177E00C003300DB08002B22
:1010B00000D16EE08022D20313435B02FF205B0A63
:1010C00024E0FF2DF2D08021C9040E4301211B2A08
:1010D00008DC31002020D140821A96403200501E98
:1010E000824111435B1A5A0160D407212A0019403A
:1010F00057D00F211940042900D00433590150D58D
:10110000501CFE2A45D09B01C0B25B0AC0051843A3
:10111000E4072043C0BCB946B046F8BD01225140A7
:101120008C42BAD14A46002A10D0002D00D198E056
:101130000023BBE7002E34D0511E012A6ED0FF2AB7
:10114000B4D00A009CE7002A00D088E0FE206A1C88
:10115000104200D092E0002D00D0A4E0002B00D17E
:10116000CBE0002E00D0CAE00022DB085B025B0A65
:10117000D0B2CBE731002020D140821A9640320015
:10118000501E82410A439B185A01AED56A1CFE2D9F
:101190004AD1FF200023B9E7FF22002B4BD10C00DE
:1011A0003300DB08FF2A00D181E7DFE79F01BF0999
:1011B000380000F09BF905388740854221DC3B0070
:1011C0002021421B0132D3408A1A97407A1E974150
:1011D00000223B43590700D08BE78FE7FE206A1CB3
:1011E000104212D1002D52D1002B7CD0002EBBD04A
:1011F0009A1B500100D48BE001240022F31A0C400A
:10120000E8E7564B2A1A3B40E4E79F1B7A0146D495
:10121000002FCDD100240020002377E79B19012562
:101220000132590100D460E701214D4819405B08A3
:1012300003400B43CEE7571E012A5AD00C00FF2A69
:1012400033D001221B2F07DC2021C91B1A008B4041
:10125000FA40591E8B411A430500B31A43E7002D8B
:1012600023D1FF22002B9BD0511E012AD6D0FF2A6A
:101270001BD01B292CDD0200731C3AE7FF2A88D003
:101280009B195B08590700D033E7DB086EE7002B9A
:1012900010D1002E43D0012433000C4006E7012476
:1012A000F71A0C4084E7002B04D13300FEE6012539
:1012B0009B1B18E7002E00D1F8E68022D20397424C
:1012C00004D3944502D2012433000C40DB08F1E63C
:1012D0001A002025CA40691A8B40591E8B411343BE
:1012E00005009B1950E7002E94D0012433000C40D8
:1012F0003AE70C000125F31AF5E6330034E79B19B1
:1013000000225901C1D5154A1340DB0801222DE7FF
:10131000002A00D17EE713000022DB0826E78023A5
:101320000024FF20DB03F1E6002A00D156E7471B2B
:101330003A00002D00D130E78022D2040C00134384
:101340007FE7002A00D101E7411B002D01D10A00EF
:1013500088E78022D20413438BE7C046FFFFFFFBE0
:10136000FFFFFF7D43024A02400049005B0A520A28
:10137000090E000EFF2806D00020FF2902D1531EBF
:101380009A4110007047FE38002BFBD1F4E7C046AD
:1013900041024200C30F490A0020120E7E2A03DDDB
:1013A0009D2A02DD094A98187047802000040143F5
:1013B000952A07DC9620821AD1404842002BF3D1AF
:1013C0000800F1E7963A9140F7E7C046FFFFFF7F3C
:1013D00070B5002813D0C317C5185D40C40F28008E
:1013E00000F084F89E2301001B1A962B0FDC0828BE
:1013F00034D008398D406D026D0AD8B202E0002465
:1014000000200025C0052843E407204370BD992B28
:1014100016DC421F052800D095402A0011480240E2
:101420006E0709D00F263540042D05D00432550132
:1014300002D59F2302405B1A9201550AD8B2E1E718
:101440000522121A2800D040020008001B308540F7
:101450002800451EA84102431500DEE76D029620D4
:101460006D0ACFE7FFFFFFFB70B5041E0ED000F042
:101470003DF89E2301001B1A962B0CDC08282FD068
:1014800008398C406402640AD8B201E000200024CC
:10149000C005204370BD992B16DC421F052800D0E3
:1014A0009440220010480240650709D00F252C40C7
:1014B000042C05D00432540102D59F2302405B1A4C
:1014C0009201540AD8B2E3E7020020001B32904098
:1014D0000200501E82410520401AC4401443E0E738
:1014E00064029620640AD3E7FFFFFFFB1C2101235F
:1014F0001B04984201D3000C10391B0A984201D3F7
:10150000000A08391B09984201D30009043902A2D4
:10151000105C40187047C04604030202010101013B
:10152000000000000000000010B5002903D1FFF703
:10153000DDFF203002E00800FFF7D8FF10BDC046F5
:101540000023C25C0133002AFBD1581E704770474C
:101550000A2382B00193019B002B07D1054BC000E9
:10156000C01800688001800D02B07047019B013BEC
:10157000F0E7C046009800400A2382B00193019B27
:10158000002B07D1054BC000C01840688001800DBA
:1015900002B07047019B013BF0E7C0460098004055
:1015A00073B504000120002C2FD0244D635DDAB206
:1015B000002B05D1A5239B002000E25405F0DCFDA3
:1015C00003236355206800F0EDFD0023220019007D
:1015D000012620791432984218D1002122000800F7
:1015E0005532FF328B421BD16B46227C1A70E36866
:1015F0006168A268206800F0DDFD00236374013398
:101600006355237B012B15D0002076BD1370013369
:101610005670D170116151619161DBB22832DAE705
:10162000117001315070D070106150619061C9B279
:101630002832D7E7200000F09AFDE5E79502000088
:1016400070B5A525AD00435D04000220012B09D033
:1016500001236355206800F09DFD206800F0D4FF51
:101660000020605570BD70B5A525AD00435D040038
:101670000220012B07D0012363552068617400F01C
:10168000BDFF0020605570BDF0B5040089B0006852
:1016900000F0C1FF0422CB4B1B6813426AD08025A7
:1016A00080232D021B020540184200D1C5E3802291
:1016B000256812026B6C13425CD00F226B6C1A40CF
:1016C00019000192082211400691134252D1019A49
:1016D000002A00D090E0102619003140334221D179
:1016E0002B68B94A200013408022120213432B605A
:1016F000237DB64ADB009B181B68A26A9B019B0DE9
:101700002363D318A36205F092FD637C002BCED037
:10171000E26A2168002ACAD18020637C0343CB643B
:101720006274C4E72B6880221F0012011740134225
:1017300033D0AA235B00E05CFFF71EFF2200553286
:10174000FF320300A24FD061082815D02A68A14BB0
:10175000A1491A4080235B015340A04A13432B60E8
:101760002B680B405E40802332432A602A683A404F
:1017700013432B6009B0F0BDA72189002800611830
:10178000D28801F0EFF88023216820000A683A40EF
:1017900013430B6005F036FD89E71B0400D486E790
:1017A0002A688B4B26001A40802313432B60AA2300
:1017B0005B00E05CFFF7E0FE5536FF36031EF0618C
:1017C00009D12B68834A1340C02292015A40834BAF
:1017D00013432B606BE77169002900D167E728008C
:1017E000F28801F0BFF87369F26939009B18200094
:1017F000736105F010FD5AE7019B9B000593EB1800
:101800001A6804926A46128A0292049A120400D458
:101810007FE019686E4A2826114080220A431A6028
:10182000019B5E43A619330032006133FF331B78FE
:101830005532FF32002B0CD11078FFF79DFE071EAA
:101840004FD033005B33FF33FC361A88F16E3B0018
:1018500044E01378039333005833FF331B78022B93
:1018600000D0DAE08023029ADB011A400792029A44
:101870000398FC361A4200D18DE0FFF769FE326F03
:101880000300070082420ED2069A3267039A51483B
:101890009200AA18116801408020800148404F49F9
:1018A0000143116002E0121A3267EFD0029A520629
:1018B00008D5039A4A499200AA1810680840494975
:1018C00001431160002B0CD02821019A514361186B
:1018D0000A005D32FF32FC311288C96E280001F027
:1018E00041F82822019951436318FC33586FC019FD
:1018F0005867186F002803D0986E874200D3ABE07A
:10190000019B20005A43A2185532FF32117805F08E
:1019100082FC23680393049B1B0600D4C7E6039A4A
:10192000059B944663441A6827490A4080210902AE
:101930000A431A602823019959436618F27D0592DB
:10194000012A00D0BAE0019A013253430022E31881
:101950005A60731CDB7F934214D0049B5B0600D457
:101960008FE0737D934200D080E0337D174ADB0027
:101970009B181A68920192091A608022196812064F
:101980000A431A602823019A5343E318197D200063
:1019900005F04DFC8BE6FFF7EFFD326F030007000B
:1019A000824221D2079A3267039A0A489200AA1803
:1019B00011680140802080014840084901431160BE
:1019C00015E0C046A00001400F8FFF0700980040BF
:1019D0008F0FFF078FBFFF07BF8FFF0780800000BB
:1019E0008F8FFF07C0800000121A3267DCD0029A86
:1019F000520608D4039AD7499200AA1810680840E2
:101A0000D54901431160002B00D16AE72821019AD2
:101A1000514361180A005F325CE7039BCD499B008C
:101A2000EB1818680840CC4901431960107883000E
:101A3000EB181B685B0407D5FFF78AFD071E00D172
:101A40004FE733005D33FEE6FFF796FD071E00D13A
:101A500047E733005F33F6E6DA6E5531D219FF31CE
:101A60002068DA66611800F00DFE52E7012B89D17B
:101A7000337DBA4ADB009B181A6892B21A601A6862
:101A80007FE7737D002B0DD1337DB44ADB009B18BB
:101A90005A68920192095A608022596812060A43D4
:101AA0005A606FE7012B00D06CE7337DAB4ADB0057
:101AB0009B185A6892B25A605A68F1E780230498DA
:101AC000049A5B00357D18401A4219D1A34AEB00F5
:101AD0009B181B68F26A9B019B0D9A4202D8290051
:101AE000F06254E7D21AF262B26A1431D218B262CA
:101AF000326B0398D3183363611800F0C3FDD6E549
:101B00004023029F029A28001F401A4200D1D2E0CF
:101B1000FFF71EFDF26A0023824200D9131A8022C9
:101B2000029FD201F3621740002B4DD1019A283356
:101B30005343E3185B7D002B36D18021874AEB00AD
:101B40009B181A680906920192091A601A680A43DA
:101B50001A605A68920192095A605A681143596092
:101B6000059B022B0AD1039AAB00D3181A687C4953
:101B70000A40202151407B4A0A431A602900200074
:101B800005F055FB002F00D191E52823019A53431E
:101B9000E3181A7D236892009B1819686D4A11405A
:101BA000714A0A431A6082E5012BD9D16B4AEB00D6
:101BB0009B181A6892B21A601A681A605A6892B230
:101BC0005A605A685A60CBE7002F08D0039AAB00DE
:101BD000D31819685F4A1140634A0A431A602822E1
:101BE000019B5A43A218170038373B78012B29D1A3
:101BF000916A09189162336B1B183363566B536AF1
:101C00009E422ED3F61A5663282201984243A21808
:101C1000527D002A44D1514AED00AD182A68920144
:101C200092092A60002B26D18022286812060243DE
:101C30002A60282201989BB24243A218928B0398F3
:101C400000F0ECFC2823019A45495343E3181A7D20
:101C5000236892009B181A680A4030215140414A7B
:101C60009FE7002E02D103003E70CDE700233B70BA
:101C700053633300C8E73E2B06D801205A081840AA
:101C8000121892062868D2E71F2018404642704179
:101C90005A09121A28689206024380200006C6E7F5
:101CA000012AC6D12D4AED00AD182A6892B22A60E9
:101CB00028681A04BBE7FFF75FFCF26A3B00824228
:101CC00000D3131A8022029FD201F3621740002B27
:101CD0004CD1019A28335343E3185B7D002B28D164
:101CE00080211E4AEB009B181A680906920192098E
:101CF0001A601A680A431A605A68920192095A6077
:101D00005A6811435960059B022B0AD1039AAB0014
:101D1000D3181A6812490A4020215140114A0A4337
:101D20001A602900200005F082FA002F00D0BEE4DE
:101D30002BE7012BE7D1094AEB009B181A6892B2F6
:101D40001A601A681A605A6892B25A605A685A60E1
:101D5000D9E7C0468F8FFF07C08000000098004081
:101D6000BF8FFF078080000080C00000002F08D1D7
:101D7000039AAB00D3181968704A1140704A0A439D
:101D80001A602822019B5A43A218170038373B7863
:101D9000012B00D056E7916A09189162336B1B182A
:101DA0003363566B536A9E421DD3F61A566328223C
:101DB00001984243A218527D002A33D1614AED00B6
:101DC000AD186A68920192096A60002B15D18022D1
:101DD0006868120602436A60282201989BB2424357
:101DE000A218D28B2BE7002E02D103003E70DEE753
:101DF000002353633B703300D9E73E2B06D8012004
:101E00005A081840121892066868E3E71F20184025
:101E1000464270415A09121A6868920602438020AD
:101E20000006D7E7012AD7D1464AED00AD186A6807
:101E300092B26A6068681A04CCE743050CD5226840
:101E40004149536C20000B40536405F002FA29000D
:101E50002000FFF708FC8DE4430405D522683B49C8
:101E6000536C0B40536485E4802301009B011940AF
:101E7000184203D022683649536CF2E7C30417D5E1
:101E80002368186C9043186408201A6C82431A6403
:101E9000B3239B00E25C012A03D12000E15405F04A
:101EA000B7FA200005F0F8F922682A49536CD8E700
:101EB00003050FD508212368186C01431964596C78
:101EC000254801405964196C0A431A64200005F042
:101ED000D1F94FE403061DD523682048596C014011
:101EE000B32059648000215C0029EFD1196C0A43AA
:101EF0001A640822196C0A4301211A643C222154F5
:101F00005B6D20009B081340B4229200A35005F0A3
:101F10007FFA2FE4830509D522681149536C20000C
:101F20000B40536405F08EF9FFF724FCC00501D483
:101F3000FFF720FC22680B49536C92E78F8FFF0755
:101F400080C0000000980040FFFB0000FFBF0000C1
:101F5000FFDF0000FFEF0000FFF700007FFF000041
:101F6000FFFD0000FFFE000070B5040007200D001B
:101F70000840282141436DB26618002D1ADA012568
:101F80001431611875755205520D08700A61CB70D5
:101F9000022B01D100230B71A525AD00635D02204A
:101FA000012B06D001236355206800F019F90020A9
:101FB000605570BD002555315636FF31FF3661182A
:101FC0003570E0E707220B000A40282151435BB23D
:101FD00070B504004018002B12DA01231431611887
:101FE0004375A5250A70AD00635D0220012B06D064
:101FF00001236355206800F03BFA0020605570BD56
:10200000002355315630FF31FF3061180370E8E787
:10201000F8B50724214021344C4306193700FC371A
:102020003B6733000025563355365534FF33FF36B2
:10203000FF347D67FA661D7031700119006800F089
:1020400021FB2800F8BD07230B40282159434018E5
:10205000FC30406F704770B50724214021344C4359
:1020600006193500B26201223835F3622A70002564
:10207000143435633175736372750119006800F0AB
:1020800001FB280070BD072270B5037904000A40E7
:102090000120934219D348B22823002816DA53436B
:1020A000190001201431E318611858750123A52582
:1020B0008B700A70AD00625D02209A4205D06355B4
:1020C000206800F045FA0020605570BD4B431900B0
:1020D0000020E31855315633FF31FF336118187073
:1020E000E4E70B000F2270B5017904001A400120CB
:1020F00091421BD3072228211A4051435BB260183A
:10210000002B14DA01231431611843750025A5262C
:102110008D700A70B600A35D0220012B06D001234A
:10212000A355206800F032FA2800A55570BD0023A1
:1021300055315630FF31FF3061180370E6E730B596
:1021400028240D060BD5072529404C4314340019CB
:1021500099B2002A07D10273C180002030BD4C43E0
:102160005534FF34F3E7012283600273F5E7026818
:102170000300B520012110B58000B32419500020C0
:10218000A4001855536D194302235165516D0B433B
:10219000536510BD03000020014A58641A6470475B
:1021A00080BF0000036C024A1340036400207047A4
:1021B0007F40FFFF84B010B50492012202640593B2
:1021C000036C040093430364036C03919340D34076
:1021D00003640020606410BC08BC04B01847000011
:1021E000F7B501240E78B300C3181A689648024068
:1021F000C8780094032807D8FDF790FF023A3734D7
:102200008024A40022430090904C914D22431A60F8
:102210001A68904F2A40324322431A60F200D219C2
:102220000F7B002F66D1CF88BF08BF0001974F7882
:10223000002F25D01168019E090C09041160116856
:10224000314311601A68520604D51968824A294040
:102250000A431A60814D01280CD0202219682940B8
:102260004A4009E0C024E400224300240094CBE764
:102270008024F8E71A682A4022431A600098FEBDBD
:102280005068019F000C0004506050680969384391
:1022900050605068800180095060002905D1506865
:1022A000802109060143516009E03E2918D8012721
:1022B00048083940401851688006084350601A6841
:1022C000520404D51968664A29400A431A60654ACF
:1022D00019681140C022002E00D080229201BFE771
:1022E0001F27480939404F427941401A51688006FA
:1022F0000843D5E702284AD11F685B4E2F403E4372
:102300001E601668360C360416600E891768B6080B
:10231000B6003E4316605668360C360456604E8949
:102320005768B608B6003E4356604E784D4F01964A
:102330004A4EB446019E002E62D180261868F601EE
:10234000304204D01E6846482E403043186018685A
:10235000400604D5186805403F48284318601068B7
:102360000969800180091060002915D18020156855
:1023700000062843106050688001800950600029E1
:102380001FD15068802109060143516023E01E6877
:10239000364F3E402643B3E73E2906D8012548087C
:1023A0000D40401980061568E3E71F250D406E4279
:1023B00075414809401B15688006284380252D0675
:1023C000D7E73E2912D8012548082940401851680E
:1023D000800608435060C0221968920139404A4083
:1023E000614622431A601A680A4045E71F254809DA
:1023F00029404D426941401A516880060843C1E7AF
:1024000080211A68C9010A4204D01968144A294077
:102410000A431A601A68520604D519680E4A294000
:102420000A431A6001280BD0624619681140202225
:102430004A4022431A601A683A4014431C601DE760
:1024400061461A680A40F4E78F89FF078080000020
:102450008F8FFF0700980040C0800000BF8FFF07EC
:1024600080C000008FBFFF07808100008F8EFF07B4
:10247000F0B50B780A7B9B00C0184E782E4B002AD3
:102480001CD10268002E0ED0520605D501682B4AD9
:1024900011402B4A0A43026002682A490A4013434A
:1024A00003600020F0BD520405D50168234A1140A5
:1024B000254A0A43026002682449EFE780211F4A47
:1024C000204D224CC901002E1AD106680E4204D0BC
:1024D00006681D491640314301600168184E4906DF
:1024E00003D5016811403143016001680A40164379
:1024F0000660026822401A43026002682A40CEE762
:102500000768114E0F4203D001681140314301604A
:102510000168490604D50768094917403943016035
:1025200001680A401643066002682A401A430260A6
:1025300002682240B3E7C046808000008F8FFF070B
:10254000C0800000BF8FFF0780C000008FBFFF0763
:102550000B780B4A9B00C0184B780168002B07D002
:10256000084B194010234B40134303600020704771
:10257000054B194080235B014B401A430260F5E78D
:1025800080800000BF8FFF078FBFFF070B789B0085
:10259000C0184B78002B15D003685B0605D5026880
:1025A000104B1A40104B13430360CB78012B07D01C
:1025B0000E4A0368134020225A400D4B1343036018
:1025C0000020704703685B0405D50268054B1A407C
:1025D000084B13430360084A03681340C02292016A
:1025E000EAE7C0468F8FFF07C0800000BF8FFF075C
:1025F0008080000080C000008FBFFF07002901D14C
:102600008023C364002070478023826D1B02134324
:10261000836500207047406C70470000F7B50324C5
:10262000D81C23401C00651EAC418008001B144CC4
:102630000D00121904000192002C0FD1002B0CD0B8
:102640002500800009184E5DEF00BE40013534437F
:10265000AEB2B342F7D112181460F7BD2E78013C28
:10266000B44667466E7836023E43AF783F04374340
:10267000EE78043536063E43019F40C70197DBE7FD
:1026800000980040F0B54A7806000C000B7B85B03E
:10269000012A00D00DE10F698D69BD4200D93D00CE
:1026A00062690192002B1ED1ABB2E2883000019921
:1026B000FFF7B4FF2378A24ADB009B181A682D04A9
:1026C00092B21A601A6815431D6023789D4A9B00D8
:1026D000F3181968114030224A409B490A431A6096
:1026E000002005B0F0BD20789549C2005218E1786D
:1026F0008000236A3018022900D0C3E09F4200D333
:10270000B0E00768914B1F40914B3B430360236A45
:102710005B1B2362036840209C4661460340029392
:10272000019B5F192B040393ABB201424ED050685A
:10273000290480B250605068084350606289019952
:102740003000FFF76BFF236A2169002267618B422B
:1027500001D95A1B2B0022626278002A2AD12278E2
:102760007749D20052181168890189091160002B3C
:102770000BD18021106809060143116022899BB2A8
:1027800039003000FFF74AFF9FE73E2B06D80120B3
:1027900059081840091889061068EDE71F201840ED
:1027A000454268415909091A106889060143802089
:1027B0000006E1E7012AE1D122786149D2005218EE
:1027C000116889B2116010681904D5E710682904EE
:1027D00080B21060106808431060228930000199AF
:1027E000FFF71CFF236A22696761934202D95B1BD2
:1027F00002932B00029A22626278002A26D1227864
:102800004F49D20052185168890189095160002B43
:1028100007D18021506809060143516062899BB24B
:10282000AEE73E2B06D80120590818400918890642
:102830005068F1E71F201840454268415909091ABC
:1028400050688906014380200006E5E7012AE5D1AA
:1028500022783B49D2005218516889B251605068C1
:102860001904D9E705683B4F37493D400D430560E2
:10287000106880B2106015681804284310609BB27D
:1028800022890DE05B1B236200682F04ABB2400677
:1028900008D5506880B250605068384350606289F3
:1028A00001996EE7106880B21060106838431060BC
:1028B000E6E7002B26D10B788A699B00C318002A13
:1028C0001BD1CA78002A18D1204A19681140204A21
:1028D0000A431A60A369226993422ED99B1AA36105
:1028E00023781D4A9B00F61833681340C0229201DA
:1028F0005A40154B13433360F2E6164A19681140EB
:10290000114AE5E7CB78022B13D1CB69002BE7D036
:102910000B78124A9B00C1180B681340934201D0F8
:10292000002BDDD10A68094B1A400D4B13430B6095
:10293000D6E70120012B00D0D3E60023CFE7C04625
:1029400000980040BF8FFF07808000008F8FFF0737
:10295000808100008F8EFF078FBFFF07404000007F
:10296000C0800000F7B50324D81C2340134C800816
:1029700012191C00651EAC41001B0D0004000192E1
:10298000002C0ED1002B0BD08000121809181068F3
:102990000500E200D5400D550134A2B29342F7D1B3
:1029A000F7BD019F013C40CF0197370A2E706F7031
:1029B000370C360EAF70EE700435E1E7009800403A
:1029C000F0B5040085B0002802D1012005B0F0BDAB
:1029D0000368DB0714D423689B0760D423681B07B4
:1029E00000D5C5E023685B0700D5F6E023689B06A9
:1029F00000D564E1236A002B00D0A5E10020E5E7C3
:102A00003822C44DAB681340EA68102B09D1D34378
:102A10009B0708D12B689B03DDD56368002BDAD1B7
:102A2000D3E7082BF6D0802263685202934211D17B
:102A30002A6813432B6001F0B7F880270600BF0215
:102A40002B683B42C7D101F0AFF8801B6428F7D94F
:102A50000320BBE7A021C9028B4208D1802329684B
:102A6000DB020B432B602B681A432A60E3E72A68DA
:102A7000A9490A402A602A68A8490A402A60002B0E
:102A8000D9D101F091F880270600BF022B683B42A4
:102A9000A1D001F089F8801B6428F7D9D8E7382243
:102AA0009C4DAB681340EA68102B28D103210A40E3
:102AB000022A26D12A68520503D5E268002A00D1ED
:102AC00083E7696862699648120201400A436A60B6
:102AD000002B0CD12B68934A93491340226913436E
:102AE0002B602B68914A9B045B0FDA400A60904B85
:102AF000186801F011F8002800D16FE765E7002B96
:102B0000D8D0E368002B20D02B68864A802713405A
:102B10002269FF0013432B6080232A685B00134364
:102B20002B6001F041F806002B683B4207D06A6831
:102B300063697B491B020A4013436B604EE701F057
:102B400033F8801B0228EFD982E72B68794A802767
:102B500013402B6001F028F80600FF002B683B4271
:102B600000D13BE701F020F8801B0228F6D96FE77F
:102B70003822684DAB681340182B08D12B6E9B0789
:102B800000D42FE7A369002B00D02BE71DE7A26933
:102B90000123002A10D02A6E022713432B6601F06E
:102BA00003F806002B6E3B4200D01BE700F0FCFF51
:102BB000801B0228F6D94BE72A6E02279A432A6621
:102BC00000F0F2FF06002B6E3B4200D10AE700F056
:102BD000EBFF801B0228F6D93AE738224D4DAB684F
:102BE0001340202B08D1EB6D9B0700D4FEE6A368B1
:102BF000002B00D0FAE6E8E680220021EB6B5205BC
:102C00000091134208D1EB6B1343EB63EB6B134062
:102C10000393039B012300938027474E7F00336873
:102C20003B4215D0A368012B22D1EA6D1343EB651B
:102C300000F0BAFF02270600EB6D3B4238D0009B44
:102C4000012B00D0D2E6EB6B3C4A1340EB63CDE6A0
:102C500033683B43336000F0A7FF019033683B4289
:102C6000E0D100F0A1FF019BC01A0228F6D9EFE6DF
:102C7000EA6D052B05D1013B1343EB65EA6D01239A
:102C8000D4E701218A43EA65EA6D03318A43EA65A4
:102C9000002BCDD100F088FF02270600EB6D3B42F0
:102CA000CDD000F081FF264B801B9842F6D9CFE6AD
:102CB00000F07AFF224B801B9842BDD9C8E6E36939
:102CC000144D002B13D080232A68DB0313432B60A1
:102CD00000F06AFF802706003F042B683B4200D0CB
:102CE00088E600F061FF801B0228F6D9B0E62B6869
:102CF000144A802713402B6000F056FF06003F0463
:102D00002B683B4200D175E600F04EFF801B022885
:102D1000F6D99DE600100240FFFFFEFFFFFFFBFF1C
:102D2000FF80FFFFFFC7FFFF000000200024F4002A
:102D300008000020FFFEFFFF00700040FFFFFFEFD4
:102D400088130000FFFFBFFF3821434DAA680A40E7
:102D5000102A53D0414A022B3AD12B6880271340C6
:102D60002B6000F021FF0600BF042B683B4229D1F5
:102D7000A16A636AEA680B43394980260A40134313
:102D8000226BB6041343626B1343A26B1343E26AD4
:102D900012021343EB6080232A685B0413432B6009
:102DA0008023EA685B051343EB6000F0FDFE04003E
:102DB0002B68334200D021E600F0F6FE001B02280B
:102DC000F6D945E600F0F0FE801B0228CDD93FE69B
:102DD0002B68802613402B6000F0E6FE0400B6044A
:102DE0002B68334204D1EB681E4A1340EB6005E6C2
:102DF00000F0DAFE001B0228F2D929E6012B00D1EF
:102E0000E3E50322E868616A02408A4200D0DCE51B
:102E10007022A16A02408A4200D0D6E5FE21E26A11
:102E2000C90101401202914200D0CEE5F822216B87
:102E3000920302408A4200D0C7E5E022616B12058E
:102E400002408A4200D0C0E5A36B400F4007C01A81
:102E5000431E9841C0B2B9E500100240FFFFFFFEDB
:102E60008C80C111FCFFFEEE382370B51D4CA268AA
:102E70001A4205D123681C489B045B0FD84070BDE3
:102E8000A2681A40082A27D0A2681A40102A17D12F
:102E9000E368E168DB43E5684906490F6F322D0AB4
:102EA000013115409B0709D11048FDF755F9E1683C
:102EB0006843490F0131FDF74FF9E0E70A48F4E7AD
:102EC000A2681A40202A09D0A26800201340182BBB
:102ED000D5D1FA20C001D2E70448D0E78020000213
:102EE000CDE7C046001002400024F40000127A0032
:102EF000F7B504000D00002801D10120FEBD072711
:102F00004A4E33683B408B422AD3226893073BD416
:102F1000D20748D4072733683B40AB420AD933680D
:102F2000BB432B43336000F03FFE019033683B40CE
:102F3000AB426BD123683E4D5B076FD4FFF794FF24
:102F4000AB683C491B051B0F9B005B581F210B40C6
:102F5000D840394A394B1060186800F0DDFDCDE7E4
:102F60003368BB430B43336000F01EFE01903368AF
:102F70003B40AB42C9D000F017FE019BC01A304B5A
:102F80009842F4D90320B9E72949530704D5E0232F
:102F90008868DB0103438B608B682A480340A06884
:102FA00003438B60B4E76268214F012A19D13B6863
:102FB0009B03A2D50721BB688B431343BB6000F082
:102FC000F3FD01903823BA681A406368DB009A4227
:102FD000A0D000F0E9FD019BC01A194B9842F1D92D
:102FE000D0E7022A03D13B689B01E3D485E7002A9E
:102FF00003D13B685B05DDD47FE70223032A03D1BD
:10300000396E1942D6D178E7F96DFAE700F0CCFDB8
:10301000019BC01A0A4B984288D9B3E7AB680A4AA9
:103020001340E2681343AB6088E7C04600200240CB
:10303000001002403CFA00080000002008000020B8
:1030400088130000FFF0FFFFFF8FFFFF064B0749CB
:103050009B68074A5B045B0F9B005B581F2110684D
:103060000B40D8407047C046001002401CFA0008D0
:1030700000000020F0B50368040085B000209B0329
:1030800052D58022974D5205EB6B0090134208D128
:10309000EB6B1343EB63EB6B13400393039B012335
:1030A00000938027904E7F0033683B43336000F0ED
:1030B0007BFD019033683B4228D0E96DC0220800B7
:1030C0009200236C1040114218D098420CD0EB6D46
:1030D000864AE96D1340802252020A43EA65EA6D8E
:1030E00083490A40EA65EB65DB0707D500F05CFD24
:1030F00002270600EB6D3B4200D1EAE0EB6D7B4A14
:1031000000201340226C1343EB6506E000F04CFDF9
:10311000019BC01A0228CDD90320009B012B03D1AB
:10312000EB6B744A1340EB632368DA0706D503257B
:103130006C494A6DAA4365682A434A659A0706D5D1
:103140000C2568494A6DAA43A5682A434A655A076F
:1031500006D5302563494A6DAA43E5682A434A6586
:10316000DA0606D55F49644D4A6D2A4025692A432F
:103170004A65DA0406D55B495C4D4A6D2A406569AB
:103180002A434A659A0506D556495C4D4A6D2A4040
:10319000A56A2A434A655A0506D55249584D4A6DD3
:1031A0002A40E56A2A434A659A0606D54D49554D97
:1031B0004A6D2A40A5692A434A655A0606D54949F7
:1031C000514D4A6D2A40E5692A434A655A040FD594
:1031D0004449256B4A6D920092082A434A65802231
:1031E000D205954204D18022CD6852022A43CA609A
:1031F0001A0306D540253B494A6DAA43656B2A430D
:103200004A659A020FD53749404E4A6DA56B324048
:103210002A434A658022D203954204D18022CD6898
:1032200052042A43CA605A020DD52E4D384E696D9C
:10323000E26B314011436965802149048A4202D121
:10324000E9680A43EA601A050DD503262549256A6F
:103250008A6DB2432A438A65012D04D18022CD684C
:1032600052022A43CA609A040DD50C261D49656A8C
:103270008A6DB2432A438A65042D04D18022CD6829
:1032800052022A43CA6080256D042B420DD0154995
:103290001C4F8A6D666C3A4032438A6580229201E7
:1032A000964202D1CA681543CD609B010FD50D4AE5
:1032B000A16C936D0D4C23400B43936580235B0001
:1032C000994204D18023D1685B040B43D36005B0DD
:1032D000F0BD00F069FC0F4B801B984200D809E755
:1032E0001AE7C0460010024000700040FFFCFFFFDC
:1032F000FFFFFEFFFFFFFFEFFFF3FFFFFFFFF3FF07
:10330000FFFFCFFFFFCFFFFFFF3FFFFFFFFFBFFF2D
:10331000FFFFFFFE881300000020054B5A69824220
:1033200005DA044A9A60044A9A605869C00F7047E7
:103330000020024023016745AB89EFCD014B58685F
:103340007047C046A4010020F8B5040000F02CFC32
:10335000C0270600BF02144D2B693B4216D12A69D3
:10336000124B11001248194028611A4217D18027C8
:10337000FF022B69180038403B420FD0631CF8D085
:1033800000F012FC801BA042F3D306E0631CE3D0E4
:1033900000F00AFC801BA042DDD30320F8BD054BE2
:1033A00001205960FAE7C04600200240FAC300003D
:1033B000FBC30000A4010020F7B5174E019333783A
:1033C00004000D0002200092012B1ED00123FA20E0
:1033D0003370002380007360FFF7B6FF002812D11E
:1033E0000E4F012C12D17B6923437B61009B2B6024
:1033F000BFF36F8F019B6B60FA208000FFF7A4FF83
:103400007B69A3437B6100233370FEBD28000099D4
:103410000CF0AAFAF0E7C046A40100200020024008
:10342000FA2010B58000FFF78FFF8022044B1206B0
:1034300059690A435A615869C043C00F10BDC0465C
:1034400000200240084A536904280AD00748034074
:10345000802080010343C9001943054B0B4353618E
:10346000704704480340F6E70020024007E0FFFFF2
:103470000200010007C0FFFFF7B5224F05003B78AF
:1034800002240191012B1BD00123FA203B70002361
:1034900080007B60FFF758FF041E0FD12B68042BC0
:1034A00010D119496B684A69FA201A4380235B02DC
:1034B00013434B618000FFF747FF040000233B707C
:1034C0002000FEBD0123019A5B421360AE68AB6829
:1034D000EA689B18B3420CD968683100FFF7B2FF65
:1034E000FA208000FFF730FF002808D00400019B7D
:1034F0001E600221044A53698B435361DEE70136A3
:10350000E5E7C046A4010020002002400023F0B5FA
:1035100085B00A681400DC4001D105B0F0BD01257A
:1035200014009D402C4000942A4200D195E04A6846
:103530005F0094460322644622400324BC40E443D7
:103540000194541E012C2ED88668019C2640CC681C
:10355000BC403443846044680126AC432500644683
:10356000240934409C402C434460C568019C25409C
:103570008C68BC402C43C460022A16D107250F2654
:103580001D40AD00AE40DC08A40004190294246A7A
:1035900003962600039CA64334000E69AE402643E2
:1035A000029C266201E0032ADFD1BA400468019D33
:1035B00025402A43C02402606246A40222424CD025
:1035C000274A03259C08A400A4180F221D40ED00E3
:1035D000AA40A027266EFF0596430022B84210D0CD
:1035E000204F0132B8420CD01F4F0132B84208D0F0
:1035F0001E4F0132B84204D01D4A8218571EBA41EC
:103600000432AA40674632432266154C009A266867
:10361000009DD2433543FF0201D435001540674673
:1036200025606668009D3543BF0201D43500154012
:10363000674665600F4C009DE66F3543BF0301D4BC
:10364000350015406746E5670B4C009EE56F2E433D
:10365000FF0301D415402E00E667013359E7C04649
:10366000001802400004005000080050000C0050F8
:1036700000F0FFAF0818024004180240006908403B
:10368000431E9841C0B27047002A01D08161704743
:103690008162FCE770B5C46C056D6560446D002CFB
:1036A00002D0846DC56D65601C24456C066C254098
:1036B0001B3CAC407460046863608368102B02D1CB
:1036C000A260E16070BDA160E260FBE770B50668D2
:1036D000446C0500F0B214210838FCF73DFD0A4B9C
:1036E000A408A4009E420AD8084BE418084BAC6416
:1036F000EB641F2318401E3B83402B6570BD054BB8
:103700000730E418F2E7C046070402400008024010
:10371000800802401C080240F8B504000120002C7B
:103720004BD025682B4B14219D4247D82A4BE818D3
:10373000FCF712FD294B800023640223A61D606460
:10374000F3772B68264AA76813402B60E36821694A
:103750003B430B4361692A680B43A16920000B437B
:10376000E1690B43216A0B4313432B60FFF7AEFF64
:103770008023DB019F4201D1002363607F236268C5
:10378000A16C13400B60206DE16C013A4860032A84
:103790001BD8144A144899180122013B9A40E2654B
:1037A0001300002289006165A0650A604360002063
:1037B0000123E0630534F377E077F8BD0B4BE8189D
:1037C000FCF7CAFC0A4B8000B6E700236365A365DB
:1037D000E365ECE707040240F8FFFDBF000002408C
:1037E0000F80FFFF3F82001040090240F8FBFDBF41
:1037F00000040240F7B5451D0193EE7F040002204E
:10380000012E33D00138E877A71DFE7FB44663460A
:10381000F6B200960026834230D10130F877256851
:10382000E6632868009B98432860019B2000FFF70F
:1038300031FF236BB3421AD00E232A6813432B6047
:10384000A36C1A68D20304D58022196852000A4377
:103850001A60636D002B04D08022196852000A435D
:103860001A60012300202A6813432B60FEBD042246
:103870002B6893432B602A680A23DFE78023E363E6
:10388000EE77F3E7F0B5002808D0841DE37F411DF3
:10389000022B05D00423C3630023CB770120F0BDA6
:1038A00001230E261C27026815689D4315601568C4
:1038B000B543866C156032680C4D2A403260426C0C
:1038C000066C3A409340026D7360C36C5A60436D5E
:1038D000002B05D01A682A401A60836DC26D5A60A9
:1038E00001230020E377C877D9E7C046FFFEFFFF3A
:1038F00070B5811DCA7F0123022A03D00422C2634E
:10390000180070BD0E251C26026814689C431460C4
:103910001468AC43856C14602A680F4C22402A60FE
:10392000426C056C32409340026D6B60C36C5A6010
:10393000436D002B05D01A6822401A60836DC26D5A
:103940005A6001230022CB77431DDA77836B9342C1
:1039500000D098470020D4E7FFFEFFFFF8B51C26F3
:103960000427426C016C32403E0096400D680368AB
:103970001C6835420DD03C420BD01A68920602D426
:103980001A68BA431A60036B4E60002B1DD098472B
:103990001BE002273E009640354219D03C4217D02A
:1039A0001A68920606D40A211A688A431A600939ED
:1039B000821DD177124A934208D9124B00225E60D1
:1039C000431DDA77C36A9342E1D1F8BD0E4BF5E7A8
:1039D0000826370097403D42F7D03442F5D00E25F7
:1039E0001C68AC431C6001231C009440821D4C6089
:1039F000C363D3770022431DDA77436BE3E7C04606
:103A00008000024000040240000002408023034A7C
:103A1000DB0051680B4353607047C04600700040A4
:103A200010B5114C1149236802000B400343236079
:103A3000802300209B009A420ED10D4B0D4918683F
:103A400006235843FCF788FB8022431CD20061699F
:103A500008001040114200D110BD002B01D0013BE5
:103A6000F5E70320F8E7C04600700040FFF9FFFFCC
:103A70000000002040420F0010B5FF2403220B007D
:103A800021000240D20091409B012340C943934052
:103A900000280ADBC0240B4A800880008018A4009C
:103AA00002590A401343035110BD0F221040083839
:103AB000054A800880008018C26911401943C1611D
:103AC000F2E7C04600E100E000ED00E0002805DB81
:103AD0001F2318401E3B8340014A13607047C046B5
:103AE00000E100E08022431E5204012093420DD2E7
:103AF000C021074A07485360036A09061B021B0AD4
:103B00000B43036200200723906013607047C04698
:103B100010E000E000ED00E070B5104B05001978F2
:103B2000002901D1012070BDFA208000FCF714FBB0
:103B30000B4C01002068FCF70FFBFFF7D3FF041EBE
:103B4000F0D1032DEED80200012029004042FFF7FA
:103B500093FF044B20001D60E5E7C04604000020F1
:103B600000000020080000208023084A5B00116844
:103B700010B50B4303201360FFF7CEFF041E03D1E3
:103B800004F078FB200010BD0124FBE70020024078
:103B9000034A044B11681B785B1813607047C046DA
:103BA000C001002004000020014B18687047C04687
:103BB000C001002070B50400FFF7F6FF0500631C8C
:103BC00002D0044B1B78E418FFF7EEFF401BA04225
:103BD000FAD370BD04000020034A044913680B4067
:103BE000034313607047C04600000140FFF9FFFF28
:103BF00080684007C00F70470023F0B585B004000F
:103C00000393984200D1F0E0856D9D4205D103F009
:103C100033FE23005433E5651D70802325685B0562
:103C2000AA681A4200D1A7E00022AB680192DB002B
:103C300008D410230126A26D01961343A365E36DFA
:103C40003343E3652800FFF7D3FF1022A36D134031
:103C5000034300D0CCE0A26D674B20691A400633C5
:103C6000FF331343A365AB68DB0761D4276BE168BF
:103C70007B1E9F41A368A27E0B43217E3F038903E5
:103C80000B43617EC9030B4351030B439C46002841
:103C900000DB86E041004908230066462C331B7890
:103CA0005B0033433B430B43611CC97F012905D1B2
:103CB000002A00D078E0802252021343626A002A70
:103CC00005D0E02149000A40A16A0A431343EA688B
:103CD0004A490A401343EB60230062683C33E16CBD
:103CE0001B78970FBF079C463943012B08D1236CE3
:103CF000666C33430B43A16C0B4361463B43194352
:103D00002B693F4F3B400B4380212B6153005B08E5
:103D1000C9058B420CD080231B069A4208D0394932
:103D2000394F0B683B40F027BF033A4013430B6009
:103D3000072170276B69626B8B4313436B61696961
:103D4000A36BB9431B010B436B61002834D11023D3
:103D5000A96A5B420B43AB6207216B690B409A4235
:103D600039D10023E365A26D03339A43023B134329
:103D7000A365019805B0F0BDAA6824490A40134321
:103D8000AB60234B23491868FCF7E6F9013040008B
:103D90000390039B002B00D146E7039B013B039359
:103DA000F7E78021890377E72022A76D3A43A265D0
:103DB000E26D1143E16581E780239B039842CBD1FB
:103DC0001C21AB6AE369013B9B000B402C399940F5
:103DD0000B00216EBEE71223A26D9A43023B1343F0
:103DE000A3650123E26D1343E36501230193C0E75B
:103DF000A36D1A43A265F8E7FDFEFFFF0102DEFF97
:103E000002FCFF1F08270140FFFFC3FFE8FFFF6F11
:103E100000000020400D03007047704710B5806A15
:103E2000FFF7FBFF10BD704770474023806A10B555
:103E3000826D134383650423C26D1343C365FFF78B
:103E4000F3FF10BD502370B5846AA26D1A422DD1C4
:103E5000A26DB133FF331343A365C02325681B0153
:103E6000EA681A4215D1A37E002B12D12B681B07DA
:103E70000FD52800FFF7BCFE00280ED10C226B687E
:103E800093436B60A26D0F4B1A400433FF3313430F
:103E9000A3652000FFF7C0FF70BD2023A26D134370
:103EA000A3650123E26D1343E365F2E7A36DDB062F
:103EB00003D52000FFF7B8FFEEE7236D5B6B984753
:103EC000EAE7C046FEFEFFFFF8B5036804001E687F
:103ED0005D6802231E420FD01D420DD0836DDB06AC
:103EE00004D48023826D1B0113438365200000F0FE
:103EF00065FA022223681A6004231E4201D01D4283
:103F000004D108231E422BD01D4229D0A36DDB060D
:103F100004D48023A26D9B001343A365C0232768AC
:103F20001B01FA681A4215D1A37E002B12D13B68FF
:103F30001B070FD53800FFF75BFE002866D10C2267
:103F40007B6893437B60A26D354B1A400433FF338B
:103F50001343A3652000FFF75FFF0C2223681A605C
:103F600080273E420BD03D4209D08023A26D5B02E8
:103F70001343A3652000FFF756FF23681F608027C7
:103F80007F003E420BD03D4209D08023A26D9B02B0
:103F90001343A365200000F00FFA23681F608027F9
:103FA000BF003E420BD03D4209D08023A26DDB0210
:103FB0001343A365200000F000FA23681F6010235C
:103FC0001E4217D01D4215D0236B002B03D023684F
:103FD000DB689B070BD08023A26DDB001343A36536
:103FE0000223E26D20001343E365FFF71DFF10225B
:103FF00023681A608027BF013E4206D03D4204D0AC
:10400000200000F0DCF923681F60F8BD2023A26DBA
:104010001343A3650123E26D1343E3659AE7C046AA
:10402000FEFEFFFF0023F0B585B00393030000916F
:1040300054331A7804000220012A4CD00122276947
:104040001A7025682800FFF7D3FD002800D0E9E0AA
:10405000009B04225B6880219C4697436246009B3C
:1040600009061B68022A00D1B0E05A03520B8F42A6
:1040700033D1A96A0A43AA62009A68699268190250
:104080006B4E0A403240884302436A61002B1EDABD
:10409000E021684A6848156849042940834200D0F5
:1040A0007EE080200004054211D11368634D2B404F
:1040B0000B431843624B106018686249FCF74CF8D8
:1040C000431C0C2058430390039B002B64D1002019
:1040D00000235434237005B0F0BD1F2167460F4004
:1040E0001039B940CE430196266E8E433100002A26
:1040F00012D1980E1F321040B84062460843920811
:10410000E169013220668A42B6D8A96A01989A000C
:10411000120FBA400140ADE701221342ECD19218D0
:1041200001201342E8D1100002321342E4D10130E1
:104130001A07E1D40130DA06DED401309A06DBD466
:1041400001305A06D8D401301A06D5D40130DA0528
:10415000D2D401309A05CFD401305A05CCD40130E5
:104160001A05C9D40130DA04C6D401309A04C3D484
:1041700001305A04C0D401301A04BDD40130DA032E
:10418000BAD401309A03B7D480221800D20210406A
:104190001342B1D01220AFE7039B013B039393E797
:1041A000294883420BD180204004054200D08EE78D
:1041B0001368224D2B400B431843106087E72348B8
:1041C000834200D083E78020C003EEE78F4204D112
:1041D000AA6A5903490B8A43AA62002B00DB76E7DF
:1041E000144A15481168834208D1A02310685B0463
:1041F0000B40124901400B43136068E712488342A9
:1042000003D1C02310681B04F2E71048834200D09A
:104210005DE7C0204004136801400848034019438B
:10422000116054E72023A26D01201343A3654FE7DB
:1042300000FFFF0708270140001000B0FFFF3FFE0E
:1042400000000020400D0300004000B8002000B432
:104250000023F7B502680193916801330400194205
:1042600001D00020FEBD90682249084208D01022EB
:10427000A16D0A43A265E26D13430120E365F1E7F6
:1042800091681D4F39400B4393601C4B1B681B0208
:1042900021D4637E012BE4D0FFF786FC01250600C4
:1042A000226813682B42DCD193682B4203D19368B8
:1042B0003B402B439360FFF777FC801B0228EFD92C
:1042C00023681B682B42EBD11023A26D1343A36517
:1042D000E36D2B43D1E70A4B0A491868FBF73CFF13
:1042E00001300190019B002BD3D0019B013B019336
:1042F000F8E7C04617000080E8FFFF7F082701406D
:1043000000000020400D0300F7B5056804002800F8
:104310000E000192FFF76CFC022300283FD127001A
:1043200054373A78012A3AD0013B3B70EA681A4286
:104330000CD1AA681A4205D0AA681A4B1A40022367
:104340001343AB600123EA681343EB602000FFF7DF
:104350007FFF031E23D1A16D134A1140802252001A
:104360000A43A265E065114A206D2168C262104AC5
:104370000263104A42631C220A603B704A68103391
:1043800013434B603200019B4031FFF733FA0300C7
:104390002068044A8168114004220A4382601800A0
:1043A000FEBDC046E8FFFF7FFEF0FFFF453E000870
:1043B0001D3E00082B3E000870477047704770474D
:1043C000F8B5041E00D1CCE005005C352B78DAB2DC
:1043D000002B04D103005D331A7003F00FFB102192
:1043E0002268082793698B439361FFF7DDFB060082
:1043F00023689A693A4200D0A7E001269A693243BD
:104400009A61FFF7D1FB070023689A69324200D115
:10441000A9E0022299690A439A61674A934202D14C
:104420006168664A1160217C4022012900D0A3E026
:10443000996991439961627C012A00D0A0E08022B1
:104440009969D2010A439A61A27C012A00D09BE0BB
:104450009A695B490A409A619A695A48A168024080
:10446000A4200A439A619A6982439A611A6994382E
:1044700082431A61E268012A00D08AE09869033217
:1044800002439A61A269E069013A013800025206CA
:104490000243206A01380243606901380004024384
:1044A000DA61C022920091420ED1E26A216B013A98
:1044B0000139090112020A43A16A01390A43616AFA
:1044C000013909040A43DA601900C0310A68E06B57
:1044D0003D4E02430A603D4A9818421E90413C4AB4
:1044E000404210403B4A0433D96F8018626B314020
:1044F00012040A432064DA6702007032D96F6264E2
:10450000354EA26B314012060A43DA670300B0331E
:10451000A364D833E36498239B00C31823659E23C8
:104520009B00C3186365D4239B00C118031DD422CC
:10453000994200D2D33A002192000AF08BFD00206C
:104540000123A06520662B700CE0FFF72DFB801B7C
:104550000A2800D84CE70123226E13432366032365
:104560002B700120F8BDFFF71FFBC01B0A2800D8E5
:104570004AE7236E3343F1E799690A439A615AE7A0
:104580009A6916490A405EE78022996952010A43F6
:1045900061E7002A00D175E7022A09D080269F69C9
:1045A0003E439E611E6930431861032A00D069E7CB
:1045B0002022986964E7C04600640040006500401E
:1045C000FFEFFFFFFFFCFFFFFFFFE0FF0098FFBFD3
:1045D000B0FCFFFF50B70040FFFFFFF0FFBFFFFF41
:1045E000030070B55C331B78013B012B1AD88C6833
:1045F000CB680D694E69A40706C9002909D1DB06FD
:104600002343016C33432D0492002B43535000206D
:1046100070BD416CD2005B0752182B4334431360CA
:104620005460F4E70223026E134303660120EFE7B0
:1046300030B504005C342478012C0FD1039D5B005D
:1046400092002B4313433F22006809010430C46FDA
:104650000B4394432343C367002030BD0423026E01
:10466000134303660120F8E702005C32117803006F
:10467000C8B2012908D10131117019688A698243D1
:1046800000208A61186670470422196E01200A43CF
:104690001A66F8E7F8B505005C352B780400022BA4
:1046A00036D101260268936933439361FFF77CFAA0
:1046B000070023689A69324215D010219A690827A9
:1046C0008A439A61FFF770FA060023689A6910001E
:1046D00038403A4213D1022299690A439A61012370
:1046E000A0652B700AE0FFF75FFAC01B0A28E0D92B
:1046F000236E3343236603232B700120F8BDFFF79D
:1047000053FA801B0A28E0D90123226E1343F1E7F4
:104710000823026E13430366EFE700000300F7B5BA
:104720005C331B78022B58D105682B00C4331C68FE
:10473000A40206D58023026E9B001343036601206A
:1047400036E01C680F69A403A30F4C6800938E68C1
:104750000B68002C2DD137439B048E691F43CB6916
:10476000009C33434E6933430E6A36063343CE68AA
:104770003604334348266643446DA446664473605A
:104780000823376037005B429E1B154B08370193A7
:10479000CC68A4466346019CE35C9C46BB19634518
:1047A0000CD30123009ACC3593402B608365002005
:1047B000FEBD3B4380273343FF05CEE7D3781B067E
:1047C0009C46644693781B0423431478234354780F
:1047D00004322402234308C7DAE70823026EACE759
:1047E0007CFA0008F7B5040001935C342478022CAD
:1047F00000D080E004680F25270040295BD1903766
:104800003E682E4206D18023026E5B00134303668E
:104810000120FEBD3D683F680326BC4663462D0A65
:1048200001273540DB0106D50434E46F640A3C42BD
:1048300001D0ED19354048246C43866CA4198026BC
:104840002768F605374057602668F600002F49D1E3
:10485000760D802716602668BF053E40802796604B
:1048600026687F03F60FF60716616668234BB6B21B
:10487000D66166689C463603360FD66066683E4051
:10488000802756616668BF033E4096616668760081
:10489000760E166266680834F60F56620026634686
:1048A000D768DF5DB7421FD80368402921D1943310
:1048B00000201D60ADE798373E682E42A3D0032646
:1048C0003D683B682D0A01273540DB0106D50434DD
:1048D000E46F240A3C4201D0ED1935404824C66CEF
:1048E0006C43ABE7F608B4E7A75D019B9F55013623
:1048F000D5E79C33DCE70823026E87E77CFA0008E3
:10490000036807205B6C1A0002400A601A0A024022
:104910004A6018221A408A60012258091040C86073
:10492000980910400861D80910404861D80A104021
:104930008861180B1040C861580B10400862980B32
:104940005B0202405B0E00204A628B6270470300EC
:1049500070B55C331B78013B012B00D96DE0072457
:104960000D0000682540836D214201D0DC0722D56F
:104970003824214201D09C071DD5E0246400214247
:1049800001D05C0717D5F0246401214201D01C0737
:1049900011D5E0242402214201D0DC060BD5C0242D
:1049A000A402214201D09C0605D5FC242404214206
:1049B00005D05C0603D40124C66D3443C465002DC4
:1049C00001D0DC0722D43824214201D09C071DD419
:1049D000E0246400214201D05C0717D4F024640174
:1049E000214201D01C0711D4E0242402214201D02D
:1049F000DC060BD4C024A402214201D09C0605D4BD
:104A0000FC242404214205D05B0603D50223C46D97
:104A10002343C3650B0604D50400DC342368134329
:104A20002360CB0504D50400E034236813432360DE
:104A3000436D0B434365002070BD0223026E134398
:104A400003660120F8E7704770477047704770476A
:104A5000704770477047704770470368F0B51A6D2C
:104A60005F6D196D1740E022520117405A6D85B0F5
:104A70000A4007210A400092196D5A6D04000A404D
:104A800038210A400192196D5A6D0A40F12109043A
:104A90000A400292196D5A6D5D6D0A40E0210903CA
:104AA0000A40039240221E6D164204D0154202D0E5
:104AB0001A65FFF7CFFF8022520016420CD0154234
:104AC0000AD023681900D8310868083109681A65C6
:104AD00001402000FFF7BBFF002F05D023683900FD
:104AE00020001F65FFF7AFFF009B002B06D0009A48
:104AF0002368110020001A6503F05CFD019B002B68
:104B000006D0019A2368110020001A65FFF79CFF68
:104B100080239B001E4206D01D4204D02268200044
:104B20001365FFF792FF802216420CD015420AD07F
:104B300023681900D4310868083109681A650140F2
:104B40002000FFF783FF80239B011E4206D01D42F9
:104B500004D0226820001365FFF77AFF80231B0230
:104B60001E4206D01D4204D0226820001365FFF7C4
:104B700070FF8023DB011E4207D01D4205D0226852
:104B800013658023226E13432366039B002B06D0FC
:104B9000039A2368110020001A65FFF75DFF029B4E
:104BA000002B05D02368029A1A65236E13432366EF
:104BB000236E002B02D02000FFF74DFF05B0F0BDA3
:104BC000F8B504000120002C67D0636A002B65D182
:104BD000822261685200914200D0E36100232500E7
:104BE000A3625D352B78DAB2002B05D123005C334C
:104BF00020001A7003F016F8022340222B7021685F
:104C0000E6680B689343E0220B60D20000239642D3
:104C100048D9F02218001201964200D0A3628222E5
:104C20008427636852001340A2683F023A4002277B
:104C300013432269A5693A4013430122676917406B
:104C40003B438027BF002F403B43E7693732174083
:104C50003B43276A4832174080223B43A76A9201B0
:104C600017403B43102708220B60636A2D0C3B4022
:104C7000676B17403B43F0273F013E403343042618
:104C800035402B4303434B60CB6908480340002069
:104C9000CB61012320665D342370F8BD00232361BE
:104CA00063619BE780204001B6E7C046FFF7FFFF46
:104CB00070477047704770477047000002220368D2
:104CC00070B5DD681E69040016420DD015420BD088
:104CD000053A1A61043202779B699B0700D17CE098
:104CE000FFF7E8FF0023237704231E4212D01D4262
:104CF00010D00522236852421A61073222779A693E
:104D0000C0239B0020001A4200D16CE0FFF7D2FFC5
:104D10000023237708231E420FD01D420DD0092205
:104D2000236852421A610D322277DB6920009B070B
:104D30005FD0FFF7BFFF0023237710231E4211D05F
:104D40001D420FD01122236852421A611932227774
:104D5000DA69C0239B0020001A4250D0FFF7AAFF57
:104D60000023237701231E4208D01D4206D00222D1
:104D70002368524220001A61FFF79AFF82239B01A9
:104D80001E4207D02B0605D52368204A20001A6151
:104D900000F007F9F30507D52B0605D523681C4A53
:104DA00020001A6100F0FEF840231E4208D01D4288
:104DB00006D041222368524220001A61FFF77CFF8F
:104DC00020231E4208D01D4206D0212223685242D1
:104DD00020001A6100F0E4F870BDFFF76AFF2000C0
:104DE000FFF769FF7EE7FFF764FF2000FFF763FF2F
:104DF0008EE7FFF75EFF2000FFF75DFF9BE7FFF701
:104E000058FF2000FFF757FFAAE7C0467FDFFFFFEC
:104E1000FFFEFFFF264A10B50368904209D08024A8
:104E2000E405A04205D0234CA04202D0224CA0426F
:104E30000FD17024A3434C682343904215D08024A3
:104E4000E405A04211D01B4CA0420ED01A4CA04247
:104E50000BD01A4CA04208D0194CA04205D0194CD6
:104E6000A04202D0184CA04203D1184C1C40CB6881
:104E700023438024A3434C6923438C68C4620C6899
:104E80008462904208D00E4A904205D00D4A90426A
:104E900002D00D4A904201D10A69026304220168DE
:104EA0000A43026001224261BFF34F8F036010BDCD
:104EB000002C014000040040000800400020004099
:104EC000004001400044014000480140FFFCFFFF5A
:104ED00070B504000120002C23D025003D352B782F
:104EE000DAB2002B05D123003C3320001A7002F007
:104EF00049FF02232B702068211DFFF78BFF220042
:104F0000012300204832137047340A3A137053705B
:104F10009370D370137153719371D37113722370A3
:104F20002B7070BDF0B5040002223C3425780300DC
:104F30001000012D29D01D003D352A701B68134E2D
:104F40005A689868B34203D1114F3A404F683A43C8
:104F50007027BA430F683A435A60B3420CD080229C
:104F6000D205934208D00B4A934205D00A4A934295
:104F700002D00A4A934204D1802290438A681043A7
:104F80009860012300202B702070F0BD002C0140A0
:104F9000FFFF0FFF000400400008004000400140F8
:104FA000704770477047000030B5EFF3108401225E
:104FB00082F310880168134D0B682B400B6084F35B
:104FC0001088EFF3108182F3108802680E4C93680A
:104FD0002340936081F31088C36E012B0AD1EFF355
:104FE000108183F31088102402681368A3431360B0
:104FF00081F31088030020228C331A600023C366DB
:10500000436730BDDFFEFFFFFEFFFFEF10B5806A94
:1050100003F0EAF910BD7047F7B50168C34DCB69DD
:1050200004000A6888682B4210D120252B4200D149
:105030009BE08026760515400640354300D194E07C
:10504000636F2000002B00D085E085E0B84D05405F
:105050000095B84D009E1540354300D185E02500F0
:1050600001269035334205D0D70503D50E622F684F
:105070003E432E60022633420CD0C7070AD52700D4
:105080000E6290373E680197B446042667463E4359
:10509000019F3E60042633420CD0C7070AD5270083
:1050A0000E6290373E680197B446022667463E433B
:1050B000019F3E600826B446334209D02027009E57
:1050C0001740374304D066460E622F683E432E6079
:1050D00080263601334206D0570104D50E622021C6
:1050E0002E68314329602968002935D020210B42E0
:1050F0000AD080235B0511400340194304D0636F3D
:10510000002B01D02000984722682B684027966822
:1051100028223E40134020001E4322D0FFF744FFC8
:1051200023689B683B4218D0EFF31081012383F37F
:105130001088250004CD9368BB43936081F31088E9
:10514000E86F002809D07C4B8363FEF7D1FB002871
:1051500002D0E86F836B9847F7BD200003F044F955
:10516000FAE703F041F92E60F6E7E56E012D00D075
:10517000A4E01026334200D1A0E0324200D19DE0ED
:1051800023000E6289685C3308001A8840231840A7
:1051900019425ED0201DC16F0F68796889B200295D
:1051A0004DD091424BD222005E32118020218C469C
:1051B0003A681140009161460A4232D1EFF31087FC
:1051C00085F3108821685D4E0A6832400A6087F3D3
:1051D0001088EFF3108785F3108821688A68AA4346
:1051E0008A6087F31088EFF3108785F310882168B1
:1051F0008A689A438A6087F31088230062468C335A
:105200001A60009BE366EFF3108185F31088226833
:105210000F351368AB43136081F31088C06FFEF73E
:1052200031FB02232200236723005C325E331B889C
:105230001188C91A89B22000FFF7EDFE8CE7914270
:1052400000D089E73B689B0600D485E702232367EB
:10525000F1E721005E310B8809889BB2002900D15B
:105260007AE7D21A91B2002900D175E7EFF31087DF
:1052700085F310882268324E13683340136087F339
:105280001088EFF3108785F3108822682D4E9368FD
:105290003340936087F31088230020228C331A60F8
:1052A000E0666067EFF3108085F3108810252268B0
:1052B0001368AB43136080F31088C7E780256D0344
:1052C0002B4206D0460204D520000D6200F026FFD6
:1052D00042E780210B4207D080252D041140284051
:1052E000014301D0A36FACE640210B4216D00A4225
:1052F00014D0EFF31080012383F310882268136821
:105300008B43136080F310882300202288331A60B7
:1053100000232000A36709F0BBFC1DE7190213D589
:10532000510011D5200000F0FBFE15E70F0800002A
:1053300001000010200100040D500008FFFEFFFFD7
:10534000DFFEFFFFFEFFFFEFDB0100D404E7002AD2
:1053500000DB01E7200000F0E2FEFDE60100F8B509
:1053600003008C310C6860331A880368222C5DD1ED
:105370005B6A846D134002002370836D5E320133DB
:1053800083651388013B9BB2138013889CB2002B6A
:1053900048D1EFF31086013383F310880568264F58
:1053A0002A683A402A6086F31088EFF3108683F368
:1053B00010880568AA689A43AA6086F3108820229C
:1053C0000A6002681D49446704678A4210D01C497C
:1053D0008A420DD0526812020AD5EFF3108183F38E
:1053E00010880268174C13682340136081F31088FB
:1053F000C36E012B17D10022C266EFF3108483F332
:10540000108801680F330A689A430A6084F3108891
:105410000268D169194200D0136203005C33198815
:10542000FFF7F9FDF8BD02F0B9FFFBE70822996923
:105430000A439A61F6E7C046DFFEFFFF00800040A6
:1054400000840040FFFFFFFB0200F8B503008C3230
:10545000116860331C88036822295CD1596A836D06
:10546000214019800100023383655E310B88013BC6
:105470009BB20B800B889CB2002B48D1EFF31086B7
:10548000013383F310880568254F29683940296066
:1054900086F31088EFF3108683F310880568A968F7
:1054A0009943A96086F310882021116002681D4984
:1054B000446704678A4210D01B498A420DD0526863
:1054C00012020AD5EFF3108183F310880268174C9B
:1054D00013682340136081F31088C36E012B17D12A
:1054E0000022C266EFF3108483F3108801680F3343
:1054F0000A689A430A6084F310880268D1691942E5
:1055000000D0136203005C331988FFF784FDF8BDF7
:1055100002F044FFFBE7082299690A439A61F6E723
:10552000DFFEFFFF0080004000840040FFFFFFFB24
:105530000300F0B5060060331B8885B00293036852
:105540008C36DD691A68040003929A680192326809
:10555000222A00D0C8E0030068331B88002B00D14A
:1055600098E020231D4200D194E0236802995B6AF1
:10557000A26D0B4013702200A36D5E320133A36550
:105580001388013B9BB2138007232268D5691D4213
:105590002FD0063B1D4208D00399C90505D521002F
:1055A00013629031086803430B6002231D4209D047
:1055B0000199C90706D52100136290310868DB18EC
:1055C00003430B6004231D4209D00199C90706D586
:1055D0001362220090321168023B0B4313602700D4
:1055E00090373B68002B04D0200002F0FDFE002322
:1055F0003B6023005E331B8899B2002BB1D1EFF3DF
:105600001085013383F3108820683A4F02683A40CE
:10561000026085F31088EFF3108583F3108820680B
:10562000354F82683A40826085F3108820223260CC
:1056300061672167226831498A4210D030498A4225
:105640000DD0526812020AD5EFF3108183F310884F
:1056500022682C4813680340136081F31088E36EBE
:10566000012B3DD10022E266EFF3108083F3108816
:1056700021680F330A689A430A6080F31088226811
:10568000D169194200D0136223005C3320001988CD
:10569000FFF7C1FC23005E331B889AB2002B1DD09C
:1056A000230068331B88934218D9EFF3108001223E
:1056B00082F310882168144D8B682B408B6080F337
:1056C0001088124B6367EFF3108182F31088202358
:1056D000226810680343136081F3108805B0F0BDA1
:1056E000200002F05BFED5E7082299690A439A611F
:1056F000F4E7C046FFFEFFFFFEFFFFEF0080004023
:1057000000840040FFFFFFFBFFFFFFEF5D53000839
:105710000300F0B5060060331B8885B00293036870
:105720008C36DD691A68040003929A680192326827
:10573000222A00D0C6E0030068331B88002B00D16A
:1057400096E020231D4200D192E023680298596A16
:10575000A26D0140118021000232A2655E310A88EB
:10576000013A92B20A800722DD6915422FD0063A2B
:10577000154208D00399C90505D521001A62903158
:10578000086802430A600222154209D00199C9073C
:1057900006D521001A6290310868921802430A6007
:1057A0000422154209D00199C90706D51A622200C0
:1057B0000223903211680B431360270090373B6837
:1057C000002B04D0200002F00FFE00233B602300DA
:1057D0005E331B8899B2002BB3D1EFF310850133F0
:1057E00083F3108820683A4F02683A40026085F3DC
:1057F0001088EFF3108583F310882068354F826896
:105800003A40826085F31088202232606167216708
:10581000226831498A4210D030498A420DD05268FC
:1058200012020AD5EFF3108183F3108822682C4806
:1058300013680340136081F31088E36E012B3DD1A0
:105840000022E266EFF3108083F3108821680F33A3
:105850000A689A430A6080F310882268D169194265
:1058600000D0136223005C3320001988FFF7D3FBBC
:1058700023005E331B889AB2002B1DD023006833AF
:105880001B88934218D9EFF31080012282F310880D
:105890002168144D8B682B408B6080F31088124B6D
:1058A0006367EFF3108182F3108820232268106869
:1058B0000343136081F3108805B0F0BD200002F0AF
:1058C0006DFDD5E7082299690A439A61F4E7C0465D
:1058D000FFFEFFFFFEFFFFEF00800040008400405E
:1058E000FFFFFFFBFFFFFFEF49540008F8B504007E
:1058F0002569A168036829436569C2692943186855
:105900009C4D114328400143196059689A48A56984
:105910000140E068014399485960834204D09849A6
:105920008B4201D0216A0D439968964E314029433C
:105930000F259960D96AA943656A2943D9629249BA
:105940008B421FD10321914B5B6D0B401800022B42
:1059500006D008208B4203D0013B59424B419800AE
:1059600080231B029A4200D0CFE0082857D8FAF7CC
:10597000E9FBFB005600AA005600C900560056007D
:105980005600AB0082498B4214D10C217F4B022080
:105990005B6D0B40082BE3D007D800208342DFD09B
:1059A00004308342DCD04018DAE708200C2BD7D033
:1059B0000018D5E777498B4213D13021734B022071
:1059C0005B6D0B40202BCBD007D800208342C7D083
:1059D0000430102BC4D00C30C2E70820302BBFD0CD
:1059E000E6E76D498B4200D1BAE06C498B4200D1A9
:1059F000B6E06B498B4200D1B2E0834211D1C022A4
:105A00008021624B12015B6D090113408B422DD046
:105A100019D8002B1CD08022D200934223D0012021
:105A20001BE0574A9342FAD1C0228021574B920083
:105A30005B6D890013408B4218D004D8002B07D02F
:105A400080225200E9E79342E9D1802636020EE037
:105A5000FDF7FCFA061E0AD10020524BA366002374
:105A60006367A367F8BDFDF7FFF9F3E74E4E626A7F
:105A70004E4B5200D75A30003900FAF76DFB032322
:105A800065686B438342CAD82B038342C7D3002384
:105A90003A0030001900FAF70FFD0027060E0B023E
:105AA000334302026E0892197B41100019002A004C
:105AB0003B00FAF701FD3E4BC2183E4B9A42AED86E
:105AC0002368D860C8E7384A616A384B490010003B
:105AD000C95AFAF741FB656840006B08C0182900F5
:105AE000FAF73AFB0200344B103A9A4200D996E793
:105AF0000F23020000079A4393B2400F226803432A
:105B0000D360A9E7FDF7B0F930E0082800D986E7AF
:105B1000FAF70EFB1A0085FF090085FF200085FFBC
:105B200085FF85FF23002048626A204B5200D15A2E
:105B3000FAF712FB65686B08C0182900FAF70CFB2E
:105B400002001D4B103AB9E7FDF780FA002800D19A
:105B500082E7E9E7FDF788F9F8E780200002E3E74C
:105B600080231B029A42EFD1FDF770FA021E00D18A
:105B700072E7A9E7F369FFCFFFCFFFFF0080004086
:105B800000840040FFF4FF11003801400010024083
:105B90000044004000480040004C004000500040DD
:105BA000003C0140010001000024F4008CFA0008D0
:105BB00000FDFFFFFFFC0F00EFFF0000836A30B520
:105BC0001A0706D50168284C4A682240846B224394
:105BD0004A60DA0706D50168244C4A682240C46A44
:105BE00022434A609A0706D50168214C4A68224040
:105BF000046B22434A605A0706D501681D4C4A6867
:105C00002240446B22434A60DA0606D501681A4CEA
:105C10008A682240C46B22438A609A0606D50168CE
:105C2000164C8A682240046C22438A605A0610D5BA
:105C30000168134D4A68446C2A4022434A6080221E
:105C40005203944205D14A680E4C2240846C224390
:105C50004A601B0606D502680B4953680B40C16CAD
:105C60000B43536030BDC046FF7FFFFFFFFFFDFFCA
:105C7000FFFFFEFFFFFFFBFFFFEFFFFFFFDFFFFF69
:105C8000FFFFEFFFFFFF9FFFFFFFF7FFF7B50400E8
:105C90000D00170000932268D3692B405B1B59420B
:105CA0004B41BB4201D0002026E0089B0133F3D0DA
:105CB000FDF77AFF009BC01A089B98422DD8002B55
:105CC0002BD023681A685207E5D52A004021403AB4
:105CD0008A43E0D0DA69082611003140019132424E
:105CE0000BD020001E62FFF75FF9230090331E6087
:105CF0000023012084342370FEBD8022D969120163
:105D00001142C8D01A622000FFF74EF9230020226A
:105D100090331A60019B843423700320ECE7F0B5C4
:105D2000070087B0883705933B6804000D00160014
:105D30000220202B02D1002902D1012007B0F0BDA2
:105D4000002AFAD08023A2685B019A4204D1236919
:105D5000002B01D1CB07F0D42300002290331A602E
:105D600021233B60FDF720FF230054331E800233C4
:105D70001E8003938023A268002604905B019A4250
:105D800004D12369B34201D12E001D0023005633F4
:105D90001B889AB2002B0CD1059B20000093402158
:105DA000049BFFF773FF2023883423600028C5D0AD
:105DB0000CE0059B0022009380212000049BFFF74C
:105DC00065FF002804D02023883423600320B5E732
:105DD0002268002D10D133880236DB05DB0D93627B
:105DE00021223B6813409342A7D1039B039A1B884F
:105DF000013B9BB21380C9E72B7801359362EFE733
:105E0000030073B50026040090331E60FDF7CCFE3E
:105E1000236805001B681B071FD58021284B320013
:105E20000093890303002000FFF730FFB04214D035
:105E3000EFF31081012383F3108880202268136818
:105E40008343136081F310882300202288331A6073
:105E5000032000238434237076BD260023688C360B
:105E60001B685B0723D58021154B0022009320007F
:105E70002B00C903FFF70AFF002818D0EFF31080AA
:105E8000012282F3108821680E4D0B682B400B60B5
:105E900080F31088EFF3108082F3108821688B68FC
:105EA00093438B6080F3108820233360D0E7230076
:105EB0002022002088331A603260E0662067C8E73D
:105EC000FFFFFF01DFFEFFFF70B5041E01D10120BF
:105ED00070BD050088352B68002B04D10200843288
:105EE000137002F02DF82423012122682B6013681F
:105EF0008B431360A36A002B02D02000FFF75EFEE5
:105F00002000FFF7F3FC0128E1D0236807495A6815
:105F100020000A402A215A609A688A439A60012226
:105F200019680A431A60FFF76BFFD1E7FFB7FFFF5D
:105F300003005C3370B5816580241A805A80002389
:105F4000816843676401A1424ED10369591E8B41A8
:105F5000FF215B428B433C495B18010060310B80A1
:105F600003000021903319602231043B1960EFF3E4
:105F70001084012383F3108801688D682B438B60A4
:105F800084F3108880258021466E84680369AD05FE
:105F90004901AE423AD1050068352D88954235D881
:105FA0002A4A8C4202D1002B00D1294A4267002B99
:105FB0000BD0EFF31081012383F310880268FF33C5
:105FC00014682343136081F31088EFF310810123D9
:105FD00083F31088802302685B0590680343936015
:105FE00081F31088002070BD002905D101697F234D
:105FF0000029B2D18033B0E780246405A142ACD13E
:1060000001693F230029A8D14033A6E7114A8C42F9
:1060100002D1002B00D1104A42670122002B0AD086
:10602000EFF3108182F31088902302685B00106800
:1060300003431360D4E7EFF3108182F31088026802
:1060400020231068F4E7C046FF0100003155000826
:10605000115700085D5300084954000803008C30B4
:1060600070B504680220202C2BD10138002928D0DB
:10607000002A26D080209C684001844205D11869FE
:10608000002802D1013001421BD100200D4CD866FE
:106090001868A04212D00C4CA0420FD040680002F9
:1060A0000CD5EFF31085012080F3108880201C6848
:1060B000C00426683043206085F310881800FFF77D
:1060C00037FF70BD0080004000840040F7B5070036
:1060D000436E04006A37002B04D1012038806834F5
:1060E0002080F7BD03680B4E9A689B680A4D5B0FD2
:1060F000F05CE95CC0000192FAF7B8F8019B3880C7
:106100001B015B0FF05CE95CC000FAF7AFF880B2EE
:10611000E5E7C046ACFA0008A4FA000870477047EB
:106120007047000070B50400843422780300022018
:10613000012A11D01D002422012688352A601A6800
:1061400011681068B0431060044801400020586690
:10615000202311602B60207070BDC046FFFFFFDF61
:10616000F8B5050084350B0029780222012915D0E5
:1061700006000121046888362232326027682268CE
:106180008A432260A168C900C9081943A160FFF7CA
:106190009DFF20230022276033602A701000F8BD85
:1061A000F8B5050084350A0029780223012915D0A5
:1061B000060001210468883622333360276823688B
:1061C0008B432360A168064B19401143A160FFF780
:1061D0007DFF20232760336000232B701800F8BD5B
:1061E000FFFFFFF1030010B50320002B14D0AE24F5
:1061F0000020A40018510C3418510C34185181425D
:1062000002D0AD2080001950A721012089005854E8
:1062100018001A7001F054F810BD13B56B46040055
:10622000981D00230380033300290FD0AE239B0069
:10623000E150CB6A002B03D09847B4239B00E05079
:10624000B6229200A3580133A3500023180016BDB4
:1062500010B501F077F810BDAE239B00C25810B501
:10626000131E02D0136898470300180010BDAE2318
:106270009B00C35810B55B689847002800D00320E6
:1062800010BD0000164B70B5C5180400280000F0C2
:1062900091FBA52301229B00E2501C33E25A183BDC
:1062A000E2500F4BE15C1F230B40012B08D0022B67
:1062B0000BD0002B0ED12900200000F03BF970BD5F
:1062C0002900200000F098FAF9E72900200000F0EA
:1062D000C7FAF4E77F232000994301F051F8EEE775
:1062E000AA02000070B50400100000292AD1A523DD
:1062F0009B00E358032B0FD125005535FF35AB68C4
:10630000EA6893420AD99B1AAB609A4200D91A00F4
:106310000100200000F0AFFB002070BDA7239B0010
:10632000E35C032B0AD1AE239B00E3581B69002BCF
:1063300004D0B52292002000A1509847200000F020
:10634000A2FBE9E7A7239B00E35C032BE4D1AE2388
:106350009B00E3589B69002BDED0B5220020920001
:10636000A05020009847D8E770B50D000400110038
:10637000002D44D1A5239B00C358022B0DD1C36926
:10638000026A934212D99A1AC26100F05CFB2B0098
:106390002A002900200001F02AF8A8239B00E25CD3
:1063A000002A01D00022E254002070BD93420DD19A
:1063B000826993420AD8A626B60083599A4205D22A
:1063C0002A00290000F03FFBA551E0E7A7239B002E
:1063D000E35C032B0BD1AE239B00E358DB68002B5F
:1063E00005D0B522002192002000A15098478021BD
:1063F000200000F0C5FF200000F051FBCDE7A723EF
:106400009B00C35C032BCFD1AE239B00C3585B69B9
:10641000002BC9D0B5220021920081502900984755
:10642000C3E7F8B5A723012200219B00C254083B13
:10643000C15010334160C150043BC1541833C3589C
:1064400004008B4218D100260022402311002000B6
:1064500000F081FFB22301275B00E75223004025B3
:10646000FC335D6600222B008021200000F073FFCA
:106470003000A7842562F8BD5B68002BE3D0984705
:106480000028E0D00326DFE70174002070470000F9
:10649000A7239B00C25C042A03D0C25C0349D2B28A
:1064A00042540422C25400207047C0469D0200009E
:1064B000A7229200835C042B03D1034BC35CDBB2A5
:1064C000835400207047C0469D020000A72310B5EA
:1064D0009B00C35C032B08D1AE239B00C358002B49
:1064E00003D0DB69002B00D09847002010BD0020AE
:1064F00070470020704710B5C278837812021A43A3
:1065000003789A4201D8002010BD04780019E318DE
:1065100044789BB2052CF4D184788C42F1D1F3E716
:1065200010B50400802100F02BFF0021200000F0B6
:1065300027FF10BDF7B560220B780D00134019003E
:10654000921820390400114212D0002B00D09CE098
:106550006878092800D998E0F9F7F4FD13013A01A9
:1065600097002A019700890016009700FE00AB00F3
:10657000B5239B00C3582900AE339B001B589B6872
:10658000984705002800FEBD00236A46D3806B882B
:10659000180A01380E2878D8F9F7C0FD102C3B777F
:1065A00077525D777777777777770800AD239B0011
:1065B000E358DB69002B68D0207C04E0AD239B000E
:1065C000E358207C1B686A46911D9847E98800299A
:1065D00000D1A4E06B46DA88002A56D00B1C914209
:1065E00000D9131C6946CB8001009AB2200000F04C
:1065F0001CFA4DE0AE23227C9B00E358002A06D112
:106600009B6A6A46901D984702234370DEE7DB6A67
:10661000F7E7D8B2052838D8AD239B00E358F9F73F
:106620007DFD030507090B0D5B68C3E79B68C1E7A8
:10663000DB68BFE71B69BDE75B69BBE79B69B9E73F
:10664000237C002B21D1AE236A469B00E358901D8A
:106650005B6B9847BAE7237C002B16D1AE236A46C2
:106660009B00E358901D1B6B98470723CDE7AB8831
:10667000002B0AD1EB88002B07D16E887F2E04D81F
:10668000A725AD00635D032B04D12000FFF748FF71
:10669000002577E7564BF1B2E154200000F095FE5B
:1066A000200000F0F0F90223002E00D101236355F1
:1066B000EEE7A9784F4D2970012904D92000FFF792
:1066C0002FFF03255EE7A726B600A35DDFB2022BEE
:1066D00009D0032F1BD02000FFF722FF20002978CC
:1066E000FFF7C5FDEDE7002919D001212000616009
:1066F000FFF7B2FD05002000002D03D0FFF710FFCB
:10670000A7553FE700F0BFF90323A355C0E70029D1
:1067100009D102232000A3556160FFF7A8FD2000E6
:1067200000F0B1F9B4E761680129F8D0C9B22000DE
:10673000FFF79DFD297820006160FFF78DFD051EA4
:10674000EDD02000FFF7ECFE61682000C9B2FFF732
:106750008EFD0223A35515E7EA88012A95D1A723C8
:106760009B00E15CCBB2022906D8002B8DD0002320
:106770002100A360083139E7211D032B00D135E743
:1067800083E7A7239B00E35C013B022B00D97CE756
:10679000EB88022B00D078E7A9239B00E258012365
:1067A000002A00D0023321000222E3600C311DE7F1
:1067B0006B88012B03D1A9229200A350AFE7022BD3
:1067C00000D062E7A822AB8892001B0AA354A6E778
:1067D000A7239B00E35C013B022B00D955E76B88A4
:1067E000012B00D054E7A92300229B00E25096E73A
:1067F0009E020000C401002060230A7870B5134097
:1068000004000D00520601D5402B25D1A7239B0083
:10681000E35C013B022B1FD82979200001291CD8F9
:10682000FFF765FE03000320002B0BD1AE22920080
:10683000A2589268002A05D0B52189006350200033
:1068400029009047EB88002B05D1002803D12000B8
:1068500000F019F9002070BD2000FFF761FEF9E794
:10686000602270B50B780400134088880E00190070
:1068700092182039C5B211425AD0002B2FD173780B
:10688000012B41D0032B22D0002B28D1A7239B0022
:10689000E35CDAB2022B00D167E0032A1FD10F2399
:1068A00014222B405343E318000600D46DE09B8C68
:1068B000002B14D07F232B4001335343E6186B0683
:1068C00000D06EE0002302223100336059E0A7239C
:1068D0009B00E35CDAB2022B3CD0032A03D02000F9
:1068E000FFF71EFE0EE07388002B08D16B0606D062
:1068F000F388002B03D12900200000F041FD200087
:1069000000F0C1F8002070BDA7239B00E35CDAB261
:10691000022B1FD0032AE2D17388002BF2D16B0621
:1069200003D02900200000F034FD200000F0ABF877
:1069300029002000FFF7DDFD0028E3D1B5239B00EF
:10694000E0501C3BE3589B68002BDBD0310020005B
:106950009847D8E76B06C2D02900200000F010FD50
:106960008021200000F00CFDCCE76D06B7D121009E
:106970005531FF31000601D54139FF39002302228C
:106980000B60200000F051F8BCE76533FF331B8833
:10699000002BA4D07F232B405A435532FF32A61838
:1069A0008DE72900200000F0FDFC002800D189E7D8
:1069B000012388E70B7803704B784370CB788A7893
:1069C0001B02134343804B790A791B0213438380D4
:1069D000CB798A791B021343C380704710B504003A
:1069E000802100F0CDFC0021200000F0C9FC10BD8A
:1069F00070B504000D00160000280DD0FAF7A0FDB8
:106A0000C3B201335B0033802B70032300216B7012
:106A1000013B2278002A00D170BDEA545A1CD2B240
:106A200002330134A954DBB2F3E71300A52210B5F9
:106A30000224920084500A0083610021C36100F0A7
:106A4000CDFC002010BD10B513000A00002100F09D
:106A5000C5FC002010BD1300A52210B50324920030
:106A600084500200FC32D36513660A00002100F056
:106A7000BEFC002010BD10B513000A00002100F07C
:106A8000B6FC002010BDA52304229B0010B5C25007
:106A900000231A00190000F0A1FC002010BDA5235E
:106AA00005229B0010B5C25000231A00190000F007
:106AB0009EFC002010BD0000B523B0229B00C358EF
:106AC00092009B00C31870B59C580320002C09D07D
:106AD00004329B58002B04D08025AD00605DFF2858
:106AE00001D1002070BD044A9B682100A25C984738
:106AF000FF236355F5E7C046010200000A23038027
:106B00000048704788000020F8B5124D8221070028
:106B10002800FFF7F0FC012106002800FFF7EBFC3E
:106B2000812104002800FFF7E6FC002E01D010238D
:106B3000B371002C03D0402323710023637100281C
:106B400003D04023037100234371432328003B807B
:106B5000F8BDC0460C00002010B5FFF7D5FF10BDF2
:106B6000F8B5124D822107002800FFF7C4FC01216F
:106B700006002800FFF7BFFC812104002800FFF772
:106B8000BAFC002E01D01023B371002C03D00023D7
:106B9000237102336371002803D000230371023391
:106BA0004371432328003B80F8BDC0460C00002001
:106BB00070B5B526B60083590400B0339B001D584C
:106BC0000320002D11D0200000F01AFC8323812225
:106BD0009B00E850E918A3599200B0339B00E418D9
:106BE0006368A858DB689847002070BDB2239B00FB
:106BF000F7B5C2580C33C3580E009B00C31801935D
:106C0000B02301999B00CF5804000320002F16D019
:106C10000F23142533405D436519A86900280FD060
:106C200028214B43D318596AF9F71CFB0A1E07D1D8
:106C30000B00A9612000310000F0D0FB0020FEBD58
:106C4000852300229B00FA50019AB033D3581B6968
:106C5000002BF3D08422822092008000B91838588B
:106C600032009847EAE70000B523B022F0B59B0058
:106C7000C35885B09B00C31892009E5802AA0D000D
:106C8000511D0022040002A8871D0A703A80964216
:106C900059D02A78944660226046104001906046A0
:106CA000104233D0019A202A49D1EA886878002A14
:106CB00025D0614649B2002910DAB12189005B581C
:106CC00031009B689847EB881A1C072B00D90722D4
:106CD000310092B22000FFF7A8FE0DE080239B0058
:106CE000F054131C402A00D940239AB21A4B3100A9
:106CF0002000F254FFF7AFFE002005B0F0BDB12137
:106D000089005B5829009B689847F5E768780B284D
:106D100015D8F9F7F9F906F114141414141414140D
:106D20000E1AA7239B00E35C032B08D10222390033
:106D3000D0E7A7239B00E35C0122032BCAD02900E4
:106D40002000FFF74BFE0320D7E7A7239B00E35C5F
:106D5000032BD1D0F3E7C0460102000070B5040058
:106D60000025812100F003FB01212000258700F090
:106D7000FEFABC23B5265B00E5528221200000F01C
:106D8000F6FAB022B600A359E5649B00E31892001E
:106D90009A58AA4211D0B12292009B585B6898473A
:106DA000A359B0339B00185900F05EFBA359B033D0
:106DB0009B001D51AF239B00E550002070BDF8B52E
:106DC00004008720800000F04BFBB5260500B600CC
:106DD000002805D1A359B0339B00185102204DE083
:106DE00087220021920008F035F9A359B0339B00A7
:106DF0001D51AF239B00E550237C002B3FD1802306
:106E000081219B000222200000F0A5FA01218023AD
:106E100021879B000222200000F09DFABC2301265E
:106E20005B00E652230010224E331A8082210D3A75
:106E30000823200000F08FFA23004C331E808123AA
:106E400000279B00EF50D033E358B0339B00E3188A
:106E50005B681B68984785239B00EF500433EF5015
:106E6000143BEA58BA42B9D0237CBB4211D18023EB
:106E70009B003100200000F0BAFA0020F8BD40234A
:106E800081210222200000F066FA0121402321879F
:106E9000C0E74023EDE703000320002907D0B52217
:106EA000002092009A58B03292009B1859607047A7
:106EB000B5239B00C358B0339B001B580320002B05
:106EC00006D08220800019508421002089005A5069
:106ED0007047B5239B00C358B0339B001B58032059
:106EE000002B03D081220020920099507047B523D7
:106EF0009B00C35810B5B0339B001A580323002AD7
:106F000011D0852189005458023B002C0BD15350DD
:106F100084239B00D3580C3952588839C362FF39F7
:106F200000F05CFA2300180010BDB5239B00C35885
:106F300010B5B0339B001A580323002A0BD08123CD
:106F40009B00D258037C002B07D180239B0001219A
:106F500000F04DFA0023180010BD4023F7E70000B1
:106F600010B5144C002220001349FFF73BF900280C
:106F700001D000F07BFA20001049FFF74EF90028FD
:106F800001D000F073FAB52300229B0020000C49C9
:106F9000E250FFF780FF002801D000F067FA2000E0
:106FA000FFF756F9002801D000F060FA054807F015
:106FB00071FE10BDC8010020C80000205000002054
:106FC000E8000020B4FA0008122301480B80704743
:106FD000B4000020042301480B807047B00000205B
:106FE00070B5002652008A188A4200D170BD050F84
:106FF000ECB223003733092D00D8073B0B704E70DD
:1070000000010231F0E700001A2310B50B800A4B93
:1070100018680A4B1B68C01800280AD0084B0822C1
:107020001C680849FFF7DCFF042220000649FFF72F
:10703000D7FF064810BDC0469075FF1F9875FF1F0B
:107040009475FF1F96000020A600002094000020E9
:1070500010B5044C0A0021000348FFF7C9FC2000CA
:1070600010BDC046A4040020CAFA000810B5044CA4
:107070000A0021000348FFF7BBFC200010BDC046FA
:10708000A4040020DDFA000810B5044C0A00210019
:107090000348FFF7ADFC200010BDC046A40400204B
:1070A000F3FA000810B5044C0A0021000348FFF76A
:1070B0009FFC200010BDC046A4040020FEFA00087A
:1070C000002070470020704710B506F08FFD0020AB
:1070D00010BD000070B505000E0000243368A34207
:1070E00009D8074C29002000FFF7F3FE2000FFF726
:1070F0001CFF002070BD285D06F0CAFD0134EDE7DD
:10710000C801002010B5064C002220000549FFF7F9
:10711000CFFE20000449FFF7DCFE002010BDC04672
:10712000C8010020A4060020A40E00200A00B521FA
:107130000300002010B50B4C8900605014396158D1
:10714000033000290CD08520800009580120002937
:1071500006D119002000FFF7ABFE2000FFF7C7FEA5
:1071600010BDC046C8010020002802D0022801D06E
:10717000032070470120FCE710B5040096B04C22B4
:10718000002103A807F066FF1B4B22689A422DD10D
:10719000802303A85B040393FBF76CFF002801D056
:1071A00000F064F98022154C9201E36B1343E36312
:1071B000E36B134080220193019BE36B5205134262
:1071C00016D1E36B1343E363E36B13400293029B1B
:1071D000FCF71CFCE36B0A4A1340E363002208201F
:1071E0001100FCF749FC0820FCF770FC16B010BD3C
:1071F000FCF70CFCF2E7C046005C004000100240C7
:10720000FFFFFFEFA72310B59B00C1184033C05804
:10721000FFF738F810BD28234B43C318FC33DA6E50
:10722000B72310B59B00C058FFF75CF810BD2823AA
:107230004B43C3189A6AB72310B59B00C058FFF799
:1072400093F810BDB72310B59B00C058FFF73EF967
:1072500010BD70B5C3790400022B01D000F006F90F
:10726000B725AD0001216059FFF70EF96059FFF70E
:10727000D8F870BDB72310B504009B00C058FFF7C5
:1072800007F9E37A002B04D00623024A11690B4365
:10729000136110BD00ED00E010B5C37A0400002BAF
:1072A00006D00621054A13698B43136100F024F9C7
:1072B000B7239B00E058FFF7FBF810BD00ED00E09E
:1072C000B72370B504001C489B00C4501B4BB2256B
:1072D00003601B4BAD0083800223C3714372002304
:1072E00060514381C3600374FAF75AF9002801D052
:1072F00000F0BCF80022605911004023FAF71FFF8C
:107300008023605919000022FAF719FF6059C02341
:1073100000228121FAF713FF802360590022012106
:107320005B00FAF70CFFA0236059002282215B006A
:10733000FAF705FF002070BDC4180020005C004073
:1073400008080000B22310B59B00C058FAF778F97E
:10735000FFF70AFF10BD10B514001A002300B22475
:10736000A4000059FAF700FEFFF7FEFE10BDB2239D
:1073700010B59B00C058FAF725FEFFF7F5FE10BDCB
:10738000B22310B59B00C058FAF77DFEFFF7ECFE64
:1073900010BDB22310B59B00C058FAF7A2FEFFF74C
:1073A000E3FE10BDB2239B00C35848B22822002838
:1073B00005DA7F2001404A439B18987D70474A4375
:1073C0009B185733FF331878F8E7B22310B59B00AA
:1073D000C058FAF748F9FFF7C7FE10BD10B5B22440
:1073E000A4000059FAF737FEFFF7BEFE10BD10B536
:1073F000B224A4000059FAF70BFEFFF7B5FE10BD4A
:10740000B22310B59B00C058FAF71DFE10BD000056
:1074100010B50400002902D0012910D010BDC37A94
:10742000002B06D000F068F806210C4A13698B4344
:107430001361B7239B00E058FFF73AF8EEE7B72354
:107440009B00C058FFF724F8E37A002BE6D0062310
:10745000024A11690B431361E0E7C04600ED00E00A
:1074600000487047A41600207047000010B588B08F
:1074700001F0E6F9802101241B4BC9011A6C05A813
:107480000A431A641A6C0A400192019A5A6B00214D
:1074900022435A635B6B082223400293029B07F04E
:1074A000D9FD8023A0209B000393FF3BFF3B03A952
:1074B000C00504930794FCF729F80923E1210B4C3C
:1074C000490223600A4B1868F8F746FE8021094BF1
:1074D000E0601A78002A01D172B6FEE7E06908423E
:1074E000FCD0A2620133F4E70010024000380140F2
:1074F000000000200CFB000810B594B03C220021D5
:1075000005A807F0A7FD1022002101A807F0A2FDA1
:1075100080208000FCF784FA22230593DE33089351
:107520008023DB030C93002309930F9308331093FC
:1075300080239B02119380239B04129380230224B7
:1075400040229B0505A80A920D940E941393FBF715
:1075500037FA002801D0FFF789FF07230390049032
:10756000210001A801930294FBF7C2FC0028F2D18C
:1075700014B010BD1FB5FCF7F7FA0421324B5A6B5B
:107580000A435A635B6B0B400193019B2F4B3049BD
:107590001A680A401A608022196852010A431A6068
:1075A00040229A6100222B490292029A8A4243D9D0
:1075B0008022D2039A6100230393039B8B423FD91D
:1075C000FFF79AFF00F052F800F0AAF900F0E6F891
:1075D00000F0DCFA00F026FC1F4C642323221F4934
:1075E0002000FEF79CFB00F0C1F900F0E3F96423F2
:1075F0001B221B492000FEF792FB00F0EDFA00F081
:1076000047FC00F07FFC00F069FB00F091FB642375
:107610001E2214492000FEF782FBFFF7A1FC642321
:10762000172211492000FEF77AFB07F067F900F0F6
:1076300073FA07F0E5F9FCE7029A01320292B4E727
:10764000039B0133B8E7C046001002400008005019
:10765000FFCFFFFF1FA107003C21002030FB0008E7
:1076600055FB000870FB00088FFB0008F0B50426EE
:107670008BB01422002105A807F0ECFC2021012585
:10768000404B08275A6B832432435A635A6BA40138
:1076900032400092009A5A6B3B480A435A635A6B35
:1076A0000A400192019A5A6B1E392A435A635A6B57
:1076B0002A400292029A5A6B0A435A635A6B0A4052
:1076C0000392039A5A6B21003A435A635B6B002280
:1076D0003B400493049BFBF7D7FF8821A0200022A6
:1076E0004900C005FBF7D0FF2A0003212748FBF71C
:1076F000CBFF002226492548FBF7C6FF00223900B0
:107700002448FBF7C1FF0594002405A91E480695EF
:1077100007940894FBF7FAFE8823A0205B0005A9D4
:10772000C0050593069507940894FBF7EFFE1A4BE6
:1077300005A916480593069507940894FBF7E6FEFD
:1077400005A91248059606940795FBF7DFFE8023EE
:10775000A0201B0205A9C005059306940794FBF71A
:10776000D5FE05A90B48059606940794FBF7CEFEB7
:10777000084805A90597069507940894FBF7C6FEE7
:107780000BB0F0BD00100240000800500004005093
:1077900020C20000000C005023C2000030B585B0AC
:1077A0000C22002101A807F055FC2E4C2E4B802204
:1077B00023608023920322610822DB05636000239B
:1077C0006261043AE261621CD377220001252C3207
:1077D0001570802252012263220020003C32A360F7
:1077E000E3602383A3766362A3626363A36313707E
:1077F000E364FCF701FA002801D0FFF737FE00230D
:10780000200001A9019502930393FCF70BFC0028CB
:1078100001D0FFF72BFE154B20000193042301A993
:107820000293FCF7FFFB002801D0FFF71FFE104B6F
:1078300020000193082301A90293FCF7F3FB002821
:1078400001D0FFF713FE0B4B200001930C2301A97D
:107850000293FCF7E7FB002801D0FFF707FE05B015
:1078600030BDC046041C002000240140020000047A
:10787000040000080800000C30B5050089B014228F
:10788000002103A807F0E6FB214B2A689A423CD16D
:107890008021204B49031A6CA0200A431A641A6CF9
:1078A000C0050A4001210192019A5A6B0A435A63AA
:1078B0005B6B0B400293029B0F2303A903930C3BCA
:1078C0000493FBF723FE144C8022144B22612360A7
:1078D000052392186261802263600023D200200099
:1078E000A360E360A261E3612362FBF715FF002858
:1078F00001D0FFF7BBFD0C20002202212C65A56200
:10790000FCF7BAF80C20FCF7E1F809B030BDC0462E
:107910000024014000100240A41B00200800024087
:1079200013B50124104B02219A6B092022439A635C
:107930009B6B002223400193019BFCF79DF80920DB
:10794000FCF7C4F8210000220A20FCF795F80A2071
:10795000FCF7BCF8002221000B20FCF78DF80B206F
:10796000FCF7B4F813BDC046001002400F482021B8
:107970000F4B10B500220360012341611439C1612E
:10798000093942608260C26003828274836101624D
:1079900043628362C362036342638363C263FCF72F
:1079A0000FFD002801D0FFF761FD10BDD01C0020A5
:1079B000006400400F4810210F4B10B500220360F7
:1079C000012341610439C161093942608260C260AA
:1079D000038282748361016243628362C3620363D0
:1079E00043638363C263FCF7EBFC002801D0FFF71D
:1079F0003DFD10BD6C1C00200068004010B5040067
:107A00009CB01422002104A807F024FB4C22002182
:107A100009A807F01FFB2368394A93423FD180230E
:107A200009A89B040993FBF725FB002801D0FFF769
:107A30001DFD344B1A6801321A60334B012A08D1FC
:107A40008021DA6B49010A43DA63DA6B0A4000925B
:107A5000009A08215A6B00240A435A635B6B022286
:107A60000B400193019B032328480493059206943D
:107A70000794089304A9FBF749FD22002100152073
:107A8000FBF7FAFF1520FCF721F816202200210051
:107A9000FBF7F2FF1620FCF719F81CB010BD1C4ACA
:107AA0009342FAD1802309A89B040993FBF7E2FAD9
:107AB000002801D0FFF7DAFC124B1A6801321A6075
:107AC000114B012A08D18021DA6B49010A43DA639C
:107AD000DA6B0A400292029A0222596B0024114387
:107AE00059635B6B0B4813400393039BC0239B01BB
:107AF00004930323059206940794089304A9BAE714
:107B000000640040681C002000100240000C00507F
:107B10000068004000040050012370B5114C02269B
:107B2000226E13432366FCF73FF80500236E3342B1
:107B300011D00D4B0D4A1A6003225A60FA229200AE
:107B40009A600B4A1A61DA68002AFCD1094A1A6065
:107B5000094A1A6004E0FCF727F8401B6428E5D9BD
:107B600070BDC04600100240003000405555000076
:107B7000FF0F0000AAAA0000CCCC0000014B024A73
:107B80001A60704700300040AAAA00001048114B4C
:107B9000E02210B503608223D200C26080225B0025
:107BA0004360002392008261FA3A8360036143617B
:107BB000C361036243628362FF3A03630833C262B4
:107BC0004363FCF7FDFF002801D0FFF74FFC10BD19
:107BD000981D0020003001401048114BE02210B5E4
:107BE00003608223D200C26080225B0043600023D6
:107BF00092008261FA3A836003614361C361036268
:107C000043628362FF3A03630833C2624363FCF753
:107C1000D7FF002801D0FFF729FC10BD341D00203C
:107C20000038004010B504008AB01422002105A8D5
:107C300007F010FA2368254A93421CD18021244B77
:107C400049011A6CA0200A431A641A6CC0050A4044
:107C500001210192019A5A6B0A435A635B6B0B40F4
:107C60000293029BE0230593DE3B069305A9FBF7F5
:107C70004DFC0AB010BD174A9342FAD1802102246C
:107C8000134BC901DA6B14480A43DA63DA6B0A4012
:107C90000392039A5A6B05A922435A635B6B0694BD
:107CA00023400493049B402305933C3B0993FBF73B
:107CB0002DFCC0235B000593002307930893013339
:107CC00005480694099305A9D1E7C0460030014054
:107CD00000100240003800400004005030B500257C
:107CE00085B00C22002101A807F0B4F90D4C0E4B11
:107CF000200023600D4B6560A560E360A561FDF782
:107D0000E7F8A84201D0FFF7B1FB200001A90195D7
:107D10000395FDF707F9002801D0FFF7A7FB05B091
:107D200030BDC046A81E002000100040FFFF00002C
:107D300030B5002585B00C22002101A807F08AF992
:107D40000D4C0E4B200023600D4B6560A560E36079
:107D5000A561FDF7BDF8A84201D0FFF787FB200021
:107D600001A901950395FDF7DDF8002801D0FFF783
:107D70007DFB05B030BDC0465C1E002000140040F5
:107D8000FFFF000037B50368214A050093422BD15D
:107D90001021204B204CDA6B20000A43DA63DB6BA6
:107DA00080220B400093009B1C4B22612360262302
:107DB00092186261802263600023D200A360E360B6
:107DC000A261E3612362FBF7A7FC002801D0FFF763
:107DD0004DFB11202C6200220221A562FBF74CFE14
:107DE0001120FBF773FE37BD0D4A9342FBD12021D2
:107DF000084B1220DA6B0A43DA63DB6B00220B407C
:107E000001931E39019BFBF737FE1220E9E7C046BC
:107E10000010004000100240FC1D002058000240ED
:107E20000014004010B5184B184C0C222360E123BD
:107E30005B02636000232000A360E3602361626152
:107E4000A361E36123626362A362FEF73DF8002849
:107E500001D0FFF70BFB00212000FEF781F900287D
:107E600001D0FFF703FB00212000FEF799F900285D
:107E700001D0FFF7FBFA2000FEF754F9002801D0EB
:107E8000FFF7F4FA10BDC046003801403C21002045
:107E900010B51A4B1A4C0C222360E1235B0263607D
:107EA0000023A360E3602361A361E3612362636253
:107EB0000833A362802320001B026261A363FEF7E4
:107EC00003F8002801D0FFF7D1FA00212000FEF7C7
:107ED00047F9002801D0FFF7C9FA00212000FEF77A
:107EE0005FF9002801D0FFF7C1FA2000FEF71AF968
:107EF000002801D0FFF7BAFA10BDC0460048004084
:107F0000A82000200C480D4B10B50360E1235B0254
:107F10000C224360002342618360C360036183617C
:107F2000C361036243628362FDF7CEFF002801D084
:107F3000FFF79CFA10BDC0461420002000500040FE
:107F400070B505009EB01422002106A807F082F843
:107F50004C2200210BA807F07DF82B68634A93425E
:107F600049D101230BA80B93FBF784F8002801D01B
:107F7000FFF77CFA80215E4BC9011A6CA0200A43EE
:107F80001A641A6C00260A400092009A0122596B6A
:107F9000C005114359635B6B06A913400193019B14
:107FA000C023DB00069302230896079309960A92E2
:107FB000FBF7ACFA4F4C504B200023603223636038
:107FC0004E33A660E66023616661A661E6612662C3
:107FD000FBF7A2FBB04201D0FFF748FA2B1D1B2094
:107FE00000220121DC67A562FBF746FD1B20FBF7A1
:107FF0006DFD1EB070BD414A93423CD104230BA8D5
:108000000B93FBF737F8002801D0FFF72FFA8021F8
:10801000374BC902DA6B00260A43DA63DA6B384859
:108020000A400292029A0222596B114359635B6B18
:1080300006A913400393039BC0231B01069304234B
:1080400007920A9308960996FBF760FA2D4C2E4B7F
:1080500020002360362363604A33A660E660236114
:108060006661A661E6612662FBF756FBB04233D03B
:10807000FFF7FCF930E0254A9342BAD180211C4B2E
:108080004900DA6B1E480A43DA63DA6B0A4004924D
:10809000049A0222596B114359635B6B06A9134082
:1080A0000593059B18230693153B07920A93FBF74C
:1080B0002DFA174C174B802223604A23636000235C
:1080C0002000A360E36022616361A361E361236236
:1080D000FBF722FB0028CBD12B1D1D20DC670022E3
:1080E0000121A562FBF7C8FC1D2080E70038014094
:1080F00000100240B41F00201C0002400048004055
:1081000000040050541F0020300002400050004086
:10811000F41E002044000240FEE7000010B588B0C5
:1081200000F08EFB80210124194BC9011A6C05A8AF
:108130000A431A641A6C0A400192019A5A6B002190
:1081400022435A635B6B082223400293029B06F092
:1081500081FF8023A0209B000393FF3BFF3BC005D2
:1081600003A904930794FBF7D1F909228020094B56
:108170001A60094ADA60094A1178002901D172B6F9
:10818000FEE7DC690442FCD099620132F4E7C046A4
:1081900000100240003801402B020000A7FB00083D
:1081A0007047704710B5FBF7F3FC10BD10B50248DF
:1081B000F9F76AFA10BDC046C418002010B502488D
:1081C000FBF7CCFB10BDC046A41B002010B5034834
:1081D000FBF7C4FB0248FBF7C1FB10BDB41F002036
:1081E000541F002010B50348FBF7B8FB0248FBF70B
:1081F000B5FB10BDF41E0020FC1D002010B5024888
:10820000FBF762FE10BDC046041C002010B50248FA
:10821000FCF754FD10BDC046A81E002010B5024852
:10822000FCF74CFD10BDC0465C1E002010B5034895
:10823000FCF713FC0248FCF710FC10BDD01C00201A
:108240006C1C002010B5FFF7F1FF10BD10B50248FF
:10825000FCF7E2FE10BDC0463C21002010B50348EB
:10826000FCF7DAFE0248FCF7D7FE10BDA82000207C
:108270001420002007B501210A4BC0201A6CC00051
:108280000A431A641A6C0A4080210092009ADA6B41
:1082900049050A43DA63DB6B0B400193019BFBF753
:1082A0009BFC07BD001002400B490C4A0300521A08
:1082B0000B4910B50868002801D10A480860086811
:1082C000C318934206D906F0CDFE0C2303600120AB
:1082D000404210BD0B60FCE7000800000040022097
:1082E000D0210020804500200D488546F9F72FF960
:1082F0000C480D490D4A002302E0D458C450043301
:10830000C4188C42F9D30A4A0A4C002301E01360D6
:108310000432A242FBD306F0ABFEFFF72BF9FEE7D7
:108320000040022000000020880100206C080108A5
:108330008801002080450020FEE7000010B50022E3
:1083400002210448FBF7A0F9012203490348FDF785
:1083500085FE10BD0004005056220020A8200020F9
:1083600070B504000D1E14D0002812D00122022185
:108370000848FBF789F90220FBF71CFC2A002100C2
:1083800064230548FDF7CBFC002202210148FBF7DE
:108390007BF970BD00040050A82000200C4B02683F
:1083A00070B59A4212D17F210A4A137801330B40EB
:1083B000094908780949984204D0147808480D788A
:1083C0001370055501220748FDF748FE70BDC046F1
:1083D00000480040D5210020D42100205622002052
:1083E000D6210020A8200020064A036810B5934239
:1083F00006D10F2204491A6204480E3AFDF72EFEF8
:1084000010BDC0460048004056220020A820002091
:10841000F7B500237F2604000B480C4A0C4D019051
:10842000177898B2BC46019F3F78BC4501D0814285
:1084300000D8FEBD1078285CE0541078013301307C
:1084400030401070ECE7C046D5210020D421002038
:10845000D6210020802370B5DB0588B00293022569
:1084600000230126274C02A92000039306930793BB
:1084700004950596FCF7B4F8031E10D100902A006D
:1084800029002000FCF7D4F8002808D12000FCF7D0
:10849000EBF8021E03D131002000FCF758FA00234C
:1084A00002250126184C02A920000293039304958B
:1084B000059606930793FCF793F800281ED18023B6
:1084C0000390DB050690079002A920000293049513
:1084D0000596FCF785F8031E10D100902A002900AC
:1084E0002000FCF7A5F8002808D12000FCF7BCF814
:1084F000021E03D131002000FCF729FA012008B048
:1085000070BDC046D01C00206C1C002030B50B682C
:108510008BB001938023DB050293002303930400B7
:10852000087B0D000833072806D8F7F7F7FD2A0463
:108530001E20222426280123049300231848059393
:108540000693079308930993012C00D015482A1D20
:1085500001A9FCF7E3F8002815D0134821002A6888
:1085600006F098FB00200BB030BD0223E4E70323A4
:10857000E2E70423E0E70523DEE70623DCE7072341
:10858000DAE70023D8E7012C05D1084A1368013344
:1085900013600120E7E7064A022CFAD1F6E7C0464D
:1085A000D01C00206C1C0020CFFB0008682200209B
:1085B0006022002070B504008CB0C90709D50F25D2
:1085C00008266B464021200002AAFCF70BF9002880
:1085D00001D00CB070BD059A2A40131C082A00D99E
:1085E000331C22681549DBB28A420ED114490A684D
:1085F00001320A6080220399D2059142E1D11A002A
:108600006946029801F028F8DBE70E498A42D8D182
:108610000D4903980A6801320A608022D20590420F
:1086200005D1002102986A4600F0ECF9C9E70299E9
:108630000028F8D000200100F5E7C04600640040A3
:1086400064220020006800405C22002030B58DB01C
:10865000FBF7AAFAFA211C4A89001368C31A8B4255
:1086600030D31A4C106001A92000FCF749F9051E0F
:1086700010D1069B002B0DD0154806F00BFB2000F7
:10868000FCF708F82000FBF7EFFF2A00012120008B
:10869000FCF75DF90F4C01A92000FCF731F9051E2C
:1086A00010D1069B002B0DD00B4806F0F3FA2000EA
:1086B000FBF7F0FF2000FBF7D7FF2A000121200085
:1086C000FCF745F90DB030BD58220020D01C002029
:1086D000EFFB00086C1C002017FC000830B50024DC
:1086E000050087B01022210002A8019406F0B2FC18
:1086F00007232A0020001A401D421DD1F8231B0623
:10870000ED18802310009B029D4215D20223029394
:10871000013BED0A059303330495039372B6FAF710
:10872000FBFD01A902A8FAF7A7FE0400FAF778FEFC
:1087300062B663425C41E0B207B030BDF7B50500F8
:108740000E00430737D180231B05984233D31C4BBF
:1087500087189F422FD8002901D1002A2BD172B649
:10876000FAF7DAFD2C00711B0919A74204D8FAF7B1
:1087700057FE62B601201FE001225242D317009239
:1087800001933A1B082A00D90822684606F096FC95
:10879000009A019B21000120FAF70EFE00280CD060
:1087A000FAF7CCFD074B02002100180006F072FA20
:1087B000FAF736FE62B60020FEBD0834D3E7C046A5
:1087C000000002083FFC0008020010B5002805D197
:1087D000402101320348FAF757FF10BD0128FCD1B0
:1087E0008021F7E7000800500200402110B5002862
:1087F00003D0012804D1002280210248FAF744FF67
:1088000010BDC04600080050030010B500280AD172
:108810008021A0200902C005FAF730FF0138434249
:108820005841C0B210BD0020012BFBD104210148EA
:10883000F2E7C046000C005010B5FBF7B5F910BDCB
:10884000C0220E4B120610B59A61A0238022DB05D0
:1088500052049A6180220A4852039A610368002BED
:1088600001D0FBF717FF07480368002B01D0FBF787
:1088700011FF8022044B9A6110BDC04600040050D5
:10888000D01C00206C1C00200008005010B50422F1
:1088900002490348FBF738FD10BDC0466C2200209A
:1088A000041C002010B5032829D8164B4000C05ADC
:1088B000154A431E9BB2934221D8F8F7D5FD011CFF
:1088C000041C1248F8F7AAFB011C201CF8F782F8D8
:1088D0000F49F8F765FA0E49F8F77CF806F020FA28
:1088E0000C49F8F777F80C49F7F7EAFE011CFE206F
:1088F0008005F8F76FF80949F8F790FB10BD0848B4
:10890000FCE7C0466C220020FD0F000000F07F4510
:1089100000401C4600E076450FCF5B3B3393884315
:108920000000C07F1FB56B461A7300230090002023
:108930009A4200DDC85C1C0001336C442071082B96
:10894000F5D169460220FFF7E1FD04B010BD00003B
:1089500010B5104B86B002930823694602AC23730E
:108960000D4B1A78D2B20A705978002903D002212F
:108970000A4369460A7069461A7803A84A705B7808
:108980008B7000F0C9FC227B029803A9FFF7CAFF95
:1089900006B010BD28F4F0187D22002010B5002488
:1089A000B82200210E4806F055FB642200210D4834
:1089B00006F050FB002102220B4806F04BFB0B4B4C
:1089C0001C70FBF7F1F80122094B1860094B0A48AB
:1089D0001C600A4B1C600A4B1A7006F05BF910BD54
:1089E000F4220020902200207D2200208C220020F2
:1089F000882200208422002071FC000880220020B0
:108A00007C22002073B58D4C2478002C00D1CDE061
:108A10008B4C009400F03AFC002800D1C6E0FBF734
:108A2000C3F8884B884A18601368884D0133136077
:108A30000122874B1A702378002B15D0608880B2F2
:108A4000F8F712FD8349F8F7ABF96860A08800B227
:108A5000F8F7BEFC7F49F8F7A3F97F49F8F7DEFA8B
:108A6000A860A379DBB22B73E31DDB7F002B0DD055
:108A7000238D9BB2EB81638D9BB22B82A38D9BB226
:108A80006B8223002E331B78DBB22B75237A002BED
:108A90000FD02A00638928329BB2EB82E3899BB214
:108AA0002B83237BDBB213702A00237C2932DBB2B9
:108AB0001370A37C002B21D0E07CC0B2F8F7D4FC6B
:108AC0006649F8F7ABFAE861607DC0B2F8F7CCFC14
:108AD0006249F8F7A3FA2862E07DC0B2F8F7C4FC57
:108AE0005E49F8F79BFA2A006862237D2A32DBB2DE
:108AF00013702A00A37D2B32DBB2137023008A335C
:108B00001B78002B25D023008B3318780026C0B2A9
:108B1000F8F7AAFC5149F8F781FA2300E8628C3390
:108B20001878C0B2F8F7A0FC4C49F8F777FA286338
:108B3000A3198D331878C0B2F8F796FC4749F8F7B7
:108B40006DFA33000C339B00EB1801365860062E8B
:108B5000EED1230030331B78002B0FD0608E80B213
:108B6000F8F782FC3B49F8F71BF92865A08E80B224
:108B7000F8F77AFC3749F8F713F9686523003633BC
:108B80001B78002B0DD023002A0039331B784C3280
:108B9000DBB2137023002A0038331B784D32DBB26E
:108BA0001370237EDAB2002B01D1AA6573BD617EFA
:108BB000A27EE37E501E8241581E834152009B00DC
:108BC00013434A1E9141227F0B43511E8A41D2001A
:108BD0001A43637F591E8B411B011343A27F511E11
:108BE0008A4152011A43E37F591E8B419B01134373
:108BF000621CD27F511E8A41D2011A43A31CDB7F23
:108C0000591E8B411B021343E21CD27F511E8A4125
:108C100052021A43231DDB7F591E8B419B021343D3
:108C2000621DD27F0634511E8A41D2021A43E37F6D
:108C3000591E8B411B031343AB65B7E77C22002011
:108C4000F422002088220020782200209022002098
:108C500074220020CDCCCC3D0000C8430000484227
:108C6000F0B5CC4B05001B78B7B0DFB2002B00D1BC
:108C70006BE172B6C84B1B68189362B6002317935A
:108C8000189B834201D8C31A179372B62DAB9C462A
:108C90006246C24BC24852CB52C252CB52C252CB96
:108CA00052C262B60623FA2461465B42E400022BFC
:108CB00005D90A68AA4202D8AA1AA24204D20133EC
:108CC0000431032BF3D10027B64E3378002B00D0AC
:108CD00045E10378002B00D039E1037A002B00D066
:108CE00035E1837C002B00D031E1037E002B00D0E6
:108CF0002DE1C31DDB7F002B00D028E103003033C2
:108D00001B78002B00D022E1030036331B78002BA8
:108D100000D01CE103008A331A78D3B2002A00D0B5
:108D200015E10A210A005A4382183A321278002AC1
:108D300000D00CE10133082BF4D1FA219A4A490002
:108D40001368EB1A8B4202D31560FFF701FE974AB6
:108D50001378002B00D1EEE072B695490B6862B62D
:108D6000FA20EB1A8000834200D2E4E072B60023BE
:108D70000D60137062B672B68E4B58689F681A7B8E
:108D8000D2B22592DA8A92B226921A8BDE6992B218
:108D900027921A004C321D6A1278D2B228921A0019
:108DA0004D321278D2B229921A6D17925A6D1892DA
:108DB0009A6D60331B782A92DBB22B9362B67E49A0
:108DC000F7F7EEFFF8F7E4FA7B490400381CF7F7F1
:108DD000E7FFF8F7DDFA78491D90301CF7F7E0FF60
:108DE000F8F7D6FA74490700281CF7F7D9FFF8F707
:108DF000CFFA714906001798F7F7D2FFF8F7C8FACB
:108E00006D4905001898F7F7CBFFF8F7C1FA1D9ADE
:108E10000A21D317D2185A40FB171792FA185A4052
:108E2000F3171892F2185A40EB171A92EA185A40A0
:108E3000C3171B92C2185A40199020001C92F7F7D2
:108E400015FA0A211E902000F7F7F6FA1D9B5B4CDD
:108E50001F91002B00DA5A4C0A211798F7F706FAEF
:108E60000A211D901798F7F7E7FA544B20911793B2
:108E7000002F01DA524B17930A211898F7F7F6F9E9
:108E80000A2121901898F7F7D7FA4C4B22911893A2
:108E9000002E01DA4A4B18930A211A98F7F7E6F9DF
:108EA0000A2123901A98F7F7C7FA444E1A91002D19
:108EB00000DA434E0A211B98F7F7D8F90A212490CB
:108EC0001B98F7F7B9FA199B0D003C4F002B00DAFD
:108ED0003B4F2A9B1C980A211493F7F7ADFA1C9874
:108EE00013910A21F7F7C2F9249B12900F93299B43
:108EF00011970D93289B10950C931A9B0E960B932C
:108F0000239B0A93189B0993229B0893219B079309
:108F1000179B0693279B0593269B0493259B0393FE
:108F2000209B1E9A02931D9B2B99019325481F9B02
:108F3000009405F0AFFE1B4B1E4A1B78DBB213708A
:108F400072B6154B1B68D36562B637B0F0BD01230E
:108F50001D4A1E483370137005F09CFEEDE6337811
:108F6000144CDAB2012B4ED1194B1799994233D9CF
:108F7000230000216033317019708023B8229B01D7
:108F8000A36506F067F82B001248189A179905F0A8
:108F900081FED2E67C220020882200208823002047
:108FA000F42200208C220020842200207422002041
:108FB0008022002090220020000020415E0701084E
:108FC0008BFC000867FD0008F02200208DFC0008E3
:108FD00087130000B7FC0008230060331A70002FCD
:108FE00004D08023A26DDB011343A365A26D214B46
:108FF0001A4200D1A1E602223270A16D1E4819402A
:1090000005F048FE99E63378022B00D095E61B4B1D
:10901000179A9A421DD923000021603331701970CC
:109020008023B8229B01A36506F014F8144805F0CC
:1090300031FEA26D3378022B00D07EE6114B1A422E
:1090400000D07AE6002F00D077E601230E48337077
:1090500082E72300012260331A70002F05D080239D
:10906000A26DDB011343A365E3E7A36D054A13403B
:10907000F9E7C04618220000F4FC0008871300003E
:109080001AFD0008FFBFFFFF41FD0008034B986D6C
:10909000034B1840431E9841C0B2704790220020F5
:1090A0001822000010B5002805D072B664220249CB
:1090B00006F004F862B610BD9022002010B5084BEF
:1090C000084C1B78002B01D1002010BDFFF7DEFFFC
:1090D0000028F9D172B64C342078C0B262B6F4E7F9
:1090E000F02200209022002043185B78405C1B0295
:1090F0001843704770B50C0000210500FFF7F4FF1E
:10910000022160802800FFF7EFFFA0802B79A37178
:109110000123237070BD70B50C0000210500FFF71E
:10912000E3FF6081AB78280023730321FFF7DCFFA6
:10913000E0816B7923740123237270BD01230278CF
:10914000CA7442780A7582784A75C2788A7502793B
:109150008B74CA75704770B50C0000210500FFF7CD
:10916000C3FF022120852800FFF7BEFF0421608590
:109170002800FFF7B9FFA085AB79263423720123BD
:10918000237070BD037801221800363110404870FA
:1091900058089B08104013408870CB700A707047C5
:1091A000F8B50A23060000255203520F53433A3103
:1091B000CC18A71CE9B23000FFF796FF78530235B0
:1091C000082DF7D101232370F8BD03788A314B7045
:1091D00043788B708378CB70C3780B7103794B71B4
:1091E00043798B718379CB71C3790B7201230B7037
:1091F000704710B5437802781B02134382784C1CE9
:1092000012041A43C3781B061343180003221040AC
:10921000487698081040887618091040C876980952
:1092200010400877180A10404877980A104088774D
:10923000180B1040C877980B1040E077180C1040BE
:109240008C1CE077980C8C181040E077180D1040BB
:109250000C1DE077980D1B0E104013404C1D8A1D0D
:10926000E077D37701230B7610BD437802781B0299
:1092700013435BBA4B86C37882781B0213435BBAF5
:109280008B86012330310B7070470000F7B5089DC5
:109290000190101E24D02A1E22D00022082B1FD895
:1092A00016001C4C2278002A1CD000292BD1019FCB
:1092B000A2683A406768BA4225D1227B9A4222D8F6
:1092C00014247443134B019A1C19236929009847ED
:1092D000647BFAF769FC01222434A4002C19606035
:1092E0001000FEBD00290ED0A26867680A40BA428D
:1092F00009D1227B9A4206D814247443054B0A00F4
:109300001C192369E2E7013614340A2ECAD100225F
:10931000E6E7C046F0FD000870B50D000400082225
:10932000002105F097FE2B7823706B786370AB7883
:10933000A37070BD07B5064B40BA00936B4649BA9F
:109340009880D98068460821FFF70AF807BDC04613
:109350005AA5058210B51E4C0300207800220B2868
:1093600018D8F6F7DBFE060A0D191C1F2225282B3C
:109370002E318020998A400104E088201988FAE77C
:1093800059881448FFF7D6FF22780132D2B20B2A4F
:1093900000D90022227010BD90209988EBE7D9886F
:1093A0000D48EFE719890D48ECE798205989E2E765
:1093B00099890B48E6E7D9890A48E3E7A020198A8A
:1093C000D9E7598A0848DDE78020D98A8001D9E7A2
:1093D000EE2300200211000002120000041200001F
:1093E000021300000413000002140000F7B504008B
:1093F00001265A2743180193019BA34200D1F7BDD0
:10940000254D23782878002806D15A2B02D1234BEA
:109410002E701F700134EFE7012809D1A52B04D16C
:1094200002222A701D4A5370F4E700222A70ECE7EA
:109430001B491A4A8C46022809D10B7003219370EC
:10944000013B29703B2BE5D900232B70E2E7135435
:1094500063461B78411CC9B2023329708B42D9DAAA
:10946000D378832BF0D113799C46604653791B0245
:109470000343842080008342E6D19379012BE3D11A
:109480000829E1D9107AD3790002184340BA80B292
:1094900005F0E6FBD8E7C046ED230020AD23002011
:1094A000AC23002003000020072B05D8081E03D0A2
:1094B0000120024A9B0099507047C046F4230020C7
:1094C000F8B504000020072C15D80E4EA500AB59A6
:1094D000181E10D00C4F3B68002B03D09A68002A4E
:1094E0000AD090477359094A3B605B681470002B9F
:1094F00000D098470120F8BD5B68002BF2D0984758
:10950000F0E7C046F4230020F0230020EF230020E2
:10951000014B18787047C046EF230020044B10B56C
:109520001B68002B03D05B68002B00D0984710BD50
:10953000F0230020064B10B51B68002B04D0DB681D
:10954000002B01D0984710BD01204042FBE7C046E8
:10955000F0230020054B10B51A68131E04D0926941
:10956000131E01D090470300180010BDF023002007
:10957000054B10B51A68131E04D0D269131E01D012
:1095800090470300180010BDF0230020054B10B5D4
:109590001A68131E04D0126A131E01D090470300EC
:1095A000180010BDF0230020054B10B51A68131EDB
:1095B00004D0526A131E01D090470300180010BD5A
:1095C000F0230020044B10B51B68002B03D09B6ACE
:1095D000002B00D0984710BDF0230020044B10B59D
:1095E0001B68002B03D0DB6A002B00D0984710BD0E
:1095F000F0230020044B10B51B68002B03D01B6B1D
:10960000002B00D0984710BDF0230020044B10B56C
:109610001B68002B03D05B6B002B00D0984710BD5C
:10962000F0230020044B10B51B68002B03D09B6B6C
:10963000002B00D0984710BDF023002010B572B663
:10964000044B1B6862B6002B03D0DB6B002B00D0F1
:10965000984710BDF023002010B572B6044B1B686C
:1096600062B6002B03D01B6C002B00D0984710BDB6
:10967000F0230020084B70B5041E1D680AD010228C
:10968000002105F0E7FC002D04D06B6C002B01D00D
:109690002000984770BDC046F0230020044B10B551
:1096A0001B68181E03D09B6C181E00D0984710BD75
:1096B000F023002010B572B6054B1A6862B6131E6F
:1096C00004D0D26C131E01D090470300180010BDC7
:1096D000F023002010B5FAF767FA10BD1FB56B46EE
:1096E0001A7300230090D8B2824201D9082B05D109
:1096F00069460120FEF70AFF04B010BD1800CC5CDB
:10970000684404710133EEE7002807D00368002B9A
:1097100004D04368002B01D0014B18607047C0464D
:109720001424002010B50248FFF7EEFF10BDC0461C
:10973000B8FE0008064B10B51B68002B04D05B6810
:10974000002B01D0984710BDFAF72EFAFBE7C04670
:10975000142400200300064810B50468201E05D01C
:1097600000202468844201D01800A04710BDC046E4
:109770001424002070B504000D00161C002835D0FC
:10978000002933D08B78002B30D0CB78002B02D03F
:10979000037B013303736B79052B04D1637B0133A6
:1097A00063730123A3736B6C002B01D00123A3739C
:1097B000E9682068F6F784FF00212060301CF6F786
:1097C0004DFE002805D0686B002802D0F7F74CFE4C
:1097D000061C6068311CF6F773FFAD6860600449D1
:1097E000281CF6F755FE002800D0A56070BDC046C5
:1097F000CDCCCC3DF0B5079C0678089D26700026A0
:109800002E70007802360700B743042F07D0069E5B
:10981000711A994204D901232B7003332370F0BDD0
:10982000059B994204D901380128F8D80323F5E7AC
:109830000328F4D152002270F1E700004379F0B51B
:109840008B421BD001291AD10400713423780133D3
:10985000237004000023703441718266237007294D
:109860000CD8012425008D40AB272E003E403D4200
:109870000FD150331D421CD1022917D0F0BD002951
:1098800002D00B1F012BE4D80300002471331C709D
:10989000DFE703394C4261410171C16C002903D0FB
:1098A000521A084991425B41C370E7E70471C470E2
:1098B000E4E70671C6700629E0D1826D031DDA6700
:1098C000DCE7C0461027000070B5020084250020A8
:1098D000094C0A492378834201D8FF2070BD2B0030
:1098E0004343CE18B678002E02D05B5C9342F5D08D
:1098F0000130C0B2EEE7C046192400201C2400202D
:1099000070B50C4B00261B780D1C83420DD98423A7
:109910004343094CE418A678002E06D00021281CE9
:10992000F6F7ACFD002802D1A567300070BD002617
:10993000FBE7C046192400201C240020014B1878A6
:10994000C0B2704719240020F7B5431E06000191EC
:109950003B2B02D901204042FEBDFFF7B5FFFF2897
:10996000F8D1174D2B78072BF4D884222F78154B7C
:109970005743FC1820000021009305F06BFB0123E6
:10998000A370FE239B052361009B2200FE54019BD4
:10999000723263700023023A937013700022A26740
:1099A0002200A366E3667C3204341380E3672B78DD
:1099B0000133DBB22B702878013840B2CCE7C046C7
:1099C000192400201C24002070B50400FFF7B2FE0B
:1099D0000B4B02001B780025A3420FD98421614361
:1099E000084B58188578002D08D0030001217233E8
:1099F00019704379002B01D1FFF720FF280070BDBB
:109A0000192400201C24002010B50024054B1B78CD
:109A1000A34200D810BD20000134FFF7D5FFE4B207
:109A2000F4E7C0461924002037B50D1C0400144982
:109A3000101CF7F7B5F9F6F75FFD6A4600231370BF
:109A4000030C40BA537050800D49281CF7F7A8F951
:109A5000F6F752FD84237F225C430A4D00BA635D12
:109A600001900948134069461843773AFFF772FEA0
:109A7000002803D02D196B6D01336B6537BDC046CF
:109A800000007A441C24002080C00719F7B51A4B47
:109A900005001B7800270C1C83422BD984234343E9
:109AA000164EF3189F78002F24D00021201CF6F7C3
:109AB000DBFC002800D0002484236B43F3189B6F49
:109AC0000021181C0193F6F7E3FC002806D001984A
:109AD000211CF6F7C9FC002800D0019C84236B43AD
:109AE000F61873793461022B04D12800716F221C9F
:109AF000FFF79AFF3800FEBD192400201C24002027
:109B000070B50024051C064B1B78A34200D870BD1D
:109B10002000291C0134FFF7B9FFE4B2F3E7C04687
:109B20001924002010B50A4B00241B7883420DD95C
:109B300084224243074B9B189C78002C06D05A790C
:109B40005967022A02D11A69FFF76EFF200010BD83
:109B5000192400201C24002070B50024051C064B8D
:109B60001B78A34200D870BD2000291C0134FFF7E8
:109B7000D9FFE4B2F3E7C0461924002073B506000C
:109B8000842508220A49684605F098FA7F22754321
:109B9000084C09482B5D694613401843773AFFF794
:109BA000D9FD002803D06419636D0133636573BD6B
:109BB00078F900081C24002080C00719F8B5FFF7C9
:109BC000B9FD0024060084270D4B1B78A34200D862
:109BD000F8BD3B0063430B4DED18AB78002B0BD069
:109BE0002B000022200072331A70FFF7C7FF3200EB
:109BF00007212800FFF722FE0134E4B2E4E7C04663
:109C0000192400201C240020F8B50500FFF792FD60
:109C10000D4B06001B780027AB4212D984236B43FF
:109C20000A4CE418A778002F0BD02300002228004C
:109C300072331A70FFF7A2FF320007212000FFF7EE
:109C4000FDFD3800F8BDC046192400201C2400206A
:109C500010B50024054B1B78A34200D810BD20008E
:109C60000134FFF7D1FFE4B2F4E7C0461924002025
:109C700010B50C009AB0002905D072B60B4B1B78BA
:109C8000834203D862B600201AB010BD842242433A
:109C9000074B68469918682205F010FA62B66822E8
:109CA0006946200005F00AFA0120EDE7192400209A
:109CB0001C240020F8B51A4E05003378834226D9BB
:109CC00072B684244443174F00223C192300723398
:109CD0001A70337801358434AB4219DC8422307831
:109CE000002101385043381805F0B4F933780E4A92
:109CF000013BDBB2337011783378994206D3337865
:109D0000002B03D03378013BDBB2137062B6F8BD91
:109D1000200084222100843805F0D0F9D9E7C0461C
:109D2000192400201C2400201824002070B5051ED2
:109D300009D01022002105F08DF900248426084B5B
:109D40001B789C4200D370BD31006143054B00225B
:109D50002800C9180134FFF70DFDE4B2EFE7C04653
:109D6000192400201C240020F7B506000C00072A47
:109D70006AD9002968D0FFF7DDFC330005007F2099
:109D80007C4A8343934200D09AE03040FFF79CFD29
:109D90000700FF2858D023780193012B00D07BE0E7
:109DA00084264643744BE078F6180093A3780002AB
:109DB000184340BA80B2F7F757FB7049F6F70AFE2E
:109DC000F060607923790002184340BA80B2F7F757
:109DD0004BFB6A49F6F7FEFDB060E179A379090211
:109DE000194349BA8AB2019B3264D00603D40A23CC
:109DF0001340581E83412020024200D003435006E6
:109E000001D508200343100601D501200343900427
:109E100001D540200343520401D504221343842278
:109E20007A4300988218012004008C43916D53649A
:109E300009181471D070D5649165002B05D02A00E3
:109E400005213000FFF7FAFCF7BD02215079884365
:109E500011007231042805D1536E0133536609781D
:109E60002A00EEE70A78611C002A03D10721002CA2
:109E700000D119002A003000FFF7E0FC84231A000B
:109E80007A4300998A18D178002900D014717B4355
:109E9000009AD318DD64D7E70223019A9A43D3D1FD
:109EA00084224243344B9B18DD646278002A03D03D
:109EB0009A6D01329A65C7E7DA6D0132DA65C3E758
:109EC0002F4A93423AD13040FFF7FEFCFF28BBD027
:109ED0002378312BB8D1677923793F021F43E37987
:109EE000A2791B0213435BBA9BB2009384234343C2
:109EF000214EE078F618A3780002184340BA80B2E9
:109F0000F7F7B2FAF4218905F6F74AFF7FBABFB234
:109F100030623800F7F7A8FAF4218905F6F740FF18
:109F200070620098F7F7A0FAF4218905F6F738FF78
:109F3000B062B36DF5640133B36585E7114A9342AE
:109F400000D081E73040FFF7BFFCFF2800D17BE75E
:109F500084234343084E6079F6182379000218439E
:109F600040BA80B2F7F780FA0449F6F733FDB061E2
:109F7000DFE7C04680C007181C24002000002041F5
:109F800080A007188080001813B504000822094932
:109F9000684605F093F87F22237807481340694606
:109FA0001843773AFFF7D6FB002802D0636D0133E0
:109FB000636513BD80F9000880C00719F7B58425D3
:109FC00045431B4EAC19220021657C3213780133C6
:109FD000DBB21370032B27D90023270013707D37C2
:109FE000387803210130F6F727FA3970012911D1A9
:109FF000082268460F4905F061F8AB5D0E4808225B
:10A0000069461843FFF7A6FB002802D0636D0133B1
:10A010006365F7BD022907D108226846074905F0A4
:10A020004DF8AB5D0648EAE72000FFF7ADFFF0E72B
:10A030001C24002088F9000880A0071990F9000866
:10A0400080800019F0B58D4B04001A788DB0002A7D
:10A0500000D1B1E072B68A4A1578EDB262B61B78CB
:10A0600084269D429B411D406E43864B9F19BA78C2
:10A07000002A00D191E03A00701DC01872320AAB7C
:10A0800012780393172304A95B180293FA23DB00C9
:10A09000009301947C4BF96CFFF7ACFB04AB1B7E87
:10A0A000002B02D03B6E01333B66764FBB19059304
:10A0B00004ABD97D84236B43FB185B798B4203D0BF
:10A0C00022000598FFF7BAFB842633006B43FB1888
:10A0D0005879072861D8F6F721F8041E8260A1C2DA
:10A0E000AB93FA226E43BE19F36E9200E31A9342C9
:10A0F00004D321002800FFF761FFF46684236B433B
:10A10000FB1872331B78002B47D0220001210598E1
:10A11000FFF794FB41E06E430796BE1931007131A1
:10A120000A78032A06D90223726C0521134373644B
:10A130002200ECE73300703318780693002809D129
:10A1400028003269716FFFF76FFC0123069AB4662D
:10A15000137022E0B36EE31A01282FD1312B1CD9E2
:10A1600008224A490AA804F0A9FF7F22079B484811
:10A17000FB5C0AA913401843773AFFF7EBFA002873
:10A1800002D0736D0133736584226A433D4B022113
:10A190009B181A00703211709C6672B6374B1A7891
:10A1A000002A08D0364C207819780130C9B2F6F769
:10A1B00059F8C9B2217062B60DB0F0BD022807D0BF
:10A1C000FA2040008342E8D3013200230A70BDE741
:10A1D000312BE2D90598FFF7D7FE0323B6E721001C
:10A1E0002800FFF7EBFE84236B43FB1872331B78C8
:10A1F000002BD2D12800FFF7C1FC2200072186E7FF
:10A20000FA226E43BE19F36E5200E31A9342C4D38E
:10A2100021002800FFF7D2FEF466BEE76E43BE19A8
:10A22000B36E1C4AE31A9342B7D9220006216EE7A7
:10A23000FA226E43BE19F36CD200E31A934209D896
:10A24000321DB36DD26F9B1A042B03D9723631784D
:10A2500022005CE721002800FFF7B0FE9DE7210007
:10A260002800FFF7ABFE84236B43FF187B6C002BA9
:10A2700000D092E772373978EAE7C0461924002007
:10A28000182400201C2400201027000098F9000842
:10A2900080C00719B70B0000842210B5D20000213E
:10A2A000044804F0D7FE0022034B1A70034B1A70C7
:10A2B00010BDC0461C2400201924002018240020B2
:10A2C00010B5FFF7E9FF10BD00487047CCFE00084D
:10A2D0004278037812021A438378C0781B04134330
:10A2E0000006184300BA7047437930B58B422FD02F
:10A2F000040000237C34417142672370012910D18E
:10A3000063780133637003394B4259410023017173
:10A31000C16C994203D0521A154991425B41C370F6
:10A3200016E0002903D104007D342370EBE70429F3
:10A330000FD00529F7D007290AD801231C00A8252A
:10A340008C402C42DFD15022144205D102290DD07D
:10A3500030BD02007D32137000230371C3700629E3
:10A36000F6D10300826D88331A60F1E70371D6E7F6
:10A3700010270000F0B5010000238C26094D0A4C7F
:10A380002A789A4201D80020F0BD32005A43A01822
:10A390008778002F02D0125D8A42F5D00133DBB2FC
:10A3A000EEE7C0463D2800204028002070B50C4B49
:10A3B00000261B780D1C83420ED98C234343094C85
:10A3C000E418A678002E07D00021281CF6F756F8CE
:10A3D000002803D10434E567300070BD0026FBE798
:10A3E0003D28002040280020014B1878C0B270475B
:10A3F0003D280020F0B51A4F85B03B7801900391BD
:10A40000072B03D90120404205B0F0BD0198FFF7AA
:10A41000B1FF051EF6D18C223E78124B5643F4183C
:10A4200001002000029304F015FE029B019A387887
:10A43000F254039BFE2263700123A3700023920554
:10A440002261E2662200A3666571A5670434E367B2
:10A45000431C7032DBB2157095613B7040B2D3E79C
:10A460003D280020402800208C2210B5D200002179
:10A47000044804F0EFFD0022034B1A70034B1A70DE
:10A4800010BDC046402800203D2800203C28002068
:10A4900070B50400FFF74EF90B4B02001B78002546
:10A4A000A3420FD98C216143084B58188578002DA1
:10A4B00008D003000121703319704379002B01D1BA
:10A4C000FFF712FF280070BD3D2800204028002023
:10A4D00010B50024054B1B78A34200D810BD200006
:10A4E0000134FFF7D5FFE4B2F4E7C0463D28002071
:10A4F00037B504006846017000214170072152BA47
:10A5000042801A7802715A7842719A78DB788271A7
:10A51000C371627823780A400848DB021343694616
:10A5200008221843FFF716F9051E05D0636D0133A5
:10A530006365FFF7FFF8206528003EBD8007080629
:10A5400007B512BA019201AB0A000321FFF7D0FF51
:10A550000EBD000010B50B4B04001B7800200A1C38
:10A56000A3420ED98C216143074B5B1898780028D1
:10A5700007D059799A66022903D118001F31FFF7D5
:10A58000DFFF10BD3D2800204028002070B50024CA
:10A59000051C064B1B78A34200D870BD2000291C67
:10A5A0000134FFF7D7FFE4B2F3E7C0463D280020AF
:10A5B00010B50C009AB0002905D072B60B4B1B7871
:10A5C000834203D862B600201AB010BD8C224243E9
:10A5D000074B68469918682204F070FD62B668223D
:10A5E0006946200004F06AFD0120EDE73D280020C7
:10A5F0004028002070B5051E09D01022002104F06B
:10A6000029FD00248C26084B1B789C4200D370BD8A
:10A6100031006143054B00222800C9180134FFF7BF
:10A62000A9F8E4B2EFE7C0463D280020402800200A
:10A6300007B5002201AB090C1A7059705A8003212A
:10A640003032FFF755FF07BDF7B5FFF773F88027E6
:10A6500000258C2601907F020D4B1B78AB4200D861
:10A66000F7BD33006B430B4CE418A378002B0CD0E0
:10A67000230000223900200070331A70FFF7D8FF42
:10A6800007212000019AFFF72FFE0135EDB2E3E725
:10A690003D28002040280020F8B50500FFF74AF8C3
:10A6A000104B07001B780026AB4218D98C236B4354
:10A6B0000D4CE418A678002E11D023000022703330
:10A6C0001A706379013B012B09D8802120004902CF
:10A6D000FFF7AEFF3A0007212000FFF705FE30002C
:10A6E000F8BDC0463D2800204028002010B50024B9
:10A6F000054B1B78A34200D810BD20000134FFF7A2
:10A70000CBFFE4B2F4E7C0463D280020F8B51F4C6B
:10A710000500237883422FD972B68C2068431C4EE3
:10A7200030184379013B012B05D862B680214902DC
:10A73000FFF77EFF72B68C236F1C5D43751923787B
:10A740008C35BB4219DC8C2223780021013B53431A
:10A75000F01804F07FFC23780E4A013BDBB2237033
:10A7600011782378994206D32378002B03D02378DD
:10A77000013BDBB2137062B6F8BD28008C222900C1
:10A780008C3804F09BFC0137D9E7C0463D280020F7
:10A79000402800203C280020002307B50A00019330
:10A7A000102101ABFFF7A4FE07BD0000031D70B52B
:10A7B000DC6F0500C66E0021201CF5F75FFE002847
:10A7C00000D0EC6B0021201CF5F758FE002800D0CB
:10A7D0000E4C211C301CF6F7FDF80021041CF5F787
:10A7E00043FE00280CD1FE21201C8905F5F750FE00
:10A7F000002807D128002221221CFFF7A1FE70BDEE
:10A800000024F7E7FE24A405F4E7C0460000A041B9
:10A81000F8B5114B07001B7800250E1C834218D990
:10A820008C2343430D4CE3189D78002D11D000215B
:10A83000301CF5F719FE002800D000268C237B433E
:10A84000E0184379C6660661022B02D1FFF7AEFF1E
:10A8500005002800F8BDC0463D2800204028002003
:10A8600070B50024051C064B1B78A34200D870BDB0
:10A870002000291C0134FFF7CBFFE4B2F3E7C04608
:10A880003D280020F0B5A14B07001A7889B0002AB6
:10A8900000D1BFE072B69E4A1278D2B2049262B67C
:10A8A000049A1B789A429B411A40049272B68C25F6
:10A8B000984B0593049B5D43059B5E19B37862B684
:10A8C000002B00D197E0B378002B00D193E0330048
:10A8D00070331A78059B681DC018172302A95B18EE
:10A8E00003931624FA236418DB0000930294019763
:10A8F000894BF16CFEF77EFF02ABDB7D002B02D0B3
:10A90000336E013333668C23049A824E5343F3181B
:10A9100021785B7975198B4203D03A002800FFF744
:10A92000E3FC8C24049B6343F3185A6F5879BA1ADA
:10A93000072860D8F5F7F2FB042E835FB7DABDA3D2
:10A94000FA22049B92005C433419A36FFB1A9342D2
:10A9500012D322007E3205921278704B5200D15AE7
:10A960002800FFF719FF059B0F2118780130F5F734
:10A9700063FD059BA76719708C23049A5343F31852
:10A9800070331B78002B36D03A0001212800FFF7E6
:10A99000ABFC30E0049B5C43341923007D331B780F
:10A9A000032B06D90223626C0521134363643A002A
:10A9B000ECE726007C363378002B09D121212800D2
:10A9C000A26EFFF7BDFD337867670133337012E085
:10A9D000012B05D1312A0ED92800FFF7E7FEF2E757
:10A9E000022B19D1312A06D900212800FFF720FEB9
:10A9F00003232765337072B6444B1A78002A08D0B7
:10AA0000434C207819780130C9B2F5F715FDC9B269
:10AA1000217062B609B0F0BD226DBA1A632AEAD974
:10AA2000033B042B03D9236E01332366BAE740218D
:10AA30002800FFF7B1FE337801333370DBE78C2455
:10AA4000049A364B5443059A2800141926007E3682
:10AA5000327870345200D15AFFF79EFE30780F21C1
:10AA60000130F5F7E9FC31702378002BC3D1802148
:10AA700028004902FFF7DCFD3A00072186E7FA23A8
:10AA80005B009A42B7D38C24049B5C4334192600A4
:10AA90007C363378042B00D984E7802128004902D2
:10AAA000FFF7C6FD8FE71E4B9A42A4D93A00062154
:10AAB0006CE7FA22049BD2005C433419E36CFB1A66
:10AAC00093420ED822008832A36D12689B1A042B81
:10AAD00007D90222636C93436364703421783A008F
:10AAE00054E740212800FFF757FE84E74021280063
:10AAF000FFF752FE8C23049A5343F618736C002B15
:10AB000000D078E770363178E9E7C0463D2800206C
:10AB10003C280020402800201027000074FF000877
:10AB2000B80B0000F8B506000C00072A25D900294B
:10AB300023D0C300DB0D602B1FD103031DD5C30A37
:10AB4000DBB2F02B19D1C008C0B2FFF713FC051E11
:10AB500013D0072243781640B3420ED1FEF7EAFD28
:10AB6000E378A2781B02134322780600413A617809
:10AB7000012A03D9EB6D0133EB65F8BDF029F9D15A
:10AB80005BBA98B21BB2302B36DC002BF5DD0138F6
:10AB90002F28F2D8F5F7CCFA41007100760090002A
:10ABA000F1FFF1FFF1FF0301F1FF080195001C0126
:10ABB00021012601F1FF0D0112011701F1FFF1FF43
:10ABC000F1FFF1FFF1FFF1FFF1FFF1FFF1FFF1FF05
:10ABD000F1FFF1FFF1FF2B012B012B012B01F1FF05
:10ABE000F1FFF1FFF1FFF1FFF1FFF1FFF1FFF1FFE5
:10ABF000F1FFF1FFF1FF2B01403883B2082BBCD8E5
:10AC00000828BAD8F5F794FA6200B9FFB9FFB9FF7E
:10AC10000D00B9FF0D00B9FFBA00201DFFF758FB6A
:10AC2000A8600123EB70AB6DEE640133AB656B790B
:10AC3000012B0FD12B007C331B78022B0AD900216A
:10AC4000A868F5F725FC002804D03200022128006E
:10AC5000FFF74AFB6B6C002B00D18EE76B79022B60
:10AC600000D08AE7280032000521FFF73DFB802154
:10AC700028004902FFF7DCFC7FE7201DFFF728FBD7
:10AC8000E860CEE7201DFFF723FB2B1DDC6F071CC0
:10AC90000021201CF5F7F2FB002800D0EC6B00210E
:10ACA000201CF5F7EBFB002800D0564C211C381C6B
:10ACB000F6F776F82861B4E7201DFFF709FB686115
:10ACC000AFE7201DFFF704FBA861AAE762792379AB
:10ACD00012021A43A379E1791B04134309061943AD
:10ACE0000ABA01232A64080E890100D4034001072F
:10ACF00001D502210B43C10601D501210B43810679
:10AD000001D501210B438021084201D078390B4342
:10AD1000D10501D501210B43910501D508210B4334
:10AD2000510401D520210B43D10301D502210B434E
:10AD3000910301D540210B43510201D501210B4361
:10AD4000110201D501210B43D10101D504210B438F
:10AD5000910101D501210B43110101D501210B43C3
:10AD6000D10001D510210B43510001D504210B4323
:10AD7000002A01DA082213436B6452E763792279CF
:10AD80001B021343A27912041A43E3791B061343EF
:10AD90001D4A1BBA934200D943E76B6341E7201D6C
:10ADA000FFF796FAE8623CE7201DFFF791FA286367
:10ADB00037E7201DFFF78CFAE86132E7201DFFF727
:10ADC00087FAA8632DE7201DFFF782FAE86328E7DA
:10ADD000201DFFF77DFA286223E7201DFFF778FA90
:10ADE00068621EE7201DFFF773FAA86219E76B7906
:10ADF000072B00D015E7320000212800FFF774FA76
:10AE00000FE7C0460000A041A0860100004870473F
:10AE100024FF0008030010B520209A0702D41F3831
:10AE20001840400108225C0700D51043134200D0AF
:10AE30001043DA0601D5402210439A0601D50422B8
:10AE400010435A0601D5012210431A0601D50122EA
:10AE50001043DA0501D5012210439A0501D50222DB
:10AE600010435A0501D5012210431A0501D50122CC
:10AE700010439A0401D5082210435A0401D5042234
:10AE800010431BB2002B01DA10231843CB0702D565
:10AE900080239B0218438B0702D580231B03184392
:10AEA0004B0702D58023DB0218430B0701D5012392
:10AEB0001843CB0601D5012318438B0602D5802306
:10AEC000DB0218434B0601D50123184349B2002980
:10AED00002DA80235B02184310BD00004379F0B50D
:10AEE0008B4217D0030004008C33050041711A60B7
:10AEF00000236834943523702B6007290AD8AF27C4
:10AF00000124BC468C4066462740344203D150336E
:10AF10001C4210D1F0BD1C0001250239C9B28D427E
:10AF20005C41C16C0471002903D0521A0549914259
:10AF30005B41C370EEE7C77007710629EAD1836DE4
:10AF40002B60E7E710270000054B02001B7800206C
:10AF5000934204D998214A43024B9B189878704732
:10AF6000A52C0020A82C0020084B02001B780020F4
:10AF7000934209D998214A43054B9B189878002899
:10AF800002D0012270331A707047C046A52C0020F1
:10AF9000A82C002010B50024054B1B78A34200D834
:10AFA00010BD20000134FFF7DFFFE4B2F4E7C04634
:10AFB000A52C0020014B1878C0B27047A52C0020AA
:10AFC000982210B5D2000021054804F043F8002370
:10AFD000044A1370044A1370044A136010BDC0463B
:10AFE000A82C0020A52C0020A42C0020A02C0020A0
:10AFF00073B5AA2304000D1E00D1553B6A460026F6
:10B000001370231D56701749D86FF5F7E3FCF5F759
:10B0100073FA6B465880230008331349D86FF5F74D
:10B02000D9FCF5F769FA6B469880DE8023780F48E3
:10B030001B02082269461843FEF78CFBB0420ED073
:10B04000636D01336365FEF775FB230060677C3336
:10B05000B54205D001221A70FEF76CFBA06773BDE4
:10B060001D70FCE7CDCCCC3D0AD7233CA0000608E0
:10B07000F8B5FEF75FFB00250600104B1B78AB42CE
:10B0800000D8F8BD98236B430D4CE418A378002B2F
:10B0900010D0002723003900703320001F70FFF705
:10B0A000A7FF230032006933072120001F70E666E6
:10B0B000FFF714FF0135EDB2DFE7C046A52C0020F5
:10B0C000A82C002070B5134B00251B7883421FD994
:10B0D00098234343104CE418A578002D18D0230082
:10B0E000002670331E706379013B012B10D83100AC
:10B0F0002000FFF77DFF230069331E70FEF71AFB67
:10B10000E066FEF717FB072102002000FFF7E6FECE
:10B11000280070BDA52C0020A82C002010B500240C
:10B12000054B1B78A34200D810BD20000134FFF767
:10B13000C9FFE4B2F4E7C046A52C0020F0B5040036
:10B1400085B0002842D006784378013E0193F3B2DF
:10B15000EF2B3BD818213000F5F784F8002702AB1D
:10B160000D001F8018219F703000F4F7F5FF0722B3
:10B17000019B02A91B01184302ABD870EBB215402A
:10B18000063AAA40DB08CA54231D1149D86FF5F7C7
:10B1900021FCF5F7B1F902AB9880230008330D4983
:10B1A000D86FF5F717FCF5F7A7F902ABD88008229E
:10B1B00019000948FEF7CEFAB84207D0636D013393
:10B1C0006365FEF7B7FA60677134277005B0F0BDAC
:10B1D000CDCCCC3D0AD7233CA0FF0410F8B51B4BC7
:10B1E00006001B7800270D1C834229D9982343436E
:10B1F000174CE3189F78002F22D00021281CF5F768
:10B2000033F900281ED11349281CF5F741F900280D
:10B210001AD198237343E41826000836F06F291CCE
:10B22000F5F71CF900280BD1230001227133F567D3
:10B230001A7063792561022B02D12000FFF77EFF8F
:10B240003800F8BD0025E4E7024DE2E7A52C002018
:10B25000A82C00200000FA4370B50024051C064B02
:10B260001B78A34200D870BD2000291C0134FFF7D1
:10B27000B5FFE4B2F3E7C046A52C0020F8B51A4BA1
:10B2800006001B7800270D1C834227D998234343CF
:10B29000164CE3189F78002F20D01549281CF5F78D
:10B2A000F7F800281CD10021281CF5F7DDF800284C
:10B2B00018D198237343E418261DF06F291CF5F765
:10B2C000CDF800280AD1230001227133F5671A70E6
:10B2D0006379022B02D12000FFF730FF3800F8BD60
:10B2E000034DE6E70025E4E7A52C0020A82C00206C
:10B2F00000803B4470B50024051C064B1B78A3421C
:10B3000000D870BD2000291C0134FFF7B7FFE4B25C
:10B31000F3E7C046A52C002010B50C009AB0002918
:10B3200005D072B60B4B1B78834203D862B600205F
:10B330001AB010BD98224243074B684699186822FC
:10B3400003F0BCFE62B668226946200003F0B6FE38
:10B350000120EDE7A52C0020A82C0020F8B5184C02
:10B360002378834222D972B698254543154E471C4F
:10B37000AD1923789835BB4219DC98222378002137
:10B38000013B5343F01803F065FE23780E4A013B5E
:10B39000DBB2237011782378994206D32378002BEF
:10B3A00003D02378013BDBB2137062B6F8BD2800EE
:10B3B00098222900983803F081FE0137D9E7C0466A
:10B3C000A52C0020A82C0020A42C0020F7B5254D8A
:10B3D00007002B780191072B40D8431EDBB2EF2BDF
:10B3E0003CD80023982620492A789A422AD82B78DC
:10B3F00098225E431C4B0021F4182000009303F0B8
:10B4000029FE0022009B19482261A260F754221DE8
:10B41000019B2100D067FE22637001230831920551
:10B42000A370CA67002322008021287863717032DC
:10B4300049009034118013732360431CDBB22B70DE
:10B4400040B2FEBD32005A4388188078002802D0EE
:10B45000525CBA4202D00133DBB2C5E70120404260
:10B46000EFE7C046A52C0020A82C00200000484291
:10B47000F8B5061E09D01022002103F0EBFD0025CF
:10B4800098270A4B1B789D4200D3F8BD3B006B43C5
:10B49000074C0135E418E168A068F5F781FC21004C
:10B4A000021C3000FEF766F9EDB2EAE7A52C002099
:10B4B000A82C0020F7B50D00072A00D8FEE00029CF
:10B4C00000D1FBE0C3005B0F023B052B00D9F5E088
:10B4D000C7B27B1EDBB2EF2B00D9EFE0040CE3B266
:10B4E000EF2B06D8000AC0B2A02802D0FF2800D057
:10B4F000E4E0FEF71FF9E4B201900B2C00D14FE11C
:10B500002DD80023012C00D1D9E0022C00D0D5E0A9
:10B51000A84A96349446A84A614609788B4200D3DB
:10B52000CCE02000584311188E78002E00D1F5E0B1
:10B53000805CB84200D0F1E02878012800D0F0E02B
:10B54000080000247C300470886D013088659821E3
:10B550004B43D2180123D370019BD364AEE0002289
:10B56000912C00D0AAE093489349073403789A427B
:10B5700000D3A3E023005343CE18B678002E00D1A9
:10B5800014E15B5CBB4200D010E1EB78A8781B02B1
:10B59000034301209C08044084401DB2DE0600D510
:10B5A0000443580601D504200443180601D504209D
:10B5B0000443980501D504200443580501D5012012
:10B5C0000443180501D501200443D80401D5042003
:10B5D0000443980401D501200443002D02DA8020A1
:10B5E000C0020443982042438D18286C1B042A0093
:10B5F00080B218432B0088322864483314601978CD
:10B6000080B2FFF707FC019B2043EB64AB6D6864DD
:10B610000133AB6552E00A005A43A618B0780028FF
:10B6200046D0125DBA4243D100222F78974204D00F
:10B630003A00113A511E8A41D2B298214B43E41884
:10B640002271A8786B7800021843F5F70DFF5B496B
:10B65000F5F7A6FBA0602879EB7800021843F5F710
:10B6600003FF5749F5F79CFBE060A8796B7900026E
:10B670001843236C1B0C1B04034323642300E97948
:10B6800048331970FFF7C6FB230088331B68034358
:10B6900063640123E370019BE364A36D0133A3653D
:10B6A000112F11D10521019A3000FFF717FC05E099
:10B6B0000133DBB2624612789342ACD3F7BD3D4A08
:10B6C000982194463C4CF5E7002F0CD16379072B69
:10B6D00002D13900019AE7E7022BFAD070342378BF
:10B6E000002BEBD1F5E7012FE8D1230070331D7853
:10B6F000002D10D1022263799343052BDED029005F
:10B700003000FFF775FC230069331D70019B072192
:10B710001A00E366C8E70221019AC5E70133DBB2EC
:10B72000FAE6C86D0130C86511E70133DBB2614646
:10B7300009788B42C2D2010059435418A678002ED2
:10B74000F3D0895CB942F0D168782B7800021843B5
:10B75000F5F78AFE1949F5F723FB2062E878AB7804
:10B7600000021843F5F780FE1449F5F719FB6062F3
:10B7700068792B7900021843F5F776FE0F49F5F743
:10B780000FFBA062E879AB7900021843F5F76CFE75
:10B79000019BA061E364A36D60610133A3658DE744
:10B7A000044A002394469820034AC0E70132D2B2EB
:10B7B000DCE6C046A52C0020A82C0020CDCCCC3D3A
:10B7C0000AD7233CF0B5B84C050023788BB0002B8A
:10B7D0000FD0FA22B54E92003368C31A934208D3B1
:10B7E00000230822B24808A908930993FDF7B2FF85
:10B7F00035602378002B00D1C1E072B6AD4B1B78C9
:10B80000DBB2059362B6059A23789A429B411A40AF
:10B81000059272B69826059AA74B56439F19BA7897
:10B8200062B6002A00D19BE0BA78002A00D197E0E6
:10B830003A001724701DC018703208AB12780393B9
:10B8400002ABE418FA23DB000093029401959B4BB2
:10B85000F96CFDF7CFFF02AB1B7E002B02D03B6ED5
:10B8600001333B669823059A934F5343FB18217885
:10B870005B79BE198B4203D02A003000FFF72EFB04
:10B880009824059B6343FB185879072868D8F4F778
:10B8900059FC0800360084006700C100F200CD00AA
:10B8A000A500FA22059B92005C433C199034236862
:10B8B000EB1A934203D33000FFF740FC2560982435
:10B8C000059B6343FB1871331B78002B02D03000BB
:10B8D000FFF734FC059B5C433C19230070331B7855
:10B8E000002B3DD02300002268331A707134237876
:10B8F000934200D1D0E03000FFF720FCCCE0059B64
:10B900005C433C1971342378002B02D03000FFF7E0
:10B9100015FC9823059A5343FA1811007C310B78D3
:10B92000002B1DD0FA20936F8000EB1A834217D9A9
:10B93000130068331B78022B23D871321378002B45
:10B9400002D03000FFF7FAFB01213000FFF750FB77
:10B950009823059A5343FB1868331A7801321A70FA
:10B9600072B6514B1A78002A08D0524C20781978B8
:10B970000130C9B2F4F760FDC9B2217062B60BB0F4
:10B98000F0BD00230B70110070310B70516C02334D
:10B990000B4353642A0005211CE0059B5C433C19C2
:10B9A00071342378002B02D03000FFF7C7FB9824B6
:10B9B000059B5C433C19230070331F78002FCFD1C7
:10B9C00039003000FFF714FB23002A0007216933F8
:10B9D0001F70E5663000FFF781FAC1E7FA22059B88
:10B9E00092005C433C19E36EEB1A9342B8D92700EE
:10B9F00069373B78022B08D800213000FFF7F8FAAE
:10BA00003B78E56601333B70AAE70223626C13437F
:10BA10006364BFE7059B2A4A5C433C198C34236866
:10BA2000EB1A93429CD92A000621D3E7FA22059B00
:10BA3000D2005C433C19E36CEB1A93420AD8220013
:10BA40009432A36D12689B1A042B03D970342178A9
:10BA50002A00BFE79823059A5343FA22FC18903432
:10BA600023685200EB1A934200D279E73000FFF7C7
:10BA700065FB256074E7059B5C433F197B6C002BDD
:10BA800000D06DE73B00703319780029E0D07137A2
:10BA90003B78002B00D02EE701213000FFF7A8FAF9
:10BAA0002A00012196E7C046A52C0020A02C0020EA
:10BAB000A0FF0518A42C0020A82C002010270000AF
:10BAC000B80B00000048704798FF0008F0B59DB023
:10BAD000FDF7E4FD002407002500BC4215D1002D30
:10BAE00010D1002C0ED002AE31002800FDF7E2FD8F
:10BAF000002820D07179F378B278114800912100A4
:10BB000003F0C8F828001DB0F0BD02AE31002000DF
:10BB1000FDF7D0FD00280BD0B378002B08D0F378C8
:10BB2000002B05D07379043B012B01D90135EDB20F
:10BB30000134E4B2D1E72100024803F0ABF8E1E7B9
:10BB4000E8FF00081700010830B5B5B0FDF7E0FCCC
:10BB50000024A04203D1154803F09CF80134FFF7FC
:10BB6000B5FF051E13D1124803F094F802231C43BD
:10BB7000684601F0F5F86B461988032904D00D4892
:10BB800003F088F840231C43200035B030BD6846E0
:10BB900001F0E6F8BD236B441978A942E8D02A00E9
:10BBA000054803F077F80423E1E7C04644000108A4
:10BBB00073000108E40001089F000108F0B53A4C49
:10BBC0003A4B85B00021E0691E78F4F761FC00284B
:10BBD00054D023002C331B78002B4FD1A569002EA5
:10BBE00038D1281CFDF7EEFC206AFDF7F7FCFDF7C5
:10BBF00001FD2F49A069F5F7D3F8F5F7C9FB2C49EA
:10BC00000600206AF5F7CCF8F5F7C2FB0A2105001B
:10BC1000F4F72CFB0A2102903000F4F70DFC300001
:10BC200003910A21F4F722FB0A2107002800F4F708
:10BC300003FC204E009130003900029B039A03F070
:10BC400029F80123A2696262226AA2624E3423703B
:10BC500005B0F0BD606A291CF4F700FC002802D191
:10BC6000281CFDF7AFFC256AA16A281CF4F7F6FB37
:10BC70000028E6D1281CFDF7B1FCE2E7002E10D029
:10BC8000FDF7C4FC23002C331978002903D02300CE
:10BC9000022234331A7023002D331A78064802F03A
:10BCA000F9FF0023CEE7C04668310020B6310020FE
:10BCB00000002041180101083A01010810B5FDF704
:10BCC000A5FC0022054B9A61DA611A625A629A62F7
:10BCD00000225A654E331A7010BDC04668310020EC
:10BCE000F0B50400002685B06D4D01913000FCF7E1
:10BCF000D9FD0290029B6B495F007F08381CF5F765
:10BD000031FB00280CD16749381CF4F7C1FB00282F
:10BD100006D10298291CF4F7BBFB002800D0029D35
:10BD20000136F6B2042EE1D15F49281CF4F79CFBE2
:10BD3000002800D05D4D2300AC331A78002A00D1D2
:10BD400094E02200B032127803331B7812021A43B7
:10BD50002300B1331B78291C1B0413432200B23289
:10BD60001278534E12061A43524B039202930398D1
:10BD70001F78F4F783FB00283ED0002F21D1706C90
:10BD8000002803D1019B736405B0F0BD2300FA21A4
:10BD9000AD331D7801331B7889001B021D43019BC5
:10BDA000181AF4F7D9F98542EED80123029A4248CD
:10BDB0001370776402F06EFF3E4B1B78002B02D1AC
:10BDC000E2E70023736422002300B8321278B7330D
:10BDD0001B7812021A432300B9331B78BA34247833
:10BDE0001B04134324061C430021201CF4F73CFBD6
:10BDF000002840D0002445E022002300B43212780D
:10BE0000B3331B7812021A432300B5331B7803980F
:10BE10001B0413432200B632117809061943F5F7C3
:10BE2000FDF8291CF4F73EFB00281DD0002F19D087
:10BE3000706C002801D1019BC4E72300FA21AD33C7
:10BE40001D7801331B7889001B021D43019B181AC2
:10BE5000F4F782F98542B6D80023029A1748137086
:10BE60007364A7E777648FE77064A5E7104B114907
:10BE70005A640A7088E71249201CF4F709FB00286D
:10BE800000D00F4C0E49201CF4F7A4FD084D011CF6
:10BE9000E869F4F785FF0123E8612D352B7073E71E
:10BEA000339388C3FFFF7F7F000048C20000C84172
:10BEB00068310020B73100205C0101087C010108D5
:10BEC0000000C84270B5074D04002978814207D0B0
:10BED0002200054802F0DEFE2C70F7F765FEA86030
:10BEE00070BDC046683100209F010108194B10B594
:10BEF0005A6802435A60020504D51A0009213432F7
:10BF0000117019E00822104203D01A0003213432C4
:10BF1000F6E7810603D51A0004213432F0E7C02188
:10BF20008900084203D01A0005213432E8E74107AE
:10BF300009D5190034310A701B78022B02D1042074
:10BF4000FFF7C0FF10BD8007F6D01A000A21343277
:10BF5000D6E7C0466831002010B5074C58220021B2
:10BF6000200003F077F802230448FF334C34238089
:10BF700002F090FE10BDC04668310020B2010108F9
:10BF8000F0B5CB4CA5440790FFF7A0FDC94BCA4CB8
:10BF9000187023780200022B00D0D2E023003C333B
:10BFA0001978884200D1CCE0A36C002B00D0B2E01D
:10BFB000079BA36442A800F0D3FE0FA8FDF772F818
:10BFC00027AB1B782778002B00D1F0E07E230CAA4A
:10BFD000FF339B181B78002B00D1E8E076A8FDF713
:10BFE00049FBBF230CAA5B009B186CAA15881B8811
:10BFF0002D0410991D437898F5F710F8291CF4F7D3
:10C0000047FA002800D1D2E0206C079B002800D01E
:10C01000B7E02364A949281CF4F7C2FEF5F7B8F984
:10C020000A210500F4F708FA28000E000A21F4F7A7
:10C030001DF9A34B01003200180002F02BFE2378FB
:10C04000BB4201D000F0C3FC267B76AD002E00D1B0
:10C05000B0E0280000F084FE230067693D332762CA
:10C060001878F5F701FA011C0390381CF4F798FED4
:10C070000023E36200232363924BE0610CAAA79D97
:10C080009B181B7826692D021D43291C301CF4F7D0
:10C09000FFF9002800D02E1C8B4BA6610CAAA99D8D
:10C0A0009B181B782D021D43291C381CF4F7F0F94E
:10C0B000002805D003982562291CF4F771FEE06181
:10C0C0007E49301CF4F76CFEF5F762F97B490500F8
:10C0D000206AF4F765FEF5F75BF90A210400F4F72E
:10C0E000C5F80A2106002800F4F7A6F928000391F4
:10C0F0000A21F4F7BBF80700744D0A212000F4F779
:10C100009BF93300009128003900039A02F0C2FD28
:10C11000FFF754FD21E00798C31A6D48834200D809
:10C1200048E76C4802F0B6FD0420FFF7DFFE2078F8
:10C130000138032811D8F3F7FBFF07003DFF540433
:10C140004D040023A364F2E7FFF7FEFC002808D0AB
:10C15000FFF7CCFE0420FFF7B5FEAB239B009D4408
:10C16000F0BD76A800F0FCFD23005B4A0CA9521834
:10C1700012783C331A70FFF7A9FC3D34207002207E
:10C18000E9E7FA21181A8900F3F7E6FFC1230CAAA0
:10C190005B009B181B880100984200D24FE74F4874
:10C1A00002F078FD80204000FFF7A0FE47E7002363
:10C1B000236444E794230CAAFF339B181B782800C0
:10C1C000012B00D0F3E000F0CBFDAB8B6A8B1B049E
:10C1D0001343A361A8896B89A988000418436B885D
:10C1E00009041943F4F7DCFDE6620026E0610799D3
:10C1F00028002663FFF774FD23003D331F78351CAC
:10C20000002F07D03800F5F72FF9011CE069F4F78B
:10C21000E1FB051C2B4B25620CAAA79E9B181B78E3
:10C2200036021E43A069311CF4F732F9002800D011
:10C23000A661254B0CAAA99E9B181B7836021E43AB
:10C24000291C301CF4F710F900280BD038002662A6
:10C25000F5F70AF9311CF4F7A3FD230001222D3371
:10C26000E0611A700021A069F4F708F9051E39D0C1
:10C27000002363651149A069F4F792FDF5F788F88A
:10C280000E490500206AF4F78BFDF5F781F80A21C5
:10C290000400F3F7EBFF0A2106002800F4F7CCF8BE
:10C2A000280003910A21F3F7E1FF0D4D070024E771
:10C2B00054FDFFFFA531002068310020000020411F
:10C2C000DA0101086B020000730200002702010876
:10C2D0000F270000BD0101086502000006020108E9
:10C2E000C1020108FDF7DAF90390039BAB421CD1B0
:10C2F0000026A069002EBBD0C549F4F751FDF5F723
:10C3000047F80A210600F3F7B1FF0A2105003000C3
:10C31000F4F792F8636D0A00002B38D1079B2900CF
:10C32000BC48636502F0B6FCA4E7280028A9FDF725
:10C33000C1F9002828D072220CAB9B181B78002B67
:10C3400022D00CAB01329B181E78002E1CD00CABF7
:10C3500002329B181B78043B012B15D93B9B002B09
:10C3600012D0079AD31AFA22D20093420CD82A9FED
:10C370000021381CF4F782F8002805D1A169381C87
:10C38000F4F790F80028B4D10135EDB2ADE7079984
:10C39000CB1AFA2189008B4200D26BE70B2334348D
:10C3A00029009D48237002F075FC0320D3E628AFD6
:10C3B00000F0D6FC3800FCF775FE40AB1B78002B74
:10C3C00006D1964802F066FC0820FFF78FFDC4E610
:10C3D000BA6D802311002600DB01194050361A4245
:10C3E00011D03378002B04D18D4802F053FC012387
:10C3F00033708623BA6D9B001A4206D0894802F03A
:10C4000049FC2020E1E73170F3E7AB8B6A8B1B041A
:10C4100013430393844B0CAAA79E9B181B783602E8
:10C420001E430398311CF4F733F8002800D003961C
:10C43000039B0CAAA361E9235B009B181B7805935F
:10C44000002B00D1DEE0F88AF5F70EF87749F4F713
:10C45000C1FAE8230CAAFF33296C9B181B78090248
:10C460001943061CF4F71EF8002808D02300012207
:10C470003A331A702300062638331E703CE0E4235A
:10C480000CAAFF33E96B9B181B7809021943301C77
:10C49000F4F708F8002829D1E0230CAAFF33A96B90
:10C4A0009B181B7809021943301CF3F7FBFF002887
:10C4B0003CD1DC230CAAFF33696B9B181B78090263
:10C4C0001943301CF3F7EEFF002831D1D8230CAA12
:10C4D000FF339B18296B1B780902301C1943F3F7B3
:10C4E000E1FF0226002802D1012605E005262300EF
:10C4F00038331A78B242C0D3220035321670220087
:10C500003A321278002A77D1012E71D0383421784E
:10C51000F3B20A1C994200D2321CD3B2981E049383
:10C52000032869D8F3F7FAFD064F565D0426DEE7C7
:10C530000326DCE7EC230CAAFF339B181A786B6CFC
:10C5400000261B021343039301230593FC230CAA2B
:10C55000FF339B181B780693002B00D1D4E0FB69B6
:10C56000AC6E181C211C0693F3F79CFF06270028CD
:10C570001BD1696E0698F3F795FF013F002814D18F
:10C58000296E0698F3F78EFF013F00280DD1E96D63
:10C590000698F3F787FF013F002806D1A96D06989A
:10C5A000F3F780FF431E9841471C214B1D78002D57
:10C5B0004CD0BD425CD9A81E042857D8F3F7AEFD75
:10C5C0003A5052543B00F0230CAAFF339B181A78C0
:10C5D000AB6CB5E7F4230CAAFF339B181A78EB6C0D
:10C5E000AEE7F8230CAAFF339B181A782B6DA7E748
:10C5F000002304960393A7E7002303930623012651
:10C600000493A1E7059B1E000493002303939DE779
:10C61000000020414A02010882020108E8020108E4
:10C62000FA020108260301086B02000000007A44A8
:10C630009E3100208C9C8B99201CF4F7EFFC011C90
:10C640000698F3F72FFF002800D02F00BF4B781E6D
:10C650001F70042853D8F3F761FD24474C4E500057
:10C660008D9CE8E78E9CE6E78F9CE4E7B84CE2E718
:10C67000BD42EBD2F81E032803D8F3F74FFD0C0E92
:10C6800010038C9C8B99201CF4F71AF8011C069857
:10C69000F3F7F4FED7E78D9CF4E78E9CF2E78F9CCE
:10C6A000F0E700230697099302230B93013B0C93B9
:10C6B00095AB1B780893002B00D1CEE028AB187BFC
:10C6C000F4F7D2FE9BAA9A9B11781B0A090619431C
:10C6D000041CF3F7E7FE00281DD0012206249D4B21
:10C6E0001A709D4B1C704AE0919B0993002306939E
:10C6F000DAE7929BF9E7939BF7E7949BF5E7002332
:10C70000062709930123F2E7069B1F000B930C9366
:10C7100000230993CCE79AAA999B11781B0A090672
:10C720001943201CF3F7BEFE002823D199AA989B39
:10C7300011781B0A09061943201CF3F7B3FE0028E1
:10C7400037D198AA979B11781B0A09061943201C18
:10C75000F3F7A8FE00282ED197AA1178969B090618
:10C760001B0A201C1943F3F79DFE0224002802D166
:10C77000012404E00524784B1A78A242B2D3774A08
:10C78000774B14701A003B321278002A60D1012CCA
:10C790005BD039331878E1B2021C884200D2221CE7
:10C7A000D3B2981E0A93032852D8F3F7B7FC064277
:10C7B000464A0424DFE70324DDE79B9B9CAA1B0A6F
:10C7C000002415782D061D4303230D93023B089387
:10C7D000059A0C9B9B18089AD318DBB2002B42D108
:10C7E0001C0076AA51899289049312040A43039289
:10C7F00005935B4D5B4B00221C702B002D331A7090
:10C800002B00059A2E331A702B00049A2F331A70BE
:10C81000039B2B636B8F002B69D02B003A331A7864
:10C820000D239B1A2A00343213700023EB612B6214
:10C83000BBE59C9B9DAA1B0AC2E79D9B9EAA1B0A67
:10C84000BEE79E9B9FAA1B0ABAE700250A94BBE796
:10C850000623002501240A93B6E7089B00251C0047
:10C860000D930A93B4E7002E31D1069B002B32D1F1
:10C87000002C35D1059B002B08D03B490398F3F7DA
:10C88000FDFD002806D10494059401E0059B049366
:10C89000354B03930C9B002B0AD009990398F3F7AF
:10C8A000F7FD002804D00B9B04970593099B039385
:10C8B000089B002B19D00398291CF3F7E9FD0028E9
:10C8C00097D00A9B039504930D9B059391E7340041
:10C8D000002303938DE70B9B069C04970593F7E7D2
:10C8E0000A9B04930D9B0593F2E7089C81E7002CBB
:10C8F0003ED00023EB612B003D331E780021002E3B
:10C9000007D03000F4F7B0FD011CE869F4F762F8D5
:10C91000011C164B29620CAAA99C9B181B782402A7
:10C920001C43201CF3F7A0FD002801D1FFF7F0FB0A
:10C930002C623000F4F798FD211CF4F731FA012342
:10C94000E8612D352B70FFF7E3FBC0469E310020D8
:10C950000000C8C2A3310020A13100209F31002077
:10C960006831002094310020286B6E4E7302000065
:10C9700028AB188A76AE00281ED0F4F775FD1E4944
:10C98000F4F70EFA041C0399201CF4F709FAB18994
:10C9900073890904071C1943201CF4F701FA041CCD
:10C9A000011C381CF3F760FD00280AD1EC6130004F
:10C9B0000799FFF795F99EE7B488738824041C4310
:10C9C000E1E72B0001222D33EF611A70EFE70B48EE
:10C9D00002F060F9FFF772F9002323646364FFF744
:10C9E000BCFB0025FFF76AF9280025646564FFF7A2
:10C9F00069FA6570FFF7B1FBCDCCCC3D3D03010872
:10CA000010B50400FFF7A0F8002C00D020604342CE
:10CA10005841C0B210BD0000F0B5204CB7B023782B
:10CA200006000191022B04D11D4802F033F90120C8
:10CA30000FE0FFF789F8051E0DD02900194802F014
:10CA400029F90A230420656034342370FFF73AFA89
:10CA5000002037B0F0BD02A800F082F9BD23270006
:10CA600002AA9B181B783C373B70FFF72FF8230076
:10CA70003D331870020039780B4802F00BF9019B26
:10CA80000120237323004E33667065656563A563DB
:10CA90001D706560FFF716FAC9E7C04668310020CF
:10CAA000590301086F0301089803010870B5460097
:10CAB0007608051C0C1C301C0E49F4F753FC0028AA
:10CAC00016D10C49301CF3F7E3FC002810D16600A6
:10CAD00076080849301CF4F745FC002808D10549C0
:10CAE000301CF3F7D5FC002802D1034B1D615C61BB
:10CAF00070BDC046FFFF7F7F68310020014B187B6F
:10CB00007047C0466831002070B50C4C2378002B6C
:10CB10000FD00B4802F0BEF82300012234331A7004
:10CB20002378042B06D1002528006560FFF7CAF999
:10CB3000657070BD0320FFF7C5F9FAE76831002082
:10CB4000B203010810B5084802F0A4F8FCF76AFD2A
:10CB500080200001FFF7CAF90420FFF7B3F9002293
:10CB6000024B5A7010BDC046C7030108683100204F
:10CB7000034B1878023843425841C0B27047C04650
:10CB80006831002030B5284D04002B78B5B09A1ECE
:10CB900051424A4142701A1F51424A4182702A0052
:10CBA00003702D321278013BC2702A002C321278A9
:10CBB00002715A42534143716A681305DB0F837156
:10CBC000AB698360EB69C3602B6A03616B6A436185
:10CBD000AB6AC2618361AB6803626A78431DDA772E
:10CBE0002A003C321278831DDA772A003D3212780F
:10CBF000C31DDA77684600F0B3F8BB2223006A440D
:10CC000012780833DA772A002E32127820331A701D
:10CC10002A002F3212785A702B6B3435E3622B784E
:10CC20003034237035B030BD6831002070B5450018
:10CC30006D08041C0A49281CF4F794FB00280CD149
:10CC40000749281CF3F724FC002806D10021201CEA
:10CC5000F3F728FC431E984170BD0020FCE7C04656
:10CC6000FFFF7F7FF8B546007608041C0F1C301CC0
:10CC70000D49151CF4F776FB002812D10A49301C27
:10CC8000F3F706FC00280CD1391C201CF3F70AFC32
:10CC9000002805D0291C201CF3F7F0FB431E984107
:10CCA000F8BD0020FCE7C046FFFF7F7FF8B5A62255
:10CCB0000021294802F0CEF9284B032118001970F1
:10CCC000BE30023901701800BC3001701800CC254C
:10CCD000BD30017018000022DD711D72DD73803DD2
:10CCE0001D740E3DBF305D74B23585703D26AF3D7D
:10CCF00002704270C5701800CD27C8245E7243369A
:10CD00004131C3301E738535413E9F719F735A7008
:10CD10009A70DA701C7159719A72DA725E739A7431
:10CD2000DA741A755E75027042708570C1701800F1
:10CD3000263DC73001368570C670027042701800FB
:10CD4000B733CB309D70027042708470C1701A701E
:10CD50005A70D970F8BDC046D6310020C0310020CD
:10CD600010B5002803D0CF22014902F0A7F910BD69
:10CD7000C0310020F0B50700040095B0002801D1B3
:10CD800000F0FBFC437802781B021343013B0024B4
:10CD9000022B01D900F0F1FCC278837812021A4309
:10CDA000037940791B04134300061843FFF73EFF45
:10CDB000041E01D100F0E1FCFA79BB7912021A439A
:10CDC0003B7A7E7A1B04134336061E43301CFFF762
:10CDD0002DFF041E01D100F0D0FCFA7ABB7A1202BA
:10CDE0001A433B7B1B0413437A7B12061A430A92B5
:10CDF0000A98FFF71BFF041E01D100F0BEFCFA7B6E
:10CE0000BB7B12021A433B7C787C1B041343000655
:10CE10001843FFF70BFF041E01D100F0AEFCFA7CB3
:10CE2000BB7C12021A433B7D787D1B041343000632
:10CE30001843FFF7FBFE041E01D100F09EFCFA7DB3
:10CE4000BB7D12021A433B7E787E1B04134300060F
:10CE50001843FFF7EBFE041E01D100F08EFCFA7EB2
:10CE6000BB7E12021A433B7F787F1B0413430006EC
:10CE70001843FFF7DBFE041E01D100F07EFCFA7FB1
:10CE8000BB7F12021A437B1CDB7F1B041343BA1CBB
:10CE9000D07F00061843FFF7C9FE041E01D100F041
:10CEA0006CFC3A1DD27FFB1CDB7F12021A437B1DF8
:10CEB000DB7F1B041343BA1DD07F00061843FFF726
:10CEC000B5FE041E01D100F058FC3A000832D27FB2
:10CED000FB1DDB7F12021A433B0028331B78E84915
:10CEE0001B0413433A0029321078E64A000618431F
:10CEF000FFF7B8FE041E01D100F03FFC3A003B00F2
:10CF00002C3212782B331B7812021A433B002D333C
:10CF10001B781B0413433A002E3210780006184386
:10CF2000FFF784FE041E01D100F027FC3A003B000D
:10CF3000303212782F331B7812021A433B00313300
:10CF40001B781B0413433A003232127812061A433C
:10CF50000B920B98FFF76AFE041E01D100F00DFC46
:10CF60003A003B003432127833331B7812021A43F2
:10CF70003B0035331B781B0413433A0036321278DA
:10CF800012061A4301920198FFF750FE041E01D1C8
:10CF900000F0F3FB3A003B003832127837331B784D
:10CFA00012021A433B0039331B781B0413433A0027
:10CFB0003A32127812061A4302920298FFF736FEAE
:10CFC000041E01D100F0D9FB3A003B003C3212783C
:10CFD0003B331B7812021A433B003D331B781B0482
:10CFE00013433A003E32127812061A430392039812
:10CFF000FFF71CFE041E00D1BFE33A003B004032A5
:10D0000012783F331B7812021A433B0041331B78DE
:10D010001B0413433A004232127812061A430C9250
:10D020000C98FFF703FE041E00D1A6E33A003B0074
:10D030004432127843331B7812021A433B004533C3
:10D040001B781B0413433A0046321078000618433D
:10D05000FFF7ECFD041E00D18FE33A003B0048329D
:10D06000127847331B7812021A433B0049331B786E
:10D070001B0413433A004A32107800061843FFF7A6
:10D08000D5FD041E00D178E33A003B004C32127803
:10D090004B331B7812021A433B004D331B781B04A1
:10D0A00013433A004E32107800061843FFF7BEFDD6
:10D0B000041E00D161E33A003B00503212784F3336
:10D0C0001B7812021A433B0051331B781B04134395
:10D0D0003A005232107800061843FFF7A7FD041EED
:10D0E00000D14AE33A003B005532127854331B78A2
:10D0F00012021A433B0056331B781B0413433A00B9
:10D100005732107800061843FFF790FD041E00D137
:10D1100033E33A003B005932127858331B7812023D
:10D120001A433B005A331B7855491B0413433A00FA
:10D130005B32127812061A430D920D98514AFFF78E
:10D1400091FD041E00D118E33A003B005D321278D5
:10D150005C331B7812021A433B005E331B7848494C
:10D160001B0413433A005F32127812061A430492EA
:10D170000498444AFFF776FD041E00D1FDE23A0010
:10D180003B006132127860331B7812021A433B0075
:10D1900062331B783A491B0413433A006332127816
:10D1A00012061A4305920598364AFFF75BFD041EE6
:10D1B00000D1E2E23A003B006532127864331B781A
:10D1C00012021A433B0066331B782D491B0413439C
:10D1D0003A006732127812061A4306920698294AD4
:10D1E000FFF740FD041E00D1C7E23A003B00693260
:10D1F000127868331B7812021A433B006A331B789B
:10D200001F491B0413433A006B32127812061A436B
:10D210000E920E981B4AFFF725FD041E00D1ACE2CA
:10D220003A003B006D3212786C331B7812021A43BD
:10D230003B006E331B781B0413433A006F321078A7
:10D2400000061843FFF7F2FC041E00D195E23A00F5
:10D250003B007132127870331B7812021A433B0084
:10D2600072331B781B0413433A00733210780006A4
:10D270001843FFF7DBFC041E00D17EE204E0C04649
:10D28000000048C2000048433A003B007532127863
:10D2900074331B7812021A433B0076331B781B044D
:10D2A00013433A007732107800061843FFF7BEFCAC
:10D2B000041E00D161E23A003B00793212787833E3
:10D2C0001B7812021A433B007A331B781B0413436A
:10D2D0003A007B32107800061843FFF7A7FC041EC3
:10D2E00000D14AE23A003B007E3212787D331B784F
:10D2F00012021A433B007F331B7800211B041343A7
:10D300003A0080321078E94A00061843FFF7AAFC79
:10D31000041E00D131E23A003B00823212788133A0
:10D320001B7812021A433B0083331B7800211B0435
:10D3300013433A008432127812061A430F920F9860
:10D34000DA4AFFF78FFC041E00D116E23A003B00D8
:10D350008632127885331B7812021A433B008733DA
:10D360001B7800211B0413433A00883212781206FE
:10D370001A4307920798CD4AFFF774FC041E00D1A8
:10D38000FBE13A003B008A32127889331B781202A3
:10D390001A433B008B331B7800211B0413433A00D4
:10D3A0008C32127812061A4308920898BF4AFFF787
:10D3B00059FC041E00D1E0E13A003B008E321278A5
:10D3C0008D331B7812021A433B008F331B780021E8
:10D3D0001B0413433A009032127812061A43099242
:10D3E0000998B24AFFF73EFC041E00D1C5E13A009D
:10D3F0003B009232127891331B7812021A433B00A1
:10D4000093331B7800211B0413433A0094321278A3
:10D4100012061A4310921098A44AFFF723FC041E28
:10D4200000D1AAE13A003B009632127895331B787E
:10D4300012021A433B0097331B781B0413433A0034
:10D440009832107800061843FFF7F0FB041E00D155
:10D4500093E13A003B009A32127899331B7812021A
:10D460001A433B009B331B781B0413433A009C3246
:10D47000107800061843FFF7D9FB041E00D17CE1A9
:10D480003A003B009E3212789D331B7812021A43F9
:10D490003B009F331B781B0413433A00A0321078E3
:10D4A00000061843FFF7C2FB041E00D165E13A00F5
:10D4B0003B00A2321278A1331B7812021A433B00C0
:10D4C000A3331B781B0413433A00A43210780006E0
:10D4D0001843FFF7ABFB041E00D14EE13A003B00BE
:10D4E000A7321278A6331B7812021A433B00A833E6
:10D4F0001B781B0413433A00A93210780006184326
:10D50000FFF794FB041E00D137E13A003B00B03234
:10D510001278AF331B7812021A433B00B1331B78E9
:10D5200063491B0413433A00B2321078614A000683
:10D530001843FFF797FB041E00D11EE13A003B00A1
:10D54000B4321278B3331B7812021A433B00B5335E
:10D550001B781B0413433A00B632107800061843B8
:10D56000FFF764FB041E00D107E13A003B00B8322C
:10D570001278B7331B7812021A433B00B9331B7879
:10D5800000211B0413433A00BA321078474A0006C0
:10D590001843FFF767FB041E00D1EEE03A003B00A2
:10D5A000C0321278BF331B7812021A433B00C133DA
:10D5B0001B781B0413433A00C232127812061A4336
:10D5C00011921198FFF732FB041E00D1D5E03A000A
:10D5D0003B00C4321278C3331B7812021A433B005B
:10D5E000C5331B781B0413433A00C63215782D0649
:10D5F0001D43281CFFF71AFB041E00D1BDE03A00B2
:10D600003B00C8321278C7331B7812021A433B0022
:10D61000C9331B781B0413433A00CA32127812062E
:10D620001A4312921298FFF701FB041E00D1A4E0E6
:10D630003A003B00CC321278CB331B7812021A43EB
:10D640003B00CD331B781B0413433A00CE321278D3
:10D6500012061A4313921398FFF7E8FA041E00D13A
:10D660008BE00A99301CF2F713FF002800D08EE0FF
:10D67000291C1198F2F70CFF051E00D087E01399C2
:10D680001298F2F705FF002800D082E007990F9862
:10D69000F2F7FEFE051E00D079E008990798F2F730
:10D6A000F7FE002800D074E006E0C0460000C84243
:10D6B000000048C20000484309990898F2F7E8FEC4
:10D6C000051E64D110990998F2F7E2FE002860D196
:10D6D00001990B98F2F7DCFE051E58D102990198CA
:10D6E000F2F7D6FE002854D103990298F2F7D0FE43
:10D6F00000284CD10C990398F2F7CAFE002846D1B5
:10D7000004990D98F2F7C4FE002840D105990498B9
:10D71000F2F7BEFE00283AD106990598F2F7B8FE56
:10D72000002834D10E990698F2F7B2FE051E2ED1CC
:10D730003E00BD363378013B072B28D83B00BB3376
:10D740001B78012B23D83B00BE3301931B78042B9D
:10D750001FD8CF223900104801F0B0FC019B1B7884
:10D76000013BDBB2032B08D80C4AD05CFBF7A8FEC8
:10D77000FBF7D4FE3378AB4202D8200015B0F0BDE1
:10D780000135EDB200212800FBF7D4FEF2E70024BA
:10D79000F3E72C00F1E7C046C0310020DC030108AC
:10D7A00001000123F0B5082601240A4DCF315B4268
:10D7B0000278534032001F005B08274000D06B40C6
:10D7C000013AD2B2002AF6D101308842F0D1D843D2
:10D7D000F0BDC0462083B8ED437802781B021343A6
:10D7E000827810B512041A43C37804001B06134351
:10D7F000114A002093421DD1637922791B02134301
:10D80000012B17D1E379A2791B021343CF2B11D13E
:10D8100020000C30FFF7C4FF637A227A1B02134307
:10D82000A27A12041A43E37A1B0613431B1A5A42C4
:10D830005341D8B210BDC04647464343F0B5012519
:10D84000FC270E000024BBB001906D42FF00104B7E
:10D85000DB22E11803A801F031FC03A8FFF7BCFFAD
:10D86000002800D02500E034BC42F0D100206B1C21
:10D870000CD0074BDB22E91803A801F01FFCCF22D4
:10D88000019806A901F01AFC012035603BB0F0BDFB
:10D8900000F80108002300B5B7B001A902A8019360
:10D8A000FFF7CCFF002808D00648019901F0F2F9F3
:10D8B00002A8FFF75FFA37B000BD034801F0EAF9AC
:10D8C000F9E7C046E00301081204010810B5244B33
:10D8D000EEB00093234B04000193FFF761FF21009A
:10D8E0000290CF2203A801F0E9FBFC200021C00038
:10D8F0001D4B1E4ACB188A181C78FF2C0DD1013302
:10D900009342F9D1184BE022CC1820006946FAF76F
:10D9100015FF002814D116480CE0E0318142E7D110
:10D92000144801F0B7F91048FAF7D8FE00218842F0
:10D93000E8D1114801F0AEF9002420006EB010BD0E
:10D940002100DB2237A801F0B9FB37A8FFF744FF1D
:10D95000041E0A48EED00A4801F09CF9EDE7C046E3
:10D96000474643430100CF0000F80108E0F80108F2
:10D970008D0401083D04010869040108B10401088F
:10D98000DC0401080023F0B50500072718009AB24F
:10D99000914200D8F0BDEA5C5040082244B2A4464F
:10D9A00066464400E0B2002E01DA7C40E0B2013A63
:10D9B000D2B2002AF2D10133E9E70000F7B5140032
:10D9C00072B6234D2B780F2B0FD9224B1B78002BCF
:10D9D00001D062B6F7BD0F261F4A137801333340DA
:10D9E00013702B78013BDBB22B701C4B1C4E1A784A
:10D9F0000093D3B2019383235B005343194F9A19C9
:10DA00005780107104275471002C07D0002905D0CD
:10DA100006332200981901F051FBE719A11C832459
:10DA2000019B64005C43201D3018FFF7ABFF0F2201
:10DA30003319DB199870009B01371B78375301337A
:10DA40001340009A13702B780133DBB22B70C0E7C0
:10DA5000A9330020A8330020AB330020AA330020D4
:10DA6000AC330020AA55000007B56B4618715971F8
:10DA70000222832001A9FFF7A1FF07BD37B56D463C
:10DA800006ACEA7024781A782870080A6870A970C1
:10DA90002A71012C07D05A786A719A78AA71042CDD
:10DAA00001D1DB78EB71043469468520E2B2FFF7DF
:10DAB00085FF01203EBD0000F7B5B022404B92002B
:10DAC0009C58002C01D1043A9C58FAF7B5FEFA2173
:10DAD0003C4A89001368C31A8B4200D310603A4D48
:10DAE0002B78002B0AD0002C0AD1FA21374A890062
:10DAF0001368C31A8B4200D91060F7BD002CFCD00C
:10DB000072B6334E3378002B04D185239B00E7583F
:10DB1000002F24D083222F4F520039782E4B4A43B6
:10DB2000D35ADB0832330193FAF786FE2B4B1B687E
:10DB3000C01A019B984210D9852200239200A3505D
:10DB400033702B78002B08D00F223B780133134021
:10DB50003B702B78013BDBB22B7062B6CDE72B78A4
:10DB6000002BFAD01B4B1B78DBB2019301233370DF
:10DB7000FAF762FE194B186062B6832501986D00B2
:10DB80006843154C015B02300019F9F7CFFA011E0A
:10DB900005D172B6124A136801331360DDE772B61D
:10DBA0003770012803D10F4A13680133136062B63E
:10DBB000019B0D485D436419227901F06BF89CE7E5
:10DBC000C801002098320020A933002094320020A0
:10DBD000A8330020AB330020AC330020903200206B
:10DBE000A0330020A43300200505010810B572B64B
:10DBF0000B490B78002B03D00A4A1378002B01D174
:10DC000062B610BD0F240848037801332340037027
:10DC10001378013BDBB2137000230B70F0E7C046B2
:10DC2000A8330020A9330020AB330020B0230E4AD4
:10DC30009B00D358002B05D072B68522002192009C
:10DC4000995005E0AF239B00D35872B6002BF4D156
:10DC50000023064A1370064A1370064A1370064AD8
:10DC6000137062B67047C046C8010020AB33002075
:10DC7000AA330020A9330020A8330020802307B551
:10DC80009B020422842001A90193FFF797FE07BDA0
:10DC9000F0B5B64B06001878FBB00393052807D8FB
:10DCA000F2F73CFA03080F151F2B0123AA2E0BD005
:10DCB0007BB0F0BD553E73425E41039B76001E7003
:10DCC000F6E7AB4B1E700323039A1370F0E70022B4
:10DCD000A84B1E70A84B1A7004239642F4D105235A
:10DCE000F2E7A5490A78531CDBB20B70A3498E54A6
:10DCF000A04A12789A42F2D9DAE7DC22DE209C4B65
:10DD00009E4C1F7802AB9B181F709A4B01321D78F6
:10DD100002AB9B181D7002AB2A002100C01801F055
:10DD2000CDF9A91C39A8FFF72DFE0121B04200D082
:10DD3000C6E1781E082800D9BDE1F2F703FA090010
:10DD4000450079009500BA00B901EB0098009B00EE
:10DD5000FEF70EFF002808D0FEF7D0FE002804D101
:10DD600005210120FFF780FE3AE1042D01D00321B7
:10DD7000F7E762782378A1781202090413430B4372
:10DD8000E2781C0012061443251C640064087C49D8
:10DD9000201CF3F7E7FA0028E2D17949201CF2F7BA
:10DDA00077FB0028DCD1774B774C281C196825605D
:10DDB000FEF77CFE2068FBF705FC05A90122822006
:10DDC0000F70FFF7FBFD0BE1FEF7D2FE002806D037
:10DDD000FEF794FE002802D105210220C2E7042D9F
:10DDE00001D00321F9E762782378A17812020904AF
:10DDF00013430B43E2781C0012061443251C6400F5
:10DE000064085F49201CF3F7ADFA0028E4D15C49AF
:10DE1000201CF2F73DFB0028DED15B4B594C186803
:10DE2000291C2560FEF742FE2068FBF7D7FBC4E7FC
:10DE3000002D00D02578002305A80593FEF7E0FD0E
:10DE4000002802D1052103308CE76B1E9D41012083
:10DE5000E9B2FEF7E1FD0028AFD105210330FFF75D
:10DE600003FE042103207DE7FEF74EFEA5E7FEF743
:10DE700069FEA2E7012D02D00321092072E7207874
:10DE8000FBF71EFB002802D1052109306AE7FBF7EA
:10DE900045FB05A8FEF764FFCA22237802A90133D7
:10DEA0005218137005A8FEF765FF05A8FFF70EFDD1
:10DEB00083E7022D02D00321052053E7FBF728FB5F
:10DEC000002802D1052108004CE761782078FBF793
:10DED00031FB0028F6DB05A8FEF742FFC72302AAA4
:10DEE0009B181B78284A274C012B0FD102A9CE334F
:10DEF0005B181978369B1B020B431360D72302A9CA
:10DF00005B181978389B1B020B4323601068FBF7E2
:10DF100059FB89E70321032D1AD12678A378677866
:10DF200005AC1B02210030001F43FBF7C3FB002898
:10DF30000DD0A378002B0AD07FBA39B2B8B24829E5
:10DF400000D18EE02BDC0B2920DC002902DC05212E
:10DF5000072007E701380A28F9D8F2F7D5F82D434A
:10DF60005363F8F8F8F8F8F87200C0469E330020C2
:10DF70009D3300209C3300209B3300209C320020E6
:10DF8000FFFF7F7FFC0000200C440020159B4029F0
:10DF9000DDD1049304230222009304AB1BE0431E53
:10DFA000FF3B042BD3D80238FF3804AB03285AD8E0
:10DFB000F2F7B4F861697077A26804AB1104090E36
:10DFC0001A7059701102120EDA700422090E99703B
:10DFD0000092033A11003000FFF750FD0028B6D040
:10DFE000002371E6E26804AB1104090E1A7059703F
:10DFF0001102120EDA700422090E997000920221A9
:10E00000033AE8E7226904AB1104090E1A7059704B
:10E010001102120EDA700422090E99700092032187
:10E02000033AD8E7626904AB1104090E5970110272
:10E03000090E997004211A70120EDA7001220091F3
:10E04000C9E7A26904AB1104090E1A7059701102D4
:10E05000120EDA700422090E997000920B21033A15
:10E06000B9E7129B95E7627980211A70012200922C
:10E070002A004900AFE7E27802211A7001220092DB
:10E080000232FF31A7E7227981211A700122009222
:10E090000232EEE7227804211A7001220092023245
:10E0A000EFE7627882211A70012200920232E0E7E3
:10E0B000FFF7E4FD94E73B00103B0A2B02D9022155
:10E0C00038004FE62A002100380000F033FB00281A
:10E0D000F5D085E710B5131CFF2A00D9FF23DAB26B
:10E0E000FFF76CFC10BD10B5FEF742FD10BD00003F
:10E0F000F0B50400C7B006AD02A8FBF7BBFA2800D4
:10E10000FEF740FD13A8FAF7CDFF00214322601C63
:10E1100000F0A0FF02232370F5F746FD2300020A5A
:10E120002A3318705A70020C000E9A70D87000F0E2
:10E1300093FDE070FBF7B2FA02AB20711B7B002667
:10E14000637102AB5B7BA3716B785A1E9341E371E1
:10E150002B7802AA2372EB7863722B79A37208AB37
:10E16000DB7FE37210AB1B78237339239B181B787A
:10E17000637300230193FBF791FA864200D273E0A8
:10E180002200049B1E32190AA373E173190C1B0EA3
:10E190006374029B2174190AA374E174190C1B0E99
:10E1A0006375039B2175190AA375E175190C1B0E84
:10E1B0006376019B2176190AA376E176190C1B0E72
:10E1C0006377AB682177190AA377E177190C1B0EE7
:10E1D000D370EB689170190A13715171190C1B0EF1
:10E1E000D371EB6A9171190A13725172190C1B0EDB
:10E1F000D372284B917219784420117459781032D7
:10E2000051709978DB789170D370234B1978117124
:10E21000597851719978DB789171D3711F4B1978C6
:10E220001172597851729978DB789172D3721C4BC4
:10E2300019781173597851739978DB789173D37386
:10E2400023002A7F3E331A706A7F43345A70AA7FB4
:10E250009A70EA7FDA7012AA12781A71299B5B040D
:10E26000DB0F237047B0F0BD2CAF39003000FBF757
:10E2700021FA00280AD0BB78002B07D0319F0199E2
:10E28000381CF2F705F9002800D001970136F6B2E4
:10E2900071E7C0466822002064220020602200202E
:10E2A0005C22002070B59CB003AE04003000FAF789
:10E2B000F9FEF089F3F7D8F83149F2F771FD0090D3
:10E2C000308AF3F7D1F82E49F2F76AFD33780190DE
:10E2D00023701BAB1B780425637016AB1B782A00D8
:10E2E000A37059236B441B7804A9E370201D00F030
:10E2F000E5FE20002A0005A9083000F0DFFE20001E
:10E300002A0069460C3000F0D9FE20002A0001A93D
:10E31000103000F0D3FE2000337B0AA92375337D33
:10E320001A306375F28A338BA2752376120A1B0AA0
:10E330006376E2752A0000F0C1FE20002A000BA9D6
:10E340001E3000F0BBFE20002A0017A9223000F08A
:10E35000B5FE20002A0018A9263000F0AFFE2000EC
:10E36000199B2A0002A92A30029300F0A7FE200080
:10E370002A001AA92E3000F0A1FE32201CB070BD78
:10E38000CDCCCC3D30B5B5B004006846FEF7E8FC16
:10E39000CF2503236A466946138020002A0000F037
:10E3A0008DFE280035B030BD0023034A1370034AA8
:10E3B0001360034A1370704718440020144400206F
:10E3C000104400200122054B10B51A700022044BA6
:10E3D0001A70F5F7E9FB034B186010BD18440020D4
:10E3E000104400201444002030B59BB00C00694656
:10E3F0000500FBF75FF90021884200D126E17A226F
:10E40000601C00F027FE257000F026FC6B46607053
:10E410009B782200A3706B46DB781E32E3706B465C
:10E420001B7923716B465B796371029B190AA37197
:10E43000E171190C1B0E6372039B2172190AA372FE
:10E44000E172190C1B0E6373049B2173190AA373E9
:10E45000E173190C1B0E6374059B2174190AA374D4
:10E46000E174190C1B0E6375069B2175190AA375BF
:10E47000E175190C1B0E21766376079B190AA376AA
:10E48000E176190C1B0E6377089B2177190AA37795
:10E49000E177190C1B0ED370099B9170190A137147
:10E4A0005171190C1B0ED3710A9B9171190A1372C9
:10E4B0005172190C1B0ED3720B9B9172190A1373B4
:10E4C0005173190C1B0ED3730C9B9173190A13749F
:10E4D0005174190C1B0ED3742300043291730DAACE
:10E4E000127832331A7035226A4412785A70362202
:10E4F0006A4412789A7037226A441278DA702200DD
:10E500000E9B3632190A13705170190C1B0ED37002
:10E510000F9B9170190A13715171190C1B0ED37155
:10E520002300917110AA12783E331A7041226A4476
:10E53000127861345A7042226A4412787B219A70B0
:10E5400043226A441278DA7011AA12781A714522AD
:10E550006A4412785A7146226A4412789A714722A4
:10E560006A441278DA7112AA12781A726A4612781C
:10E570005A726A4652789A7213AA1278DA724D2247
:10E580006A4412781A734E226A4412785A734F22E0
:10E590006A4412789A7314AA1278DA7351226A4480
:10E5A00012781A7452226A4412785A7453226A44B6
:10E5B00012789A7415AA127813331A7055226A4485
:10E5C00012785A7056226A4412789A7057226A4416
:10E5D0001278DA7016AA12781A7159226A441278DF
:10E5E0005A715A226A4412789A715B226A441278EC
:10E5F000DA7117AA12781A725D226A4412785A7276
:10E600005E226A4412789A725F226A441278DA7241
:10E6100018AA12781A7361226A4412785A73622215
:10E620006A4412789A7363226A441278DA7319ABD7
:10E630001B78237065236B441B78637066236B44DF
:10E640001B78A37067236B441B78E37008001BB032
:10E6500030BD0000F7B505000F00FBF71FF80026DE
:10E660000190012F11D90D4A340013786E70591C96
:10E6700011702B700236019B9C4205D02000A91915
:10E68000FFF7B2FE002802D16C703000FEBD3018DA
:10E690008742F9DB013486B2E4B2ECE71044002093
:10E6A00030B59BB00C0069460500FBF703F800236A
:10E6B00098421DD0042215A92570601C00F0FEFCB4
:10E6C000042216A9601D00F0F9FC2000042217A9FD
:10E6D000093000F0F3FC2000042218A90D3000F0EE
:10E6E000EDFC20000422113019A900F0E7FC1523ED
:10E6F00018001BB030BD000000B50C4BC1B01B783A
:10E70000002B11D0F5F750FA094A1368C31AC72B2A
:10E710000AD91060FF216846FFF79CFF021E03D054
:10E7200069469120FFF7D6FC41B000BD1844002097
:10E730001444002070B5F6B06B46D8711038DD1D5A
:10E740000C0000230A2817D80133F1F7E7FC060C68
:10E7500018263684BF4149515C00FFF767FAFFF77E
:10E7600031FE012203E00022634B1A7001322900BE
:10E770008220FFF7AFFC0123180076B070BDFF21A7
:10E7800036A8FFF767FF021E02D0912036A9F0E7F6
:10E79000012236A90A709620EBE7002AF8D0087803
:10E7A00036A9FFF721FE021E02D0902036A9E0E72D
:10E7B000022336A901220B70EDE7002AE8D0087881
:10E7C00036A9FFF76DFF021EF2D0922036A9D0E7DE
:10E7D00036A8FFF767FD021ECDD0932036A9C8E703
:10E7E00036A8FFF785FC021EC5D0942036A9C0E7E5
:10E7F00036AC2000FFF7C6FD2100021E29D10323FD
:10E8000001222370C7E7CF2A06D0D8216B46012208
:10E810005B1819001A70BEE702A800F04FFC02A8AE
:10E82000FEF7A8FA0028F0D002A8FFF74FF800285A
:10E8300008D1D8216A4604235218137036A9012240
:10E84000963096E736A8FFF79DFD021E00D188E7B7
:10E8500036A997208DE7062A06D8D8216A4652188D
:10E86000137036A9012296E78D784B782D021D434F
:10E870000E78EDBA0422033102A800F01FFC212D0E
:10E8800009D0302D14D00020122D08D1300002996B
:10E89000FAF76EFE03E030000299FAF75BFED8212A
:10E8A00001226B4650405B1818701900952060E7F4
:10E8B00000210298F1F7ECFD002803D03000FAF7B0
:10E8C00065FEECE73000FAF76FFEE8E70D2AC4D9E1
:10E8D00002AD0E7804222800013100F0EFFB6379CD
:10E8E000A11D08222B7303A800F0E8FB29003000CB
:10E8F000F9F70CFED3E7C0461844002010B5B4B0B9
:10E9000000F0E4F9344800F0C5F9A02001221021FC
:10E91000C005F4F7B9FE3220F5F74CF90020F9F7FD
:10E9200063FF0120F9F760FFF9F708FD2B4800F0BD
:10E93000B1F9F9F78FFD002849D1294800F0AAF96B
:10E940000120F9F741FFFAF729F8264800F0A2F96B
:10E95000254800F09FF9FCF759FA01000120FAF769
:10E96000A1FDFBF7B1FC01000220FAF79BFDFDF7CA
:10E97000A9F8BE2401000320FAF794FD6C44FAF7CD
:10E98000CDFDFAF7CFFEFFF70FFDFEF78FF9FEF78B
:10E9900081FF6846FEF7E4F92078831E022B07D832
:10E9A0000138C0B2FAF78CFD2178104800F072F9F6
:10E9B000FDF7D2FA0E4800F06DF9F9F767FF0D4840
:10E9C00000F068F90C4800F065F934B010BD0B4850
:10E9D00000F060F9B7E7C0462605010848050108C0
:10E9E00069050108C2050108E90501080B060108CF
:10E9F0003B0601086606010887060108980501081C
:10EA000070B5BCB0F9F718FFFA21834A0400136807
:10EA1000C900C31A8B4204D3106021007F4800F064
:10EA200039F9FFF749F8FFF767FEF9F70FFE7C4A5F
:10EA30001368E31A132B18D920001460FAF7FEFDAF
:10EA40002000FAF70DF92000FDF79AFAFAF736FBE5
:10EA5000002804D0FEF78CF80122002800D1002203
:10EA6000C02170480902F4F70FFEFFF725F8402196
:10EA700013A8F9F7CDFC011E02D013A8FAF7B6FCD3
:10EA80000020F9F7C1FE06000120F9F7BDFE664936
:10EA900005000B78654AB34200D18BE00E7014601C
:10EAA000634A644B1178A94200D199E015701C604B
:10EAB000614A1368E31A632B20D923A81460FAF77C
:10EAC000D9FD6B4698229B181B78002B00D19BE048
:10EAD000FFF709FB002800D196E00020F9F774FE4B
:10EAE000269A564B01201A4206D16B4698229B1853
:10EAF0001B78002B00D08BE0F9F766FE504A1368B4
:10EB0000E31A312B52D91460002106AC1822684652
:10EB100000F0A0FA2000FEF735F86A46237849494C
:10EB200093826069F2F73CF9F1F7E6FC6B461880D6
:10EB30001F236B44D87FF2F74BFCA169F2F730F941
:10EB40004049F2F72DF9F1F7D7FC6B46588023A81E
:10EB5000FAF7A8FA3BAB1B78002B1AD098226B4629
:10EB60009B186A461B78374993802498F2F718F966
:10EB7000F1F7C2FCA2226B46D8809B180A211888A4
:10EB8000F1F7EAFA6B4618812A98F1F7B5FC6B4663
:10EB900058820020F9F786FEF2F7FAFB6B466A46C8
:10EBA0001882E3696846D382FAF7D4FBF8F7E6FFE8
:10EBB0003CB070BD1268A21A322A00D870E7224A0F
:10EBC0001178994200D16BE71370002B00D167E7F1
:10EBD0001E4800F05FF800210220FDF71DFF5FE7EF
:10EBE0001B68E31A322B00D862E7194B1A78AA4245
:10EBF00000D15DE71D70002D00D159E7154800F0E8
:10EC000049F8FDF781FF53E70020F9F7EDFD67E7CD
:10EC1000F9F7EAFD72E7C04620440020A606010885
:10EC20003444002000040050254400202C440020DF
:10EC300024440020284400203044002000FFFF002E
:10EC40001C4400200000204127440020C506010884
:10EC500026440020FB06010810B5FAF759FC10BD48
:10EC600010B5012807D1084800F014F8002102204F
:10EC7000FDF7D2FE10BD0228FCD1044800F00AF8CE
:10EC8000FDF742FFF6E7C0462B07010843070108DE
:10EC9000704700000FB400B5A3B024AB04CB8021B3
:10ECA00002A8019300F0CAF9002808DD7F2800DDE2
:10ECB0007F2082B23223044802A9F7F730F823B04C
:10ECC00008BC04B01847C0463C21002010B50D48D0
:10ECD000FFF7E0FF0C4C2000FFF7DCFF0B48FFF7CD
:10ECE000D9FF0B48FFF7D6FF0A48FFF7D3FF0A48C2
:10ECF000FFF7D0FF0948FFF7CDFF2000FFF7CAFF5D
:10ED000010BDC0465A0701085F0701088A070108BD
:10ED1000A6070108CF070108EF0701080608010848
:10ED200070B5051C00F02CF8291C041C281CF2F7F7
:10ED300019FB002810D10021281CF1F7A9FB00289D
:10ED40000AD10021281CF1F789FB002806D000F029
:10ED500089F92223064C0360201C70BD00F082F963
:10ED600021230360034800F007F8041CF4E7C046C1
:10ED7000000080FF5E070108004870470000C07F68
:10ED8000F0B5430085B0002B06D1CC200021000651
:10ED9000F1F720FE05B0F0BD031E04DA011CF2F706
:10EDA0003DF90021F4E7FF21C905884203DB011C7E
:10EDB000F1F786FCEEE7802200211204904206DA89
:10EDC0009821C905F1F7ECFF192103004942DA1532
:10EDD0007F3A521880215B025E0A744BFE200904C0
:10EDE000F3180B40FE2180055840DD15304389059E
:10EDF000AD18F2F713F932006D4B0F32041C1A42B2
:10EE000045D10021F1F72AFB002811D00020002D68
:10EE1000C0D02800F2F7DCFA6649041CF1F7C0FF05
:10EE20006549051C201CF1F7BBFF011C281CBFE72E
:10EE30006249201CF1F7B4FF011CFC208005F2F7A9
:10EE4000EDF8211C061C201CF1F7AAFF011C301C48
:10EE5000F1F7A6FF061C002D01D1311C79E0280036
:10EE6000F2F7B6FA5349051CF1F79AFF5249071C0D
:10EE7000281CF1F795FF011C301CF2F7CFF8211C7C
:10EE8000F2F7CCF8011C381CF2F7C8F882E78021B1
:10EE9000C905F1F715FC011C201CF1F79BFD009042
:10EEA0002800F2F795FA00990190081CF1F778FF15
:10EEB000434B011CF31803930290F1F771FF414992
:10EEC000071CF1F76DFF4049F1F7FAFB391CF1F728
:10EED00067FF3E49F1F7F4FB391CF1F761FF3C494C
:10EEE000F1F7EEFB0299F1F75BFF3A490290381C0B
:10EEF000F1F756FF3849F1F7E3FB391CF1F750FF02
:10EF00003649F1F7DDFB391CF1F74AFF011C029885
:10EF1000F1F7D6FB324B039A9B1B071C1343002BC4
:10EF20002FDDFC21201C8905F1F73AFF211CF1F7A8
:10EF300037FF011C061C381CF1F7C2FB0099F1F7E2
:10EF40002FFF071C002D06D1011C301CF2F766F8BC
:10EF5000011C201C98E717490198F1F721FF164979
:10EF6000051C0198F1F71CFF391CF1F7A9FB011CE6
:10EF7000301CF2F753F8211CF2F750F8011C281C42
:10EF800082E7011C201CF2F749F80099F1F708FF0D
:10EF9000061C002D00D160E706490198F1F700FF3B
:10EFA0000549051C0198F1F7FBFEE0E720FB4A004C
:10EFB000F0FF7F008071313FD1F71737ABAAAA3E2F
:10EFC000305CCFFF9788173E25333A3E2549923E65
:10EFD000ABAA2A3F4FD01C3E298E633ECDCCCC3EFF
:10EFE00088C2350030B5140005001A009BB0002C13
:10EFF00005DA8B230360012040421BB030BD822321
:10F0000068469B0083810023009104919C4200D0BC
:10F01000631E02930593012369465B42CB8128005E
:10F020001E9B00F0B1F9431C01DA8B232B60002CEE
:10F03000E3D00022009B1A70DFE7000013B5044CF8
:10F04000009313000A0001002068FFF7CBFF16BDF4
:10F050000001002003008218934200D1704719700C
:10F060000133F9E7014B18687047C04600010020E2
:10F0700070B500260C4C0D4D641BA410A64209D19E
:10F08000002600F065FC0A4C0A4D641BA410A64241
:10F0900005D170BDB300EB5898470136EEE7B300D9
:10F0A000EB5898470136F2E7640801086408010844
:10F0B000680801086408010870477047002310B50C
:10F0C0009A4200D110BDCC5CC4540133F8E7000073
:10F0D00070B505000C1E10D0043C2368002B00DA2C
:10F0E000E418280000F0E0F81D4A1368002B05D151
:10F0F00063601460280000F0DFF870BDA34208D9F7
:10F10000206821188B42F3D119685B6809182160C7
:10F11000EEE71A005B68002B01D0A342F9D9116811
:10F120005018A0420BD12068091850181160834272
:10F13000E0D118685B68411811605360DAE7A042BB
:10F1400002D90C232B60D5E7206821188B4203D10C
:10F1500019685B680918216063605460CAE7C0469B
:10F160007C45002070B50F4E0D0031680400002969
:10F1700002D100F099FB30602900200000F094FBE0
:10F18000431C03D101256D42280070BD0323C51C1B
:10F190009D43A842F8D0291A200000F085FB0130D9
:10F1A000F2D1EFE778450020F7B50322CB1C93435B
:10F1B000083305001F000C2B34D20C27B94233D87A
:10F1C000280000F071F8374E33681C00002C2FD156
:10F1D00039002800FFF7C6FF0400431C5FD13468E4
:10F1E0000094009B002B4AD1002C52D023682800A9
:10F1F000E3180099019300F057FB019B834248D12B
:10F2000023682800FF1A3900FFF7ACFF013040D017
:10F210002368DB19236033685A68002A33D1009BC6
:10F22000336019E0002BC9DA0C232B600020FEBDEF
:10F230002168C91B20D40B290AD9E2192760A342EF
:10F2400004D1326063681160536005E05A60F9E7E9
:10F250006268A3420ED13260280000F02DF8200031
:10F2600007220B30231D9043C21A9842DFD01B1A8D
:10F27000A350DCE75A60EFE723006468A6E7009C30
:10F2800063680093ADE71A005B68A342FBD10023DB
:10F29000DAE70C2328002B6000F00EF8C6E70760C1
:10F2A000DAE7C0467C45002010B50248FFF704FFAE
:10F2B00010BDC0467445002010B50248FFF7FDFEA2
:10F2C00010BDC04674450020F0B58E6885B01F00A3
:10F2D0000C000B6802900392BE4230D80C21625E93
:10F2E0009021C9000A4228D0032021695B1A0193AA
:10F2F000636943430198DD0FED187B1C1B186D10EB
:10F30000AB4200D91D00520528D529000298FFF70D
:10F310004BFF061E2CD0019A2169FFF7CFFEA28970
:10F32000184B1A4080231343A381019B2661F618D2
:10F3300026603E006561ED1AA560BE4200D93E0020
:10F3400032000399206800F09BFA0020A3689B1B01
:10F35000A36023689B19236005B0F0BD2A000298C2
:10F3600000F0BFFA061EE0D121690298FFF7B0FE57
:10F370000C230120029A40421360A28934331343C4
:10F38000A381E9E77FFBFFFFF0B5A1B003901D006B
:10F390008B890F0016001B0611D50B69002B0ED1AF
:10F3A0004021FFF701FF38603861002805D10C23A8
:10F3B000039A136001204042CFE040237B61002389
:10F3C00008AC6361203363761033A376079535006C
:10F3D0002B78002B01D0252B48D1AB1B0593B542D0
:10F3E0000BD0320039000398FFF76EFF013000D1D7
:10F3F000AEE06369059A9B1863612B78002B00D1FE
:10F40000A6E0012200235242626004A9543252183D
:10F410006E1C2360E360A3601370A365544B052248
:10F4200018003178059300F051FA751C00281FD19F
:10F430002268D30604D5532304A95B182021197030
:10F44000130704D5532304A95B182B2119703378B3
:10F450002A2B16D0350000210A20E3682A786E1C7A
:10F46000303A092A50D9002911D117E00135AFE708
:10F47000059B2268C01A0123834013432E0023609A
:10F48000CCE7079B191D1B680791002B01DB0B9331
:10F4900004E05B42E3600223134323602B782E2BAE
:10F4A0000CD16B782A2B34D1079B02351A1D1B68AF
:10F4B0000792002B01DA01235B4209932D4E0322B0
:10F4C0003000297800F002FA002806D04023801B83
:10F4D0008340226801351343236029780622264899
:10F4E0006E1C217600F0F2F9002838D0234B002B57
:10F4F00022D10722079B073393430833079363699D
:10F50000049A9B18636162E74343350001219B180D
:10F51000A4E700230A201900013563602A786E1CD5
:10F52000303A092A03D9002BC8D00991C6E74143D4
:10F53000350001238918F1E707AA009221003A005B
:10F540000F4B039800E000BF0490049B0133D6D119
:10F55000BB890D985B0600D52CE721B0F0BD07AA4A
:10F56000009221003A00064B039800F07BF8EBE78D
:10F57000270801082D0801083108010800000000D3
:10F58000C9F20008F7B5160001938A680B690C00F0
:10F590000090934200DA1300220033604332127865
:10F5A000002A01D00133336023689B0602D53368FB
:10F5B000023333602268062315001D401A4227D00B
:10F5C000230043331B785A1E93412268920630D49D
:10F5D000220001990098089D4332A847013025D0A8
:10F5E0000622236800251340042B05D13368E56803
:10F5F000ED1AEB43DB171D40A3682269934201DD3E
:10F600009B1AED180026B54220D1002010E00135EC
:10F61000E36832689B1AAB42D2DD220001230199D4
:10F620000098089F1932B8470130F0D101204042BC
:10F63000FEBD3020E1184331087021005A1C4531CD
:10F640000978A218433202331170C1E72200012366
:10F6500001990098089F1A32B8470130E6D0013668
:10F66000D1E70000F0B58BB006920A004332079351
:10F67000059003920A7E0C00109B782A09D8622A12
:10F680000BD8002A00D1BCE07B490491582A00D154
:10F6900090E0250042352A7022E0100063381528DA
:10F6A000F7D8F0F745FD16001F00F6FFF6FFF6FF4E
:10F6B000F6FF1F00F6FFF6FFF6FFF6FFA10036008B
:10F6C0008000F6FFF6FFB200F6FF3600F6FFF6FF09
:10F6D000840025001A684235111D196013682B70CB
:10F6E0000123A0E018680968021D0D060BD5066805
:10F6F0001A60002E03DA2D23039A764213705E4BB4
:10F700000A27049318E006681A604906F1D536B254
:10F71000EFE70868196840C9050602D4400600D51D
:10F72000B6B21960544B0A2704936F2A00D1023FE6
:10F730002300002243331A706368A360002B03DBAD
:10F74000042122688A432260002E02D1039D002BEF
:10F750000CD0039D30003900F0F784FD049B013D7F
:10F760005B5C2B70330006009F42F3D9082F09D150
:10F770002368DB0706D5626823699A4202DC3023DE
:10F78000013D2B70039B5B1B2361079B21000093B2
:10F790000598069B09AAFFF7F5FE013048D1012024
:10F7A00040420BB0F0BD202209680A432260782253
:10F7B00032490491210045310A701968226840C914
:10F7C000100602D4500600D5B6B21960D30702D590
:10F7D000202313432360002E01D01027A8E7202206
:10F7E000236893432360F8E71A680D68101D496980
:10F7F000186013682E0601D5196002E06D06FBD56E
:10F8000019800023039D2361BFE71A68111D196049
:10F81000156800212800626800F058F8002801D01F
:10F82000401B6060636823610023039A1370ACE798
:10F830002A00236906990598079DA8470130AED094
:10F8400023689B0715D4099BE0689842A9DA180041
:10F85000A7E72200012306990598079E1932B047B1
:10F8600001309CD00135E368099A9B1AAB42F0DC69
:10F87000E9E70025F7E7C04638080108490801080C
:10F8800010B5884206D800239A4208D0CC5CC454F4
:10F890000133F9E78B189842F5D2013A00D210BD36
:10F8A0008B5C8354F9E70000002370B5064D04001B
:10F8B00008002B60F8F7F8FC431C03D12B68002BE1
:10F8C00000D0236070BDC04670450020C9B28218C8
:10F8D000904201D10020704703788B42FBD0013069
:10F8E000F6E7F7B506000C001500002905D1110058
:10F8F000FFF75AFC04002000FEBD002A03D1FFF7E9
:10F90000E7FB0024F7E700F01BF80700854202D868
:10F910004308AB42EFD329003000FFF745FC0190CC
:10F920000028EED02A00BD4200D93A0021000198FB
:10F93000FFF7C4FB21003000FFF7CAFB019CDAE7A8
:10F940000B1F1B68181F002B01DA0B58C0187047DB
:10F95000F8B5C046F8BC08BC9E467047F8B5C0462E
:10F96000F8BC08BC9E46704701B40248844601BCFE
:08F97000604700BF51010020B7
:10F9780002000000000000AA0100000000000000D2
:10F98800310000000000000000000000000000003E
:10F998000200000000000055A20B0008D20A00086F
:10F9A800EA0A0008080B0008EA0A00084C0B0008DD
:10F9B800EA0A0008080B0008D20A0008D20A000860
:10F9C8004C0B0008080B0008F20A0008F20A0008AD
:10F9D800F20A0008560B0008D20A0008D20A0008EA
:10F9E800EA0A0008E00B0008EA0A00084C0B0008C5
:10F9F800EA0A0008E00B0008D20A0008D20A000848
:10FA08004C0B0008E00B0008F20A0008F20A000894
:10FA1800F20A0008000000000000000000000000DA
:10FA280000000000010000000200000003000000C8
:10FA380004000000000000000000000000000000BA
:10FA480000000000000000000000000000000000AE
:10FA58000000000001000000020000000300000098
:10FA68000400000006000000070000000800000075
:10FA7800090000000001020304050607080C101421
:10FA880018203040010002000400060008000A00A7
:10FA98000C0010002000400080000001080402044F
:10FAA800080101010101010307010000424F4F5401
:10FAB8003A2055534220646576696365206F6B0D63
:10FAC8000A0053544D6963726F656C656374726F95
:10FAD8006E6963730053544D3332205669727475DE
:10FAE800616C20436F6D506F727400434443204330
:10FAF8006F6E6669670043444320496E7465726699
:10FB0800616365000D0A5B43524153485D204572AD
:10FB1800726F725F48616E646C6572282920434178
:10FB28004C4C4544210D0A000D0A5B4541524C5985
:10FB38005D20554152543120616C697665202D2035
:10FB4800626F6F74696E672E2E2E0D0A005B454139
:10FB5800524C595D20464443414E312B3220696E48
:10FB68006974204F4B0D0A005B4541524C595D208A
:10FB780041626F757420746F20696E6974205553E3
:10FB8800422E2E2E0D0A005B4541524C595D2055E0
:10FB9800534220696E697420646F6E650D0A000D0A
:10FBA8000A5B43524153485D20486172644661755F
:10FBB8006C745F48616E646C657228292043414CFF
:10FBC8004C4544210D0A005B43414E2054582046C1
:10FBD80041494C5D206275733D25752049443A259D
:10FBE80030386C580D0A005B43414E315D20425558
:10FBF800532D4F46462120526573746172742063F9
:10FC08006F6E74726F6C6C65722E2E2E0D0A005B0F
:10FC180043414E325D204255532D4F4646212052D6
:10FC280065737461727420636F6E74726F6C6C6547
:10FC3800722E2E2E0D0A004253505F466C61736877
:10FC48003A2050726F6772616D206661696C6564F5
:10FC5800206174203078253038582C206572723D28
:10FC68003078253038580D0A00424D535F496E6987
:10FC7800743A206472697665722072656164792EBF
:10FC88000D0A002D00424D533A204F4E4C494E4527
:10FC98002028776173204F46464C494E452C206EEC
:10FCA8006F77206861732064617461290D0A0042CE
:10FCB8004D533A204F46464C494E45202874696DAD
:10FCC800656F757420616674657220256C75206D8A
:10FCD800732066726F6D207469636B20256C752CB8
:10FCE800206E6F7720256C75290D0A00424D533A16
:10FCF800204641554C542028637269746963616CCD
:10FD080020616C61726D2030782530386C58290D6F
:10FD18000A00424D533A204F46464C494E4520284A
:10FD280074696D656F7574207768696C65206661A4
:10FD3800756C746564290D0A00424D533A2052656A
:10FD4800636F76657265642066726F6D20464155F3
:10FD58004C54202D3E204F4E4C494E450D0A005B19
:10FD6800424D5320534E41505D206F6E6C696E6555
:10FD78003D257520563D25642E256420493D257373
:10FD880025642E256420534F433D257525252043A2
:10FD9800656C6C3D25752F2575206D562054656D55
:10FDA800703D257325642E25642F257325642E2523
:10FDB8006420432052656C61793D25752F25752097
:10FDC8005265713D257325642E2564562F257325AC
:10FDD800642E25644120616C61726D733D30782515
:10FDE80030386C580D0A000000000000F4020000D2
:10FDF800FFFFFFFF05000000F5900008000000006D
:10FE0800F4040000FFFFFFFF06020000179100083E
:10FE180000000000F4050000FFFFFFFF05030000DD
:10FE28003D91000800000000F4070000FFFFFFFFFD
:10FE380004040000F391000801000000F428F11800
:10FE4800FFFFFFFF070100005791000801000000B5
:10FE5800F4E50618FFFFFFFF040500006B92000899
:10FE680001000000F4E50618FFFFFFFF040500008D
:10FE78006B92000801000000F428F518FFFFFFFF4F
:10FE8800010600008591000801000000F428F2181E
:10FE9800FFFFFFFF08080000CB91000801000000E9
:10FEA800F428E018FFFFF8FF08070000A1910008F8
:10FEB800DD960008D59600086C69616E6D696E67FD
:10FEC80000000000C0FE0008C1A20008C1A200088E
:10FED8004999000801990008B59C0008259B00086D
:10FEE8008D9A0008C9990008099C0008599B0008C8
:10FEF800019B0008099A0008519C0008BD9B000856
:10FF080045A00008699D00082D9D00083D9900083E
:10FF1800719C00086D617877656C6C001CFF0008A7
:10FF280069A4000869A40008F5A30008ADA30008A7
:10FF38000DA7000855A5000811A8000891A40008FD
:10FF480099A600088DA5000861A80008D1A400089A
:10FF5800EDA6000849A6000885A8000825AB0008FA
:10FF6800F5A50008E9A30008B1A5000801000200F2
:10FF7800030004000B004000480008000A001000BD
:10FF8800110012000C000D000E00746F6E68650001
:10FF980092FF0008C1AF0008C1AF0008CDB3000848
:10FFA80049AF00085DB300087DB20008DDB1000864
:10FFB80069AF0008C5B00008F5B2000859B20008DA
:10FFC80095AF00081DB1000871B00008C5B700085A
:10FFD800B5B4000871B40008B5AF000819B300083B
:10FFE80043433A204D6F64436E7420746F74616CA0
:08FFF8003D257520656E3D25D5
:020000040801F1
:1000000075206F6E6C696E653D2575207374617423
:10001000653D25640D0A0043433A204D6F64436EED
:100020007420746F74616C3D257520286661696C5D
:10003000656420746F206765742076696577203069
:10004000290D0A00436861726765436F6E74726FB1
:100050006C6C65725F436865636B3A204E6F206419
:10006000726976657220726567697374657265641A
:100070000D0A00436861726765436F6E74726F6C3E
:100080006C65725F436865636B3A204E6F206163F5
:1000900074697665206D6F64756C65730D0A004335
:1000A0006861726765436F6E74726F6C6C65725FC6
:1000B000436865636B3A204D6F64756C6520636FB0
:1000C000756E74206D69736D617463683A2065782C
:1000D0007065637465642025752C20676F74202516
:1000E000750D0A00436861726765436F6E74726FC5
:1000F0006C6C65725F436865636B3A20496E76612C
:100100006C696420636F6E666967207665727369D7
:100110006F6E2025750D0A0043433A2053746172B7
:100120007420563D25642E25645620493D25642EB5
:100130002564412F6D6F640D0A0043433A205374C8
:100140006F7020696E68696269743D257520646509
:10015000726174696E673D25750D0A0043433A204C
:100160004A61636B2074656D7020646572617469A7
:100170006E67206163746976650D0A0043433A2017
:100180004A61636B2074656D702064657261746987
:100190006E67207265636F76657265640D0A004351
:1001A000433A2053746174652025642D3E25640D07
:1001B0000A0043433A20496E69740D0A0043433AEA
:1001C000204D6F64756C65206D69736D6174636833
:1001D0002025752D3E25750D0A0043433A204A61BE
:1001E000636B20562070726F746563742073746142
:1001F00072746564202864656C74613D25642E25E5
:100200006456290D0A0043433A204A61636B205625
:100210002050524F54454354206661756C74202819
:10022000257573290D0A0043433A204D616E7561AF
:100230006C20563D25642E25645620493D25642EAC
:100240002564412F6D6F640D0A0043433A205374B7
:10025000616E64616C6F6E6520566D6178207265A9
:1002600061636865642063616E64696461746520BC
:10027000287461726765743D25642E256456290DC6
:100280000A0043433A205374616E64616C6F6E657B
:1002900020566D617820726561636865642C2073F7
:1002A000746F7070696E672063686172676520287B
:1002B0007461726765743D25642E256456290D0AA4
:1002C0000043433A205374616E64616C6F6E652025
:1002D000563D25642E25645620493D25642E25640F
:1002E000412F6D6F640D0A0043433A20424D532065
:1002F0006F66666C696E650D0A0043433A20424D95
:1003000053207374616C65206461746120286B658F
:100310006570696E67206C617374207461726765C3
:100320007473290D0A0043433A20424D5320616CF7
:1003300061726D206163746976650D0A0043433A0A
:1003400020486172642070726F74656374696F6EA7
:10035000204641554C540D0A0043433A20416C72EB
:10036000656164792072756E6E696E670D0A00436F
:10037000433A20507265636F6E646974696F6E737F
:10038000206661696C6564206661756C743D3078C7
:100390002530386C580D0A0043433A20537461727B
:1003A00074207372633D2575206163743D25750D5E
:1003B0000A0043433A2053746F702072657175656B
:1003C000737465640D0A0043433A20454D45524716
:1003D000454E43592053544F500D0A000301020368
:1003E0004368617267654379636C6553746F7261CA
:1003F00067653A204C6F616465642066726F6D209A
:10040000666C617368206F66667365742025750D70
:100410000A004368617267654379636C6553746F62
:10042000726167653A205573696E6720646566611D
:10043000756C7420636F6E6669670D0A00436861AE
:100440007267654379636C6553746F726167653A6F
:1004500020506167652066756C6C2C206572617335
:10046000696E672E2E2E0D0A004368617267654320
:1004700079636C6553746F726167653A2045726188
:100480007365206661696C6564210D0A00436861CB
:100490007267654379636C6553746F726167653A1F
:1004A000205772697465206661696C6564210D0A64
:1004B000004368617267654379636C6553746F725A
:1004C0006167653A20566572696669636174696F30
:1004D0006E206661696C6564210D0A004368617273
:1004E00067654379636C6553746F726167653A2021
:1004F0005361766564207375636365737366756CA9
:100500006C790D0A005B5043205458204641494CF9
:100510005D207265733D257520636D643D307825DF
:100520003032580D0A004170705F496E69743A208C
:100530004B686F6920646F6E672068652074686F10
:100540006E672E2E2E0D0A004170705F496E697421
:100550003A204B686F6920646F6E672043414E20DC
:100560006275732E2E2E0D0A004170705F496E6900
:10057000743A204C4F49202D204B686F6E672074D1
:100580006865206B686F6920646F6E672043414E19
:1005900020627573210D0A004170705F496E6974A5
:1005A0003A2043414E20627573206B686F69206466
:1005B0006F6E67207468616E6820636F6E672E0DC2
:1005C0000A004170705F496E69743A20424D5320B1
:1005D000647269766572206B686F6920646F6E67FC
:1005E00020786F6E672E0D0A004170705F496E694A
:1005F000743A204B686F692074616F206368617280
:1006000067657220636F72650D0A004170705F4903
:100610006E69743A204472697665722072657374EB
:100620006F7265642066726F6D20666C6173683AE4
:1006300020747970653D25750D0A004170705F4921
:100640006E69743A2043686172676520636F6E74E7
:10065000726F6C6C657220696E697469616C697A1D
:1006600065642E0D0A004170705F496E69743A200E
:100670004E54432041444320696E697469616C693A
:100680007A65642E0D0A004170705F496E69743A94
:1006900020486F616E20746174206B686F692074EC
:1006A000616F2E0D0A005B4D41494E5F4C4F4F501C
:1006B0005D2072756E6E696E67207469636B3D258F
:1006C0006C750D0A004170705F4C6F6F703A204E70
:1006D00068616E206E7574205354415254202D3E33
:1006E000204B686F6920646F6E67206368752074A3
:1006F00072696E68207361630D0A004170705F4C0F
:100700006F6F703A204E68616E206E75742053547E
:100710004F50202D3E2044756E672063687520740D
:1007200072696E68207361630D0A004457494E3A3E
:10073000204E68616E206C656E682053544152549F
:100740000D0A004457494E3A204E68616E206C6590
:100750006E682053544F500D0A000D0A0D0A003DDB
:100760003D3D3D3D3D3D3D3D3D3D3D3D3D3D3D3DB9
:100770003D3D3D3D3D3D3D3D3D3D3D3D3D3D3D3DA9
:100780003D3D3D3D3D3D3D0D0A00202043686172E9
:1007900067657220436F6E74726F6C6C6572207641
:1007A000322E300D0A00202053544D333247304250
:1007B0003143425436202B206D756C74692D647260
:1007C0006976657220636861726765720D0A002040
:1007D00020464443414E3120403132354B202F20BA
:1007E000464443414E3220403235304B0D0A002002
:1007F00020555342204344433A20504131312F5039
:100800004131320D0A0020205541525431204465B7
:100810006275673A205041392054582040203131C8
:10082000353230300D0A00232D302B2000686C4CFF
:100830000065666745464700303132333435363718
:10084000383941424344454600303132333435363D
:0C0850003738396162636465660000009F
:08085C00CCFCFE7F010000004E
:04086400E90000089F
:04086800C1000008C3
:10086C000024F40001000000040000000902430011
:10087C00020100C03209040000010202010005243B
:10088C0000100105240100010424020205240600C5
:10089C00010705820308001009040100020A000088
:1008AC00000705010240000007058102400000001E
:1008BC00BF6D00085D6D0008696C00080000000049
:1008CC00B96A0008ED6B0008B16B0008000000006D
:1008DC000000000000000000616B0008096B0008BC
:1008EC00596B0008FD6A00080A060002000000406F
:1008FC00010000001A0300000000000000000000CE
:10090C0000000000000000000000000000000000DB
:10091C000403090412010002020200408304405740
:10092C000002010203010000C96F0008D56F000826
:10093C00517000086D70000809700008897000087B
:10094C00A57000080000000005710008C1700008C7
:10095C00C5700008D5700008C97000080000803F01
:10096C00040100200000000038440020A0440020B6
:10097C0008450020000000000000000000000000FE
:10098C00000000000000000000000000000000005B
:10099C00000000000000000000000000000000004B
:1009AC00000000000000000000000000000000003B
:1009BC0080220C4B30B55C69D20222435A61EFF3B2
:1009CC00108272B64C1CFF34401A0D68455004312D
:1009DC008C42FAD1C021890218690842FCD182F3F9
:0809EC00108830BD002002401C
:04000005080082E984
:00000001FF
